item_number,item_id,topic,tier_code,tier_label,session_primary,session_name,session_all,theme_code,theme_label,exam_block,lab_block,extra_topic,source_note,news_outlet,news_date,news_sourced,news_url,n_options,correct_position,correct_option_text,stem_chars,key_chars,mean_distractor_chars,key_length_advantage,numeric_item,item_text_full,n_responses
1,IVDV-01,Variables and design,authored,Written to the LD 810 lecture slides,2,Variables and the Shape of Data,2,,,exam1,lab1,,,,,,,4,2,Number of roleplaying sessions attended,181,39,27.3,11.7,0,Q: A chaplain wants to know whether the number of tabletop roleplaying sessions a soldier takes part in affects scores on a moral reasoning inventory. What is the independent variable?  ||  A) Score on the moral reasoning inventory  |  B) Number of roleplaying sessions attended [X]  |  C) The soldier's unit  |  D) The length of each session,8
2,IVDV-02,Variables and design,authored,Written to the LD 810 lecture slides,2,Variables and the Shape of Data,2,,,exam1,lab1,,,,,,,4,2,Score on the moral reasoning inventory,167,38,30.7,7.3,0,Q: A chaplain studies whether the number of tabletop roleplaying sessions a soldier attends affects scores on a moral reasoning inventory. What is the dependent variable?  ||  A) Number of sessions attended  |  B) Score on the moral reasoning inventory [X]  |  C) The type of game played  |  D) Whether a chaplain facilitated the session,6
3,IVDV-03,Variables and design,authored,Written to the LD 810 lecture slides,2,Variables and the Shape of Data,2,,,exam1,lab1,,,,,,,4,3,Days to process a transcript request,180,36,34.3,1.7,0,Q: A university replaces its student information system and tracks the average number of days to process a transcript request before and after go-live. What is the dependent variable?  ||  A) The system that was replaced  |  B) Whether the new system had been installed  |  C) Days to process a transcript request [X]  |  D) The size of the registrar's office,7
4,IVDV-04,Variables and design,authored,Written to the LD 810 lecture slides,2,Variables and the Shape of Data,2,,,exam1,lab1,,,,,,,4,2,Whether the request came before or after go-live,182,48,31.0,17.0,0,Q: A university replaces its student information system and tracks the average number of days to process a transcript request before and after go-live. What is the independent variable?  ||  A) Days to process a request  |  B) Whether the request came before or after go-live [X]  |  C) The number of registrar staff  |  D) Student satisfaction with the registrar,5
5,IVDV-05,Variables and design,authored,Written to the LD 810 lecture slides,2,Variables and the Shape of Data,2,,,exam1,lab1,,,,,,,4,2,"Both are measured variables; support can be treated as a predictor, but no causal claim follows",178,95,64.7,30.3,0,"Q: A program manager finds that clinical staff reporting higher supervisor support also report lower burnout. Neither variable was manipulated. Which description is most defensible?  ||  A) Support is the IV and burnout the DV, so the design supports a causal claim  |  B) Both are measured variables; support can be treated as a predictor, but no causal claim follows [X]  |  C) Burnout is the independent variable because it was measured first  |  D) Neither variable can be analyzed without an experiment",5
6,IVDV-06,Variables and design,authored,Written to the LD 810 lecture slides,2,Variables and the Shape of Data,2,,,exam1,lab1,,,,,,,4,2,Number of failed plumbing inspections,180,37,37.0,0.0,0,Q: A state code council compares the number of failed plumbing inspections in jurisdictions that adopted a new code against jurisdictions that did not. What is the dependent variable?  ||  A) Whether the jurisdiction adopted the new code  |  B) Number of failed plumbing inspections [X]  |  C) The council that wrote the code  |  D) The population of each jurisdiction,21
7,IVDV-07,Variables and design,authored,Written to the LD 810 lecture slides,2,Variables and the Shape of Data,2,,,exam1,lab1,,,,,,,4,3,Attendance is the independent variable and agility score is the dependent variable,156,82,34.7,47.3,0,Q: A researcher measures whether attending leadership training (attended / did not attend) changes scores on an organizational agility scale. Which is correct?  ||  A) Attendance is the dependent variable  |  B) Agility score is the independent variable  |  C) Attendance is the independent variable and agility score is the dependent variable [X]  |  D) Neither variable has levels,7
8,IVDV-08,Variables and design,authored,Written to the LD 810 lecture slides,2,Variables and the Shape of Data,2,,,exam1,lab1,,,,,,,4,2,Academic year,128,13,20.0,-7.0,0,Q: A campus clinic director compares vaccine exemption request rates across three academic years. What is the independent variable?  ||  A) The exemption request rate  |  B) Academic year [X]  |  C) The clinic  |  D) Total student enrollment,8
9,IVDV-09,Variables and design,authored,Written to the LD 810 lecture slides,2,Variables and the Shape of Data,2,,,exam1,lab1,,,,,,,4,2,Self-selection: students who opt in may differ in motivation before they ever use the portal,167,92,29.7,62.3,0,"Q: Students who use a new advising portal show higher retention, but students chose whether to use it. What is the central threat to the conclusion that the portal works?  ||  A) Retention was measured incorrectly  |  B) Self-selection: students who opt in may differ in motivation before they ever use the portal [X]  |  C) The sample is too small  |  D) Retention is an ordinal variable",3
10,IVDV-10,Variables and design,authored,Written to the LD 810 lecture slides,2,Variables and the Shape of Data,2,,,exam1,lab1,,,,,,,4,2,Controlled variable,117,19,15.0,4.0,0,"Q: In an experiment, a variable the researcher deliberately holds constant so it cannot explain the outcome is called a:  ||  A) Dependent variable  |  B) Controlled variable [X]  |  C) Moderator  |  D) Criterion variable",8
11,IVDV-11,Variables and design,authored,Written to the LD 810 lecture slides,2,Variables and the Shape of Data,2,,,exam1,lab1,,,,,,,4,2,The supervisor's rating of practice,146,35,28.3,6.7,0,Q: A researcher asks whether hours of professional development predict a supervisor's rating of a teacher's practice. What is the criterion variable?  ||  A) Hours of professional development  |  B) The supervisor's rating of practice [X]  |  C) The school district  |  D) The teacher's years of experience,5
12,IVDV-12,Variables and design,authored,Written to the LD 810 lecture slides,2,Variables and the Shape of Data,2,,,exam1,lab1,,,,,,,4,2,The study is correlational rather than experimental,92,51,25.0,26.0,0,Q: The terms predictor and criterion are usually preferred over independent and dependent when:  ||  A) The sample is large  |  B) The study is correlational rather than experimental [X]  |  C) The outcome is categorical  |  D) There are more than two groups,6
13,IVDV-13,Variables and design,authored,Written to the LD 810 lecture slides,2,Variables and the Shape of Data,2,,,exam1,lab1,,,,,,,4,3,Moderator,172,9,11.3,-2.3,0,Q: A researcher suspects the relationship between caseload and burnout is stronger for early-career providers than for late-career providers. Career stage is functioning as a:  ||  A) Dependent variable  |  B) Confound  |  C) Moderator [X]  |  D) Constant,22
14,IVDV-14,Variables and design,authored,Written to the LD 810 lecture slides,2,Variables and the Shape of Data,2,,,exam1,lab1,,,,,,,4,2,Two,149,3,3.7,-0.7,0,Q: A historian assembles census records to compare household structure across two regions and three decades. How many independent variables are in play?  ||  A) One  |  B) Two [X]  |  C) Three  |  D) Six,7
15,IVDV-15,Variables and design,authored,Written to the LD 810 lecture slides,2,Variables and the Shape of Data,2,,,exam1,lab1,,,,,,,4,2,What do chaplains believe about moral formation?,71,48,43.3,4.7,0,Q: Which research question has no clearly identifiable dependent variable?  ||  A) Does mentoring reduce first-year attrition?  |  B) What do chaplains believe about moral formation? [X]  |  C) Does caseload predict burnout score?  |  D) Do inspection failure rates differ by jurisdiction?,24
16,IVDV-16,Variables and design,authored,Written to the LD 810 lecture slides,2,Variables and the Shape of Data,2,,,exam1,lab1,,,,,,,4,2,Direction cannot be established from correlational data; low-turnover units may simply attract adaptive leaders,158,111,36.7,74.3,0,"Q: A report finds that units with more adaptive leaders had lower turnover, and concludes that adaptive leadership reduces turnover. The central problem is that:  ||  A) Turnover cannot be measured reliably  |  B) Direction cannot be established from correlational data; low-turnover units may simply attract adaptive leaders [X]  |  C) The independent variable has too many levels  |  D) Turnover is a nominal variable",5
17,IVDV-17,Variables and design,authored,Written to the LD 810 lecture slides,2,Variables and the Shape of Data,2,,,exam1,lab1,,,,,,,4,2,"Is descriptive rather than comparative, so no independent variable is required",123,78,39.3,38.7,0,"Q: A communications director wants to estimate what proportion of a region's residents do not use the internet. This question:  ||  A) Has one independent and one dependent variable  |  B) Is descriptive rather than comparative, so no independent variable is required [X]  |  C) Requires an experimental design  |  D) Cannot be answered with quantitative data",24
18,IVDV-18,Variables and design,authored,Written to the LD 810 lecture slides,2,Variables and the Shape of Data,2,,,exam1,lab1,,,,,,,4,2,The new curriculum and the existing curriculum,99,46,30.3,15.7,0,"Q: In a study of whether a new curriculum improves scores, the levels of the independent variable are:  ||  A) The scores students earn  |  B) The new curriculum and the existing curriculum [X]  |  C) The number of students in each group  |  D) The pre-test and the gain score",11
19,IVDV-19,Variables and design,authored,Written to the LD 810 lecture slides,2,Variables and the Shape of Data,2,,,exam1,lab1,,,,,,,4,2,Admission to the program already selects for higher-achieving students,102,70,48.7,21.3,0,Q: A dean claims the honors program causes higher GPAs. The strongest available counter-argument is that:  ||  A) GPA is an ordinal variable and cannot be averaged  |  B) Admission to the program already selects for higher-achieving students [X]  |  C) The honors program enrolls too few students  |  D) GPA is measured on different scales across departments,10
20,IVDV-20,Variables and design,authored,Written to the LD 810 lecture slides,2,Variables and the Shape of Data,2,,,exam1,lab1,,,,,,,4,2,Time of measurement,124,19,23.7,-4.7,0,"Q: A researcher measures the same group's stress scores in September, November, and February. What is the independent variable?  ||  A) The stress score  |  B) Time of measurement [X]  |  C) The group being studied  |  D) There is no independent variable",5
21,NOIR-01,Levels of measurement,authored,Written to the LD 810 lecture slides,2,Variables and the Shape of Data,2,,,exam1,lab1,,,,,,,4,1,Nominal,109,7,6.7,0.3,0,Q: A survey asks respondents which branch of service they served in. What level of measurement is this variable?  ||  A) Nominal [X]  |  B) Ordinal  |  C) Interval  |  D) Ratio,10
22,NOIR-02,Levels of measurement,authored,Written to the LD 810 lecture slides,2,Variables and the Shape of Data,2,,,exam1,lab1,,,,,,,4,2,Ordinal,99,7,6.7,0.3,0,Q: A chaplain ranks eight units from most to least cohesive. What level of measurement is the ranking?  ||  A) Nominal  |  B) Ordinal [X]  |  C) Interval  |  D) Ratio,4
23,NOIR-03,Levels of measurement,authored,Written to the LD 810 lecture slides,2,Variables and the Shape of Data,2,,,exam1,lab1,,,,,,,4,4,Ratio,97,5,7.3,-2.3,0,Q: The number of failed inspections recorded in a jurisdiction last year is measured at which level?  ||  A) Nominal  |  B) Ordinal  |  C) Interval  |  D) Ratio [X],6
24,NOIR-04,Levels of measurement,authored,Written to the LD 810 lecture slides,2,Variables and the Shape of Data,2,,,exam1,lab1,,,,,,,4,3,There is a meaningful zero representing absence of the quantity,73,63,35.7,27.3,0,Q: Which property distinguishes ratio measurement from interval measurement?  ||  A) Categories can be ordered  |  B) Intervals between adjacent values are equal  |  C) There is a meaningful zero representing absence of the quantity [X]  |  D) The number of possible values is finite,11
25,NOIR-05,Levels of measurement,authored,Written to the LD 810 lecture slides,2,Variables and the Shape of Data,2,,,exam1,lab1,,,,,,,4,3,Interval,96,8,6.3,1.7,0,Q: A provider records patient temperature in degrees Fahrenheit. What level of measurement is this?  ||  A) Nominal  |  B) Ordinal  |  C) Interval [X]  |  D) Ratio,10
26,NOIR-06,Levels of measurement,authored,Written to the LD 810 lecture slides,2,Variables and the Shape of Data,2,,,exam1,lab1,,,,,,,4,2,Ordinal,87,7,6.7,0.3,0,"Q: Military rank, ordered from Private through Sergeant Major, is measured at which level?  ||  A) Nominal  |  B) Ordinal [X]  |  C) Interval  |  D) Ratio",22
27,NOIR-07,Levels of measurement,authored,Written to the LD 810 lecture slides,2,Variables and the Shape of Data,2,,,exam1,lab1,,,,,,,4,3,Days absent in a semester,51,25,14.7,10.3,0,Q: Which of these can be averaged without controversy?  ||  A) Zip code  |  B) Military rank  |  C) Days absent in a semester [X]  |  D) Type of building permit,2
28,NOIR-08,Levels of measurement,authored,Written to the LD 810 lecture slides,2,Variables and the Shape of Data,2,,,exam1,lab1,,,,,,,4,2,Ordinal,130,7,6.7,0.3,0,"Q: A single survey item asks respondents to rate agreement from Strongly Disagree to Strongly Agree. Strictly speaking, that item is:  ||  A) Nominal  |  B) Ordinal [X]  |  C) Interval  |  D) Ratio",12
29,NOIR-09,Levels of measurement,authored,Written to the LD 810 lecture slides,2,Variables and the Shape of Data,2,,,exam1,lab1,,,,,,,4,2,"Summing several items yields a score with more values and more nearly equal spacing, and the practice is widely accepted",116,120,40.7,79.3,0,"Q: Why do researchers commonly treat a summed multi-item Likert scale as interval even though a single item is ordinal?  ||  A) Averaging repairs any measurement problem  |  B) Summing several items yields a score with more values and more nearly equal spacing, and the practice is widely accepted [X]  |  C) Statistical software requires interval data  |  D) Ordinal data cannot be analyzed at all",12
30,NOIR-10,Levels of measurement,authored,Written to the LD 810 lecture slides,2,Variables and the Shape of Data,2,,,exam1,lab1,,,,,,,4,1,Nominal,89,7,6.7,0.3,0,Q: A number assigned to each participant purely as an identifier is measured at which level?  ||  A) Nominal [X]  |  B) Ordinal  |  C) Interval  |  D) Ratio,5
31,NOIR-11,Levels of measurement,authored,Written to the LD 810 lecture slides,2,Variables and the Shape of Data,2,,,exam1,lab1,,,,,,,4,2,"It represents a true absence of the quantity, which is what makes the variable ratio",71,84,45.0,39.0,0,"Q: Which statement about the zero in 'zero failed inspections' is correct?  ||  A) It is arbitrary, in the way that zero degrees Fahrenheit is arbitrary  |  B) It represents a true absence of the quantity, which is what makes the variable ratio [X]  |  C) It cannot be included in calculations  |  D) It makes the variable ordinal",10
32,NOIR-12,Levels of measurement,authored,Written to the LD 810 lecture slides,2,Variables and the Shape of Data,2,,,exam1,lab1,,,,,,,4,2,"Is meaningless, because the numbers are labels rather than quantities",99,69,34.7,34.3,1,"Q: A researcher codes region as 1 = South, 2 = Midwest, 3 = West. Computing the mean of this variable:  ||  A) Returns the average region  |  B) Is meaningless, because the numbers are labels rather than quantities [X]  |  C) Is valid because the codes are numeric  |  D) Becomes valid with a large enough sample",6
33,NOIR-13,Levels of measurement,authored,Written to the LD 810 lecture slides,2,Variables and the Shape of Data,2,,,exam1,lab1,,,,,,,4,2,Ordinal,98,7,6.7,0.3,0,"Q: Highest degree earned, recorded as Bachelor's, Master's, or Doctorate, is measured at which level?  ||  A) Nominal  |  B) Ordinal [X]  |  C) Interval  |  D) Ratio",7
34,NOIR-14,Levels of measurement,authored,Written to the LD 810 lecture slides,2,Variables and the Shape of Data,2,,,exam1,lab1,,,,,,,4,3,Whether a permit was approved or denied,36,39,24.7,14.3,0,Q: Which of these variables is nominal?  ||  A) Years of service  |  B) Satisfaction rated 1 through 5  |  C) Whether a permit was approved or denied [X]  |  D) Days to process a transcript,9
35,NOIR-15,Levels of measurement,authored,Written to the LD 810 lecture slides,2,Variables and the Shape of Data,2,,,exam1,lab1,,,,,,,4,2,"It guides which analyses and charts the software offers, without preventing a bad choice",120,88,40.3,47.7,0,"Q: In SPSS, the Measure column in Variable View is set to Nominal, Ordinal, or Scale. Setting it correctly matters because:  ||  A) It changes the values stored in the file  |  B) It guides which analyses and charts the software offers, without preventing a bad choice [X]  |  C) The file will not save until it is set  |  D) It converts ordinal data into interval data",7
36,NOIR-16,Levels of measurement,authored,Written to the LD 810 lecture slides,2,Variables and the Shape of Data,2,,,exam1,lab1,,,,,,,4,4,Ratio,73,5,7.3,-2.3,0,"Q: Time to complete a task, measured in seconds, is measured at which level?  ||  A) Nominal  |  B) Ordinal  |  C) Interval  |  D) Ratio [X]",8
37,NOIR-17,Levels of measurement,authored,Written to the LD 810 lecture slides,2,Variables and the Shape of Data,2,,,exam1,lab1,,,,,,,4,1,Nominal,98,7,6.7,0.3,0,"Q: A gardener classifies plants as annual, biennial, or perennial. What level of measurement is this?  ||  A) Nominal [X]  |  B) Ordinal  |  C) Interval  |  D) Ratio",30
38,NOIR-18,Levels of measurement,authored,Written to the LD 810 lecture slides,2,Variables and the Shape of Data,2,,,exam1,lab1,,,,,,,4,3,A value of 20 represents twice as much as a value of 10,67,55,37.0,18.0,0,Q: Which claim is legitimate for ratio data but not for interval data?  ||  A) One value is larger than another  |  B) The gap from 10 to 20 equals the gap from 30 to 40  |  C) A value of 20 represents twice as much as a value of 10 [X]  |  D) Values can be placed in order,6
39,NOIR-19,Levels of measurement,authored,Written to the LD 810 lecture slides,2,Variables and the Shape of Data,2,,,exam1,lab1,,,,,,,4,2,"The mean assumes equal intervals, which ranks do not guarantee",79,62,37.3,24.7,0,"Q: A researcher reports a median rather than a mean for a ranked variable because:  ||  A) The median is always the more accurate statistic  |  B) The mean assumes equal intervals, which ranks do not guarantee [X]  |  C) Ordinal variables have no center  |  D) The median is simpler to compute",8
40,NOIR-20,Levels of measurement,authored,Written to the LD 810 lecture slides,2,Variables and the Shape of Data,2,,,exam1,lab1,,,,,,,4,3,Number of months deployed,61,25,32.0,-7.0,0,"Q: Which of these carries the most information about deployment?  ||  A) Whether a soldier deployed  |  B) Deployment length ranked as short, medium, or long  |  C) Number of months deployed [X]  |  D) Region of deployment",11
41,CHRT-01,Chart choice,authored,Written to the LD 810 lecture slides,2,Variables and the Shape of Data,2,,,exam1,lab1,,,,,,,4,2,Histogram,135,9,12.3,-3.3,0,Q: A registrar wants to show how days-to-process a transcript request is distributed across one year of requests. Which display fits best?  ||  A) Pie chart  |  B) Histogram [X]  |  C) Scatterplot  |  D) Stacked bar chart,10
42,CHRT-02,Chart choice,authored,Written to the LD 810 lecture slides,2,Variables and the Shape of Data,2,,,exam1,lab1,,,,,,,4,3,Scatterplot,106,11,14.0,-3.0,0,Q: A researcher wants to show whether caseload size and burnout score move together. Which display fits best?  ||  A) Histogram  |  B) Bar chart of group means  |  C) Scatterplot [X]  |  D) Pie chart,13
43,CHRT-03,Chart choice,authored,Written to the LD 810 lecture slides,2,Variables and the Shape of Data,2,,,exam1,lab1,,,,,,,4,1,Bar chart,88,9,13.3,-4.3,0,Q: A dean wants to compare mean satisfaction across four colleges. Which display fits best?  ||  A) Bar chart [X]  |  B) Histogram  |  C) Scatterplot  |  D) Line chart over time,5
44,CHRT-04,Chart choice,authored,Written to the LD 810 lecture slides,2,Variables and the Shape of Data,2,,,exam1,lab1,,,,,,,4,3,Bar chart of category shares,130,28,9.3,18.7,0,Q: A code official wants to show what share of permits fall into each of five mutually exclusive categories. Which display fits best?  ||  A) Histogram  |  B) Scatterplot  |  C) Bar chart of category shares [X]  |  D) Box plot,9
45,CHRT-05,Chart choice,authored,Written to the LD 810 lecture slides,2,Variables and the Shape of Data,2,,,exam1,lab1,,,,,,,4,2,Line chart,129,10,15.3,-5.3,0,Q: A clinic director wants to show the count of vaccine exemption requests in each of the last eight years. Which display fits best?  ||  A) Pie chart  |  B) Line chart [X]  |  C) Scatterplot of two variables  |  D) Histogram,14
46,CHRT-06,Chart choice,authored,Written to the LD 810 lecture slides,2,Variables and the Shape of Data,2,,,exam1,lab1,,,,,,,4,2,A truncated axis makes a small difference look large,124,52,33.3,18.7,1,Q: A chart compares satisfaction of 3.35 against 3.45 with the vertical axis running from 3.30 to 3.50. The central problem is:  ||  A) The wrong chart type was chosen  |  B) A truncated axis makes a small difference look large [X]  |  C) Too few colors were used  |  D) The variable is ordinal and cannot be charted,9
47,CHRT-07,Chart choice,authored,Written to the LD 810 lecture slides,2,Variables and the Shape of Data,2,,,exam1,lab1,,,,,,,4,2,Side-by-side box plots,142,22,24.7,-2.7,0,Q: A researcher wants to compare the spread and the median of inspection times across three jurisdictions in one figure. Which display fits best?  ||  A) Pie chart for each jurisdiction  |  B) Side-by-side box plots [X]  |  C) One histogram combining all three  |  D) Line chart,6
48,CHRT-08,Chart choice,authored,Written to the LD 810 lecture slides,2,Variables and the Shape of Data,2,,,exam1,lab1,,,,,,,4,2,"The distribution is bimodal, and a single mean may describe almost nobody",101,73,25.7,47.3,0,"Q: A histogram of satisfaction scores shows two clearly separated peaks. The most defensible reading is:  ||  A) The data must contain errors  |  B) The distribution is bimodal, and a single mean may describe almost nobody [X]  |  C) The bin width is too small  |  D) The variable is nominal",7
49,CHRT-09,Chart choice,authored,Written to the LD 810 lecture slides,2,Variables and the Shape of Data,2,,,exam1,lab1,,,,,,,4,2,"Can change the apparent shape of the distribution, which makes it an editorial choice",38,85,39.0,46.0,0,"Q: Changing the bin width of a histogram:  ||  A) Changes the underlying data  |  B) Can change the apparent shape of the distribution, which makes it an editorial choice [X]  |  C) Has no effect on how the distribution reads  |  D) Is fixed by the software and cannot be adjusted",6
50,CHRT-10,Chart choice,authored,Written to the LD 810 lecture slides,2,Variables and the Shape of Data,2,,,exam1,lab1,,,,,,,4,2,Angle comparisons become unreliable and small slices are indistinguishable,65,74,38.0,36.0,0,Q: Why is a pie chart a poor choice for comparing eleven categories?  ||  A) Pie charts cannot display more than five values  |  B) Angle comparisons become unreliable and small slices are indistinguishable [X]  |  C) Pie charts require ratio-level data  |  D) Eleven colors cannot be rendered,21
51,CHRT-11,Chart choice,authored,Written to the LD 810 lecture slides,2,Variables and the Shape of Data,2,,,exam1,lab1,,,,,,,4,2,Chartjunk that lowers the data-ink ratio without adding information,120,67,34.0,33.0,0,"Q: A dashboard bar chart carries a three-dimensional effect, a gradient fill, and a drop shadow. This is best described as:  ||  A) Good practice, because it draws the reader's eye  |  B) Chartjunk that lowers the data-ink ratio without adding information [X]  |  C) A requirement for accessibility  |  D) A problem only in print",10
52,CHRT-12,Chart choice,authored,Written to the LD 810 lecture slides,2,Variables and the Shape of Data,2,,,exam1,lab1,,,,,,,4,2,Bar chart,78,9,10.0,-1.0,0,"Q: To display counts of personnel by branch of service, the appropriate chart is:  ||  A) Histogram  |  B) Bar chart [X]  |  C) Scatterplot  |  D) Line chart",9
53,CHRT-13,Chart choice,authored,Written to the LD 810 lecture slides,2,Variables and the Shape of Data,2,,,exam1,lab1,,,,,,,4,2,Histogram,60,9,19.0,-10.0,0,Q: Which display best reveals whether a distribution is skewed?  ||  A) Pie chart  |  B) Histogram [X]  |  C) Bar chart of category counts  |  D) Table of group means,6
54,CHRT-14,Chart choice,authored,Written to the LD 810 lecture slides,2,Variables and the Shape of Data,2,,,exam1,lab1,,,,,,,4,2,There is little or no linear relationship in this sample,139,56,33.7,22.3,0,Q: A scatterplot of household income against reading score shows points scattered with no discernible pattern. The most defensible reading is:  ||  A) There is a strong negative relationship  |  B) There is little or no linear relationship in this sample [X]  |  C) The data are miscoded  |  D) A pie chart would reveal the relationship,8
55,CHRT-15,Chart choice,authored,Written to the LD 810 lecture slides,2,Variables and the Shape of Data,2,,,exam1,lab1,,,,,,,4,2,Readers with common forms of color blindness cannot reliably tell them apart,75,76,31.0,45.0,0,Q: Distinguishing two data series by red and green alone is a problem because:  ||  A) It uses too much ink  |  B) Readers with common forms of color blindness cannot reliably tell them apart [X]  |  C) Red and green cannot be printed accurately  |  D) A legend then becomes mandatory,15
56,CHRT-16,Chart choice,authored,Written to the LD 810 lecture slides,2,Variables and the Shape of Data,2,,,exam1,lab1,,,,,,,4,2,An ordered sequence such as time,64,32,17.0,15.0,0,Q: A line chart is appropriate when the horizontal axis represents:  ||  A) Unordered categories  |  B) An ordered sequence such as time [X]  |  C) Any nominal variable  |  D) Group means,7
57,CHRT-17,Chart choice,authored,Written to the LD 810 lecture slides,2,Variables and the Shape of Data,2,,,exam1,lab1,,,,,,,4,2,It lets the reader judge whether the difference is large enough to act on,132,73,31.3,41.7,0,"Q: In a chart comparing two groups on one measure, the strongest argument for showing the full scale rather than a zoomed axis is that:  ||  A) It fills the available space better  |  B) It lets the reader judge whether the difference is large enough to act on [X]  |  C) APA style requires it  |  D) It reduces the number of colors needed",16
58,CHRT-18,Chart choice,authored,Written to the LD 810 lecture slides,2,Variables and the Shape of Data,2,,,exam1,lab1,,,,,,,4,3,Line chart with three points,95,28,22.3,5.7,0,Q: Which display best shows how one group's stress scores changed across three measurement points?  ||  A) Pie chart  |  B) Scatterplot of two variables  |  C) Line chart with three points [X]  |  D) Histogram of all scores pooled,10
59,CHRT-19,Chart choice,authored,Written to the LD 810 lecture slides,2,Variables and the Shape of Data,2,,,exam1,lab1,,,,,,,4,2,Composition within each category alongside the category totals,57,62,39.7,22.3,0,Q: A stacked bar chart is most useful when you want to show:  ||  A) The relationship between two continuous variables  |  B) Composition within each category alongside the category totals [X]  |  C) The shape of a single distribution  |  D) An exact mean and standard deviation,8
60,CHRT-20,Chart choice,authored,Written to the LD 810 lecture slides,2,Variables and the Shape of Data,2,,,exam1,lab1,,,,,,,4,2,"What claim the figure has to support, and at what level the variables are measured",56,82,39.3,42.7,0,"Q: Before choosing any chart, the first question to ask is:  ||  A) Which chart type looks most professional  |  B) What claim the figure has to support, and at what level the variables are measured [X]  |  C) How many colors the template allows  |  D) Whether the software offers that chart type",5
61,SOFT-01,Software and output,authored,Written to the LD 810 lecture slides,5,SPSS and JASP Orientation,5,,,none,none,,,,,,,4,2,"Define each variable's name, type, labels, and measure",36,54,24.3,29.7,0,"Q: In SPSS, Variable View is where you:  ||  A) Enter individual cases  |  B) Define each variable's name, type, labels, and measure [X]  |  C) Read the results of an analysis  |  D) Write and run syntax",1
62,SOFT-02,Software and output,authored,Written to the LD 810 lecture slides,5,SPSS and JASP Orientation,5,,,none,none,,,,,,,4,3,The Output Viewer,46,17,13.0,4.0,0,"Q: In SPSS, the results of an analysis appear in:  ||  A) Data View  |  B) Variable View  |  C) The Output Viewer [X]  |  D) The Chart Builder",1
65,SOFT-05,Software and output,authored,Written to the LD 810 lecture slides,5,SPSS and JASP Orientation,5,,,none,none,,,,,,,4,3,Choose the right analysis and say what the result means,81,55,16.0,39.0,0,Q: What is the single most important thing statistical software will not do for you?  ||  A) Arithmetic  |  B) Produce formatted tables  |  C) Choose the right analysis and say what the result means [X]  |  D) Save your work,1
66,SOFT-06,Software and output,authored,Written to the LD 810 lecture slides,5,SPSS and JASP Orientation,5,,,none,none,,,,,,,4,2,"It leaves a record of exactly what you did, which makes the analysis reproducible",67,81,30.7,50.3,0,"Q: SPSS syntax is worth learning even if you prefer the menus because:  ||  A) Menus and syntax produce different results  |  B) It leaves a record of exactly what you did, which makes the analysis reproducible [X]  |  C) Typing is faster than clicking  |  D) JASP requires syntax",1
67,SOFT-07,Software and output,authored,Written to the LD 810 lecture slides,5,SPSS and JASP Orientation,5,,,none,none,,,,,,,4,3,30 days,29,7,6.7,0.3,0,Q: The SPSS free trial runs for:  ||  A) 7 days  |  B) 14 days  |  C) 30 days [X]  |  D) 90 days,1
68,SOFT-08,Software and output,authored,Written to the LD 810 lecture slides,5,SPSS and JASP Orientation,5,,,none,none,,,,,,,4,2,Activating it so the 30-day window covers the lab you plan to do in SPSS,76,72,42.3,29.7,0,Q: You intend to complete one lab entirely in SPSS. The trial clock argues for:  ||  A) Activating the trial the day you first hear about it  |  B) Activating it so the 30-day window covers the lab you plan to do in SPSS [X]  |  C) Never activating it at all  |  D) Activating it and letting it lapse before the lab,2
69,SOFT-09,Software and output,authored,Written to the LD 810 lecture slides,5,SPSS and JASP Orientation,5,,,none,none,,,,,,,4,2,Is free indefinitely and produces APA-formatted tables,59,54,37.0,17.0,0,Q: JASP's main practical advantage for this course is that it:  ||  A) Offers more procedures than SPSS  |  B) Is free indefinitely and produces APA-formatted tables [X]  |  C) Is the tool used in most published literature  |  D) Cannot produce an incorrect result,1
70,SOFT-10,Software and output,authored,Written to the LD 810 lecture slides,5,SPSS and JASP Orientation,5,,,none,none,,,,,,,4,3,Complete at least one lab entirely in SPSS and at least one entirely in JASP,63,76,21.3,54.7,0,"Q: Under this course's tool policy, across the four labs you must:  ||  A) Use SPSS for all four  |  B) Use JASP for all four  |  C) Complete at least one lab entirely in SPSS and at least one entirely in JASP [X]  |  D) Use Excel for all four",1
71,SOFT-11,Software and output,authored,Written to the LD 810 lecture slides,5,SPSS and JASP Orientation,5,,,none,none,,,,,,,4,2,"The same values, because both compute the same statistic",87,56,39.3,16.7,0,"Q: Running descriptive statistics on the same variable in SPSS and in JASP should produce:  ||  A) Slightly different means, because the algorithms differ  |  B) The same values, because both compute the same statistic [X]  |  C) Results that cannot be meaningfully compared  |  D) Output in SPSS only",2
72,SOFT-12,Software and output,authored,Written to the LD 810 lecture slides,5,SPSS and JASP Orientation,5,,,none,none,,,,,,,4,3,Allow you to run analyses that are inappropriate for that variable,89,66,32.3,33.7,0,Q: Setting a variable's Measure to Scale in SPSS when the variable is actually nominal will:  ||  A) Prevent the file from opening  |  B) Alter the stored data values  |  C) Allow you to run analyses that are inappropriate for that variable [X]  |  D) Correct itself when you run the analysis,3
73,SOFT-13,Software and output,authored,Written to the LD 810 lecture slides,5,SPSS and JASP Orientation,5,,,none,none,,,,,,,4,2,"In an appendix, with the body carrying prose, APA tables, and figures",62,69,24.3,44.7,0,"Q: In a lab write-up for this course, statistical output belongs:  ||  A) Pasted directly into the body of the memo  |  B) In an appendix, with the body carrying prose, APA tables, and figures [X]  |  C) Omitted entirely  |  D) In the file name",1
75,RELY-01,Reliability,authored,Written to the LD 810 lecture slides,4,Reliability and Validity,4,,,exam1,lab1,,,,,,,4,2,Produces consistent results,40,27,42.3,-15.3,0,Q: Reliability refers to whether a measure:  ||  A) Captures the construct it claims to capture  |  B) Produces consistent results [X]  |  C) Was administered to a representative sample  |  D) Yields a statistically significant result,4
76,RELY-02,Reliability,authored,Written to the LD 810 lecture slides,4,Reliability and Validity,4,,,exam1,lab1,,,,,,,4,2,Reliable but not valid,87,22,22.0,0.0,0,Q: A bathroom scale that reads twelve pounds heavy every single time is best described as:  ||  A) Reliable and valid  |  B) Reliable but not valid [X]  |  C) Valid but not reliable  |  D) Neither reliable nor valid,6
77,RELY-03,Reliability,authored,Written to the LD 810 lecture slides,4,Reliability and Validity,4,,,exam1,lab1,,,,,,,4,2,"Unreliable, and therefore not dependable for any single measurement",107,67,28.3,38.7,0,"Q: A scale that gives a different reading every time you step on it, but averages out to your true weight, is:  ||  A) Reliable but not valid  |  B) Unreliable, and therefore not dependable for any single measurement [X]  |  C) Both reliable and valid  |  D) Acceptable, since the average is correct",11
78,RELY-04,Reliability,authored,Written to the LD 810 lecture slides,4,Reliability and Validity,4,,,exam1,lab1,,,,,,,4,2,Internal consistency among a set of items,27,41,23.0,18.0,0,Q: Cronbach's alpha estimates:  ||  A) Test-retest reliability  |  B) Internal consistency among a set of items [X]  |  C) Criterion validity  |  D) Agreement between two raters,15
79,RELY-05,Reliability,authored,Written to the LD 810 lecture slides,4,Reliability and Validity,4,,,exam1,lab1,,,,,,,4,3,.70,75,3,3.0,0.0,0,Q: The conventional minimum alpha usually cited for a research scale is about:  ||  A) .30  |  B) .50  |  C) .70 [X]  |  D) .95,7
80,RELY-06,Reliability,authored,Written to the LD 810 lecture slides,4,Reliability and Validity,4,,,exam1,lab1,,,,,,,4,2,"The items hang together respectably, and item-level statistics may point to improvements",81,88,27.7,60.3,1,"Q: A 15-item satisfaction scale returns alpha = .78. The most defensible reading is:  ||  A) The scale is not valid  |  B) The items hang together respectably, and item-level statistics may point to improvements [X]  |  C) The scale should be discarded  |  D) The construct has been confirmed",6
81,RELY-07,Reliability,authored,Written to the LD 810 lecture slides,4,Reliability and Validity,4,,,exam1,lab1,,,,,,,4,2,"The items may be near-duplicates, making the scale redundant rather than rich",70,77,31.0,46.0,1,"Q: An eight-item scale returns alpha = .96. A reasonable concern is that:  ||  A) Alpha cannot exceed .90  |  B) The items may be near-duplicates, making the scale redundant rather than rich [X]  |  C) The sample is too large  |  D) Reliability has now been proven beyond question",6
82,RELY-08,Reliability,authored,Written to the LD 810 lecture slides,4,Reliability and Validity,4,,,exam1,lab1,,,,,,,4,2,What the scale's alpha would become if that item were removed,45,61,38.3,22.7,0,Q: The 'alpha if item deleted' column tells you:  ||  A) Which item is invalid  |  B) What the scale's alpha would become if that item were removed [X]  |  C) Whether the item is statistically significant  |  D) How strongly the item correlates with the outcome,9
83,RELY-09,Reliability,authored,Written to the LD 810 lecture slides,4,Reliability and Validity,4,,,exam1,lab1,,,,,,,4,2,Is measuring something different from the rest of the scale,77,59,33.3,25.7,0,Q: An item shows a very low item-total correlation. This suggests that the item:  ||  A) Is the most important item on the scale  |  B) Is measuring something different from the rest of the scale [X]  |  C) Needs a larger sample to evaluate  |  D) Will raise alpha if retained,11
84,RELY-10,Reliability,authored,Written to the LD 810 lecture slides,4,Reliability and Validity,4,,,exam1,lab1,,,,,,,4,2,Administering the same measure to the same people at two time points and correlating the scores,39,95,41.3,53.7,0,Q: Test-retest reliability is assessed by:  ||  A) Correlating two halves of a single administration  |  B) Administering the same measure to the same people at two time points and correlating the scores [X]  |  C) Comparing scores assigned by two different raters  |  D) Computing Cronbach's alpha,12
85,RELY-11,Reliability,authored,Written to the LD 810 lecture slides,4,Reliability and Validity,4,,,exam1,lab1,,,,,,,4,2,Inter-rater reliability,121,23,23.0,0.0,0,Q: Two chaplains independently score the same set of written moral reasoning responses. The relevant form of reliability is:  ||  A) Internal consistency  |  B) Inter-rater reliability [X]  |  C) Test-retest reliability  |  D) Parallel forms reliability,13
86,RELY-12,Reliability,authored,Written to the LD 810 lecture slides,4,Reliability and Validity,4,,,exam1,lab1,,,,,,,4,2,Raises alpha,65,12,19.0,-7.0,0,Q: Adding more items that measure the same construct well generally:  ||  A) Lowers alpha  |  B) Raises alpha [X]  |  C) Leaves alpha unchanged  |  D) Makes the scale invalid,11
87,RELY-13,Reliability,authored,Written to the LD 810 lecture slides,4,Reliability and Validity,4,,,exam1,lab1,,,,,,,4,2,The portion of an observed score not attributable to the true score,39,67,40.0,27.0,0,Q: Measurement error is best described as:  ||  A) A mistake made by the researcher  |  B) The portion of an observed score not attributable to the true score [X]  |  C) A violation of the normality assumption  |  D) A problem present only in poorly designed studies,8
88,RELY-14,Reliability,authored,Written to the LD 810 lecture slides,4,Reliability and Validity,4,,,exam1,lab1,,,,,,,4,2,Consistency says nothing about whether the right thing is being measured,55,72,43.0,29.0,0,"Q: Why can a measure be highly reliable and still useless?  ||  A) Reliability guarantees validity, so it cannot be  |  B) Consistency says nothing about whether the right thing is being measured [X]  |  C) Reliable measures are always biased  |  D) Alpha cannot be computed for a useless measure",7
89,VLDY-01,Validity,authored,Written to the LD 810 lecture slides,4,Reliability and Validity,4,,,exam1,lab1,,,,,,,4,2,Captures the construct it claims to measure,37,43,28.3,14.7,0,Q: Validity refers to whether a measure:  ||  A) Produces consistent results  |  B) Captures the construct it claims to measure [X]  |  C) Was given to a large enough sample  |  D) Produces a small p-value,9
90,VLDY-02,Validity,authored,Written to the LD 810 lecture slides,4,Reliability and Validity,4,,,exam1,lab1,,,,,,,4,1,Face validity,121,13,19.7,-6.7,0,Q: Reading through a burnout questionnaire and judging whether the items look like they concern burnout is an assessment of:  ||  A) Face validity [X]  |  B) Criterion validity  |  C) Construct validity  |  D) Test-retest reliability,15
91,VLDY-03,Validity,authored,Written to the LD 810 lecture slides,4,Reliability and Validity,4,,,exam1,lab1,,,,,,,4,1,The items cover the full domain the construct is supposed to include,34,68,21.3,46.7,0,Q: Content validity concerns whether:  ||  A) The items cover the full domain the construct is supposed to include [X]  |  B) Scores predict a future outcome  |  C) Two raters agree  |  D) Alpha exceeds .70,5
92,VLDY-04,Validity,authored,Written to the LD 810 lecture slides,4,Reliability and Validity,4,,,exam1,lab1,,,,,,,4,2,Concurrent validity,126,19,17.3,1.7,0,Q: A new leadership scale correlates strongly with an established leadership measure given at the same time. This is evidence of:  ||  A) Predictive validity  |  B) Concurrent validity [X]  |  C) Face validity  |  D) Internal consistency,6
93,VLDY-05,Validity,authored,Written to the LD 810 lecture slides,4,Reliability and Validity,4,,,exam1,lab1,,,,,,,4,2,Predictive validity,103,19,17.3,1.7,0,Q: An admissions test is defended on the grounds that scores forecast first-year GPA. This is evidence of:  ||  A) Content validity  |  B) Predictive validity [X]  |  C) Face validity  |  D) Inter-rater reliability,9
94,VLDY-06,Validity,authored,Written to the LD 810 lecture slides,4,Reliability and Validity,4,,,exam1,lab1,,,,,,,4,2,"The construct is not directly observable, so evidence accumulates rather than settling the question",60,99,29.7,69.3,0,"Q: Construct validity is the hardest form to establish because:  ||  A) It requires a very large sample  |  B) The construct is not directly observable, so evidence accumulates rather than settling the question [X]  |  C) It requires at least two raters  |  D) No software will compute it",3
95,VLDY-07,Validity,authored,Written to the LD 810 lecture slides,4,Reliability and Validity,4,,,exam1,lab1,,,,,,,4,2,Content validity,122,16,16.7,-0.7,0,Q: A satisfaction survey whose items all look plausible but which ignores half of what satisfaction means has a problem with:  ||  A) Reliability  |  B) Content validity [X]  |  C) Concurrent validity  |  D) Level of measurement,8
96,VLDY-08,Validity,authored,Written to the LD 810 lecture slides,4,Reliability and Validity,4,,,exam1,lab1,,,,,,,4,1,A valid measure must also be reliable,83,37,40.0,-3.0,0,Q: Which statement about the relationship between reliability and validity is correct?  ||  A) A valid measure must also be reliable [X]  |  B) A reliable measure must also be valid  |  C) Validity and reliability are the same property  |  D) Neither property depends on the other,13
97,VLDY-09,Validity,authored,Written to the LD 810 lecture slides,4,Reliability and Validity,4,,,exam1,lab1,,,,,,,4,2,One self-report item cannot cover the construct and invites bias,133,64,29.7,34.3,0,Q: A study uses the single item 'Are you a good leader?' as its only measure of leadership effectiveness. The clearest weakness is that:  ||  A) The item is too long  |  B) One self-report item cannot cover the construct and invites bias [X]  |  C) It offers too many response options  |  D) It cannot be entered into software,10
98,VLDY-10,Validity,authored,Written to the LD 810 lecture slides,4,Reliability and Validity,4,,,exam1,lab1,,,,,,,4,2,Content validity,130,16,12.3,3.7,0,Q: A course exam is criticized for testing recall of formulas when the stated objective is interpreting output. This is a failure of:  ||  A) Reliability  |  B) Content validity [X]  |  C) Criterion validity  |  D) Sampling,7
99,VLDY-11,Validity,authored,Written to the LD 810 lecture slides,4,Reliability and Validity,4,,,exam1,lab1,,,,,,,4,2,Whether the measure is reliable and whether it measures the intended construct,73,78,30.0,48.0,0,"Q: Before running any analysis on a scale, the question that comes first is:  ||  A) Which statistical test is appropriate  |  B) Whether the measure is reliable and whether it measures the intended construct [X]  |  C) What the p-value is likely to be  |  D) Which software to use",10
100,VLDY-12,Validity,authored,Written to the LD 810 lecture slides,4,Reliability and Validity,4,,,exam1,lab1,,,,,,,4,2,A single behavioral count is a narrow proxy for a broad construct,121,65,28.0,37.0,0,Q: A district measures 'school climate' using only the number of disciplinary referrals. The most serious objection is that:  ||  A) Referrals cannot be counted accurately  |  B) A single behavioral count is a narrow proxy for a broad construct [X]  |  C) The variable is ordinal  |  D) The sample is too small,8
101,Cronbachs_AlphaA_test_has_a_Cronbach_s_a,Applied,exam,Used on a Fall 2025 quiz or exam,4,Reliability and Validity,4,,,exam1,lab1,,Used on an LD 810 quiz or exam in Fall 2025,,,,,4,1,Strong internal consistency,67,27,25.3,1.7,1,Q: A test has a Cronbach's alpha of 0.85. This indicates the test has:  ||  A) Strong internal consistency [X]  |  B) Poor internal consistency  |  C) Perfect internal consistency  |  D) No internal consistency,12
102,design,Applied,exam,Used on a Fall 2025 quiz or exam,2,Variables and the Shape of Data,2,,,exam1,lab1,,Used on an LD 810 quiz or exam in Fall 2025,,,,,4,3,Correlational research,162,22,21.0,1.0,0,Q: A researcher wants to examine whether current employee satisfaction scores can predict future turnover rates. This is an example of which type of research design?  ||  A) Descriptive research  |  B) Experimental research  |  C) Correlational research [X]  |  D) Meta-analytic research,7
103,Median,Applied,exam,Used on a Fall 2025 quiz or exam,3,"Center, Spread and a First Analysis",3,,,exam1,lab1,,Used on an LD 810 quiz or exam in Fall 2025,,,,,4,1,18,64,2,9.7,-7.7,1,"Q: For the data set: 8, 12, 15, 18, 20, 24, 30. What is the median?  ||  A) 18 [X]  |  B) 16.5  |  C) 17  |  D) There is no true median",8
104,Q24_Coefficient_Determination,Effect size,exam,Used on a Fall 2025 quiz or exam,9,Which Test · t-Tests,9|10,,,exam2,lab3,,Used on an LD 810 quiz or exam in Fall 2025,,,,,4,2,the proportion of variance in one variable explained by another,56,63,28.3,34.7,0,Q: The coefficient of determination (r²) represents ______.  ||  A) the strength of the correlation  |  B) the proportion of variance in one variable explained by another [X]  |  C) the regression slope  |  D) the standard error of the estimate,8
105,Q27_t_test_IV_Type,t-tests,exam,Used on a Fall 2025 quiz or exam,9,Which Test · t-Tests,9,,,exam2,lab3,,Used on an LD 810 quiz or exam in Fall 2025,,,,,4,2,categorical,52,11,15.7,-4.7,0,Q: The independent variable in a t-test must be ______.  ||  A) continuous  |  B) categorical [X]  |  C) normally distributed  |  D) interval or ratio,24
106,Q28_p_value_048,Inference,exam,Used on a Fall 2025 quiz or exam,8,Hypothesis Testing and Sampling Error,8,,,exam2,lab3,,Used on an LD 810 quiz or exam in Fall 2025,,,,,2,2,reject the null hypothesis,66,26,34.0,-8.0,1,"Q: If the p-value is .048 and alpha is set at .05, you should ______.  ||  A) fail to reject the null hypothesis  |  B) reject the null hypothesis [X]",6
107,Q29_Independent_vs_Paired,t-tests,exam,Used on a Fall 2025 quiz or exam,9,Which Test · t-Tests,9,,,exam2,lab3,,Used on an LD 810 quiz or exam in Fall 2025,,,,,4,2,whether the same participants are measured twice,69,48,31.0,17.0,0,Q: The main difference between independent and paired t-tests is ______.  ||  A) the number of groups being compared  |  B) whether the same participants are measured twice [X]  |  C) the type of data being analyzed  |  D) the significance level used,9
108,Q30_Regression_Intercept,Regression,exam,Used on a Fall 2025 quiz or exam,11,Correlation and Regression,11|12,,,exam2,lab4,,Used on an LD 810 quiz or exam in Fall 2025,,,,,4,2,the predicted value of Y when X equals zero,61,43,23.7,19.3,0,"Q: In regression analysis, the intercept (b₀) represents ______.  ||  A) the slope of the line  |  B) the predicted value of Y when X equals zero [X]  |  C) the strength of the relationship  |  D) the standard error",8
109,Q31_Negative_Correlation,Correlation,exam,Used on a Fall 2025 quiz or exam,11,Correlation and Regression,11,,,exam2,lab4,,Used on an LD 810 quiz or exam in Fall 2025,,,,,4,2,"as one variable increases, the other decreases",41,46,42.3,3.7,0,"Q: A negative correlation means that ______.  ||  A) there is no relationship between variables  |  B) as one variable increases, the other decreases [X]  |  C) the relationship is not statistically significant  |  D) the data is not normally distributed",13
110,Q32_Statistical_Power,Inference,exam,Used on a Fall 2025 quiz or exam,8,Hypothesis Testing and Sampling Error,8,,,exam2,lab3,,Used on an LD 810 quiz or exam in Fall 2025,,,,,4,2,the probability of correctly rejecting a false null hypothesis,35,62,41.0,21.0,0,Q: Statistical power refers to ______.  ||  A) the probability of rejecting a true null hypothesis  |  B) the probability of correctly rejecting a false null hypothesis [X]  |  C) the strength of the relationship between variables  |  D) the size of the sample,7
111,Q33_NOT_t_test_Assumption,Assumptions and diagnostics,exam,Used on a Fall 2025 quiz or exam,12,Multiple Regression and Diagnostics,12,,,exam2,lab4,,Used on an LD 810 quiz or exam in Fall 2025,,,,,4,4,Equal sample sizes,78,18,28.3,-10.3,0,Q: Which of the following is NOT an assumption of the independent samples t-test?  ||  A) Normal distribution of data  |  B) Equal variances between groups  |  C) Independence of observations  |  D) Equal sample sizes [X],13
112,Q35_Pearson_Correlation,Correlation,exam,Used on a Fall 2025 quiz or exam,11,Correlation and Regression,11,,,exam2,lab4,,Used on an LD 810 quiz or exam in Fall 2025,,,,,4,1,-1 to +1,59,8,7.3,0.7,0,Q: The Pearson correlation coefficient (r) ranges from ______.  ||  A) -1 to +1 [X]  |  B) 0 to 1  |  C) -∞ to +∞  |  D) 0 to 100,13
113,Q37_Regression_Prediction,Regression,exam,Used on a Fall 2025 quiz or exam,11,Correlation and Regression,11|12,,,exam2,lab4,,Used on an LD 810 quiz or exam in Fall 2025,,,,,4,1,increases,80,9,14.3,-5.3,0,"Q: In simple linear regression, if the slope is positive, as X increases, Y ______.  ||  A) increases [X]  |  B) decreases  |  C) stays the same  |  D) cannot be determined",14
114,Q38_Standard_Error,Inference,exam,Used on a Fall 2025 quiz or exam,8,Hypothesis Testing and Sampling Error,8,,,exam2,lab3,,Used on an LD 810 quiz or exam in Fall 2025,,,,,4,1,decreases,63,9,10.0,-1.0,0,Q: The standard error of the mean ______ as sample size increases.  ||  A) decreases [X]  |  B) increases  |  C) stays the same  |  D) doubles,16
115,Q40_One_Tailed_Test,Inference,exam,Used on a Fall 2025 quiz or exam,8,Hypothesis Testing and Sampling Error,8,,,exam2,lab3,,Used on an LD 810 quiz or exam in Fall 2025,,,,,4,2,you have a specific directional hypothesis,38,42,29.7,12.3,0,Q: A one-tailed test is used when ______.  ||  A) you have no hypothesis about direction  |  B) you have a specific directional hypothesis [X]  |  C) the data is not normal  |  D) you have more than two groups,4
116,Q46_Statistical_vs_Practical,Applied,exam,Used on a Fall 2025 quiz or exam,8,Hypothesis Testing and Sampling Error,8,,,exam2,lab3,,Used on an LD 810 quiz or exam in Fall 2025,,,,,4,2,the effect size is very small,86,29,24.3,4.7,0,Q: A result can be statistically significant but not practically significant when ______.  ||  A) the p-value is too high  |  B) the effect size is very small [X]  |  C) the sample size is too small  |  D) the data is not normal,5
117,Q47_Correlation_Causation,Correlation,exam,Used on a Fall 2025 quiz or exam,11,Correlation and Regression,11,,,exam2,lab4,,Used on an LD 810 quiz or exam in Fall 2025,,,,,4,2,Correlation does not necessarily imply causation,59,48,40.0,8.0,0,Q: Which statement is correct about correlation and causation?  ||  A) Correlation always implies causation  |  B) Correlation does not necessarily imply causation [X]  |  C) Causation is not needed for correlation  |  D) Strong correlations always indicate causation,14
118,Q48_Scatterplot_Interpretation,Correlation,exam,Used on a Fall 2025 quiz or exam,11,Correlation and Regression,11,,,exam2,lab4,,Used on an LD 810 quiz or exam in Fall 2025,,,,,4,2,a strong relationship,104,21,19.7,1.3,0,"Q: In a scatterplot, if the points are tightly clustered around the regression line, this indicates ______.  ||  A) a weak relationship  |  B) a strong relationship [X]  |  C) no relationship  |  D) a non-linear relationship",17
119,Q49_Outliers_Effect,Correlation,exam,Used on a Fall 2025 quiz or exam,11,Correlation and Regression,11,,,exam2,lab4,,Used on an LD 810 quiz or exam in Fall 2025,,,,,4,4,can substantially influence both slope and intercept,39,52,23.7,28.3,0,Q: Outliers in regression analysis ______.  ||  A) have no effect on results  |  B) only affect the intercept  |  C) only affect the slope  |  D) can substantially influence both slope and intercept [X],12
120,Q51_Multiple_Regression_Advantage,Regression,exam,Used on a Fall 2025 quiz or exam,11,Correlation and Regression,11|12,,,exam2,lab4,,Used on an LD 810 quiz or exam in Fall 2025,,,,,4,3,it can account for multiple predictors simultaneously,75,53,30.7,22.3,0,Q: The main advantage of multiple regression over simple regression is ______.  ||  A) it is easier to calculate  |  B) it requires fewer assumptions  |  C) it can account for multiple predictors simultaneously [X]  |  D) it always produces significant results,31
121,Q54_ANOVA_Purpose,ANOVA,exam,Used on a Fall 2025 quiz or exam,10,ANOVA and Post-Hoc Comparisons,10,,,exam2,lab3,,Used on an LD 810 quiz or exam in Fall 2025,,,,,4,2,compare three or more groups simultaneously,42,43,24.3,18.7,0,Q: The primary purpose of ANOVA is to ______.  ||  A) describe a single variable  |  B) compare three or more groups simultaneously [X]  |  C) test for correlation  |  D) predict continuous outcomes,5
122,Q59_Assumption_Violation,Assumptions and diagnostics,exam,Used on a Fall 2025 quiz or exam,12,Multiple Regression and Diagnostics,12,,,exam2,lab4,,Used on an LD 810 quiz or exam in Fall 2025,,,,,4,3,using a non-parametric test or transforming the data,71,52,21.3,30.7,0,"Q: If the assumption of normality is violated, you should consider ______.  ||  A) ignoring the problem  |  B) increasing alpha level  |  C) using a non-parametric test or transforming the data [X]  |  D) decreasing sample size",12
123,Q60_Dummy_Coding_Categories,Regression,exam,Used on a Fall 2025 quiz or exam,11,Correlation and Regression,11|12,,,exam2,lab4,,Used on an LD 810 quiz or exam in Fall 2025,,,,,4,4,4,78,1,1.0,0.0,1,"Q: For a categorical variable with 5 categories, you need ______ dummy variables.  ||  A) 5  |  B) 6  |  C) 3  |  D) 4 [X]",12
124,Q61_R_Squared_Interpretation,Effect size,exam,Used on a Fall 2025 quiz or exam,9,Which Test · t-Tests,9|10,,,exam2,lab3,,Used on an LD 810 quiz or exam in Fall 2025,,,,,4,2,45% of variance in Y is explained by the predictors,55,51,29.0,22.0,1,Q: An R² of 0.45 in multiple regression means that ______.  ||  A) 45% of Y values are predicted correctly  |  B) 45% of variance in Y is explained by the predictors [X]  |  C) the correlation is 0.45  |  D) the model is 45% accurate,7
125,Q64_Sample_Size_Power,Inference,exam,Used on a Fall 2025 quiz or exam,8,Hypothesis Testing and Sampling Error,8,,,exam2,lab3,,Used on an LD 810 quiz or exam in Fall 2025,,,,,4,1,increases,58,9,15.7,-6.7,0,Q: Increasing sample size generally ______ statistical power.  ||  A) increases [X]  |  B) decreases  |  C) does not affect  |  D) eliminates the need for,8
126,Q68_Test_Selection_Predict_Salary,Test selection,exam,Used on a Fall 2025 quiz or exam,9,Which Test · t-Tests,9,,,exam2,lab3,,Used on an LD 810 quiz or exam in Fall 2025,,,,,4,3,Multiple linear regression,154,26,19.3,6.7,0,"Q: An HR analyst wants to predict employee salary based on years of experience, education level, and performance ratings. Which analysis is most appropriate?  ||  A) Independent samples t-test  |  B) Pearson correlation  |  C) Multiple linear regression [X]  |  D) One-way ANOVA",12
127,Q69_Test_Selection_Gender_Income,Test selection,exam,Used on a Fall 2025 quiz or exam,9,Which Test · t-Tests,9,,,exam2,lab3,,Used on an LD 810 quiz or exam in Fall 2025,,,,,4,1,Independent samples t-test,151,26,19.3,6.7,0,Q: A researcher wants to examine whether there is a significant difference in average income between male and female employees. Which test is appropriate?  ||  A) Independent samples t-test [X]  |  B) Paired samples t-test  |  C) One-way ANOVA  |  D) Simple linear regression,14
128,Q70_Test_Selection_Relationship,Test selection,exam,Used on a Fall 2025 quiz or exam,9,Which Test · t-Tests,9,,,exam2,lab3,,Used on an LD 810 quiz or exam in Fall 2025,,,,,4,2,Pearson correlation,157,19,18.0,1.0,0,Q: A study investigates whether there is a relationship between hours of study and exam scores (both continuous variables). Which analysis should be used first?  ||  A) Independent samples t-test  |  B) Pearson correlation [X]  |  C) One-way ANOVA  |  D) Chi-square test,12
129,Q71_Test_Selection_Four_Teaching_Methods,Test selection,exam,Used on a Fall 2025 quiz or exam,9,Which Test · t-Tests,9,,,exam2,lab3,,Used on an LD 810 quiz or exam in Fall 2025,,,,,4,3,One-way ANOVA,189,13,22.0,-9.0,0,Q: A researcher compares the effectiveness of four different teaching methods on student achievement. Students are randomly assigned to one of the four methods. Which test is most appropriate?  ||  A) Independent samples t-test  |  B) Paired samples t-test  |  C) One-way ANOVA [X]  |  D) Multiple regression,8
130,Q72_Test_Selection_Weight_Loss,Test selection,exam,Used on a Fall 2025 quiz or exam,9,Which Test · t-Tests,9,,,exam2,lab3,,Used on an LD 810 quiz or exam in Fall 2025,,,,,4,2,Paired samples t-test,141,21,16.7,4.3,1,Q: A clinic measures patient weight before and after a 12-week diet program to determine if the program is effective. Which test should be used?  ||  A) Independent samples t-test  |  B) Paired samples t-test [X]  |  C) One-way ANOVA  |  D) Correlation,7
131,Q73_Test_Selection_Predict_GPA,Test selection,exam,Used on a Fall 2025 quiz or exam,9,Which Test · t-Tests,9,,,exam2,lab3,,Used on an LD 810 quiz or exam in Fall 2025,,,,,4,3,Multiple linear regression,144,26,22.0,4.0,0,"Q: A university wants to predict student GPA using SAT scores, high school GPA, and number of AP courses taken. Which analysis is most appropriate?  ||  A) Independent samples t-test  |  B) Pearson correlation  |  C) Multiple linear regression [X]  |  D) Paired samples t-test",5
132,Q75_Test_Selection_Age_Experience,Test selection,exam,Used on a Fall 2025 quiz or exam,9,Which Test · t-Tests,9,,,exam2,lab3,,Used on an LD 810 quiz or exam in Fall 2025,,,,,4,2,Pearson correlation,160,19,20.0,-1.0,0,Q: A manager wants to examine the strength and direction of the relationship between employee age and years of work experience. Which analysis should be conducted?  ||  A) Independent samples t-test  |  B) Pearson correlation [X]  |  C) One-way ANOVA  |  D) Paired samples t-test,20
133,Spread_Comparison,Applied,exam,Used on a Fall 2025 quiz or exam,3,"Center, Spread and a First Analysis",3,,,exam1,lab1,,Used on an LD 810 quiz or exam in Fall 2025,,,,,4,1,Sample A has a broader spread,125,29,36.3,-7.3,1,"Q: Sample A has a standard deviation of 6.5, while Sample B has a variance of 36. Which sample has a broader spread in the data?  ||  A) Sample A has a broader spread [X]  |  B) Sample B has a broader spread  |  C) Both samples have the same spread  |  D) Cannot be determined from the information given",8
134,Which_statement_about_reliability_and_va,Applied,exam,Used on a Fall 2025 quiz or exam,4,Reliability and Validity,4,,,exam1,lab1,,Used on an LD 810 quiz or exam in Fall 2025,,,,,4,2,A measurement can be reliable but not valid,55,43,44.7,-1.7,0,Q: Which statement about reliability and validity is TRUE?  ||  A) A measurement can be valid but not reliable  |  B) A measurement can be reliable but not valid [X]  |  C) Reliability and validity are the same thing  |  D) High reliability always guarantees high validity,10
135,SHAPE-01,Shape of data,lecture,Rewritten from textbook items to match lecture,2,Variables and the Shape of Data,2,,,exam1,lab1,,"rewritten from a textbook-derived item (C03-068) to match the LD 810 lecture slides. Textbook: Salkind & Frey, *Statistics for People Who (Think They) Hate Statistics* (SAGE).",,,,,4,2,Positively skewed,150,17,11.0,6.0,1,"Q: A registrar plots days-to-process for 400 transcript requests. Most requests clear in 2–3 days, but a handful took several weeks. The distribution is:  ||  A) Negatively skewed  |  B) Positively skewed [X]  |  C) Symmetric  |  D) Bimodal",10
136,SHAPE-02,Shape of data,lecture,Rewritten from textbook items to match lecture,2,Variables and the Shape of Data,2,,,exam1,lab1,,"rewritten from a textbook-derived item (C03-069) to match the LD 810 lecture slides. Textbook: Salkind & Frey, *Statistics for People Who (Think They) Hate Statistics* (SAGE).",,,,,4,2,The long tail points left; the distribution is negatively skewed,133,64,51.3,12.7,1,"Q: On an easy end-of-course exam, most students score in the 90s and a few score much lower. Which statement about the shape is correct?  ||  A) The long tail points right; the distribution is positively skewed  |  B) The long tail points left; the distribution is negatively skewed [X]  |  C) The distribution must be normal because it is an exam  |  D) The mode will be lower than the mean",6
137,SHAPE-03,Shape of data,lecture,Rewritten from textbook items to match lecture,2,Variables and the Shape of Data,2,,,exam1,lab1,,"Appeared on a Fall 2025 LD 810 quiz; rewritten from a textbook-derived item (C04-088) to match the LD 810 lecture slides. Textbook: Salkind & Frey, *Statistics for People Who (Think They) Hate Statistics* (SAGE).",,,,,4,1,"The distribution is positively skewed, likely pulled up by a few high salaries",112,78,47.3,30.7,1,"Q: A dean reports that median salary in her college is $78,000 and the mean is $91,000. What does the gap tell you?  ||  A) The distribution is positively skewed, likely pulled up by a few high salaries [X]  |  B) The distribution is negatively skewed  |  C) The data must contain an error, since mean and median should match  |  D) Nothing — mean and median are unrelated",10
138,SHAPE-04,Shape of data,lecture,Rewritten from textbook items to match lecture,2,Variables and the Shape of Data,2,,,exam1,lab1,,"rewritten from a textbook-derived item (C04-089) to match the LD 810 lecture slides. Textbook: Salkind & Frey, *Statistics for People Who (Think They) Hate Statistics* (SAGE).",,,,,4,2,Negatively skewed,114,17,11.0,6.0,1,"Q: Course evaluation scores have mean 4.1, median 4.4, and mode 5 on a 5-point scale. The shape is best described as:  ||  A) Positively skewed  |  B) Negatively skewed [X]  |  C) Symmetric  |  D) Uniform",12
139,SHAPE-05,Shape of data,lecture,Rewritten from textbook items to match lecture,2,Variables and the Shape of Data,2,,,exam1,lab1,,"Appeared on a Fall 2025 LD 810 quiz; rewritten from a textbook-derived item (C03-066) to match the LD 810 lecture slides. Textbook: Salkind & Frey, *Statistics for People Who (Think They) Hate Statistics* (SAGE).",,,,,4,2,Bar chart for housing type; histogram for age,167,45,27.3,17.7,1,"Q: An analyst wants to display how many students fall into each of six housing types, and separately how the ages of 900 students are distributed. Which pairing is right?  ||  A) Histogram for housing type; bar chart for age  |  B) Bar chart for housing type; histogram for age [X]  |  C) Pie chart for both  |  D) Line graph for both",7
140,SPREAD-01,Center and spread,lecture,Rewritten from textbook items to match lecture,3,"Center, Spread and a First Analysis",3,,,exam1,lab1,,"Appeared on a Fall 2025 LD 810 quiz; rewritten from a textbook-derived item (C04-085) to match the LD 810 lecture slides. Textbook: Salkind & Frey, *Statistics for People Who (Think They) Hate Statistics* (SAGE).",,,,,4,3,Mean,149,4,9.7,-5.7,1,"Q: A department's nine faculty salaries cluster near $85,000, except the chair at $210,000. Which measure of center moves the most because of the chair?  ||  A) Median  |  B) Mode  |  C) Mean [X]  |  D) Interquartile range",5
141,SPREAD-02,Center and spread,lecture,Rewritten from textbook items to match lecture,3,"Center, Spread and a First Analysis",3,,,exam1,lab1,,"rewritten from a textbook-derived item (C04-086) to match the LD 810 lecture slides. Textbook: Salkind & Frey, *Statistics for People Who (Think They) Hate Statistics* (SAGE).",,,,,4,2,Median,124,6,4.3,1.7,1,"Q: Reporting typical time-to-degree when a few students took 12+ years to finish, the most defensible measure of center is the:  ||  A) Mean  |  B) Median [X]  |  C) Mode  |  D) Range",9
142,SPREAD-03,Center and spread,lecture,Rewritten from textbook items to match lecture,3,"Center, Spread and a First Analysis",3,,,exam1,lab1,,"rewritten from a textbook-derived item (C04-087) to match the LD 810 lecture slides. Textbook: Salkind & Frey, *Statistics for People Who (Think They) Hate Statistics* (SAGE).",,,,,4,1,Are all equal,102,13,30.7,-17.7,0,"Q: If a distribution of exam scores is perfectly symmetric and unimodal, then the mean, median, and mode:  ||  A) Are all equal [X]  |  B) Are in the order mean > median > mode  |  C) Are in the order mode > median > mean  |  D) Cannot be compared",4
143,SPREAD-04,Center and spread,lecture,Rewritten from textbook items to match lecture,3,"Center, Spread and a First Analysis",3,,,exam1,lab1,,"rewritten from a textbook-derived item (C04-090) to match the LD 810 lecture slides. Textbook: Salkind & Frey, *Statistics for People Who (Think They) Hate Statistics* (SAGE).",,,,,4,2,Is not pulled toward the extreme waits,152,38,36.0,2.0,0,"Q: A hospital administrator is choosing how to summarize emergency-department wait times, which have a long right tail. The median is preferred because it:  ||  A) Uses every observation in the calculation  |  B) Is not pulled toward the extreme waits [X]  |  C) Is always larger than the mean  |  D) Is the most frequently occurring wait",7
144,SPREAD-05,Center and spread,lecture,Rewritten from textbook items to match lecture,3,"Center, Spread and a First Analysis",3,,,exam1,lab1,,"rewritten from a textbook-derived item (C04-092) to match the LD 810 lecture slides. Textbook: Salkind & Frey, *Statistics for People Who (Think They) Hate Statistics* (SAGE).",,,,,4,1,Section B's scores are more spread out (SD = 5 vs. SD = 2),107,58,41.0,17.0,1,Q: Two sections took the same quiz. Section A's variance is 4; Section B's is 25. What is the correct reading?  ||  A) Section B's scores are more spread out (SD = 5 vs. SD = 2) [X]  |  B) Section A's scores are more spread out  |  C) Section B has the higher mean  |  D) The sections have identical spread in the original units,8
145,SPREAD-06,Center and spread,lecture,Rewritten from textbook items to match lecture,3,"Center, Spread and a First Analysis",3,,,exam1,lab1,,"rewritten from a textbook-derived item (C04-093) to match the LD 810 lecture slides. Textbook: Salkind & Frey, *Statistics for People Who (Think They) Hate Statistics* (SAGE).",,,,,4,3,7,88,1,3.7,-2.7,1,"Q: An SPSS output shows a variance of 49 for weekly study hours. The standard deviation is:  ||  A) 49  |  B) 24.5  |  C) 7 [X]  |  D) 2,401",6
146,SPREAD-07,Center and spread,lecture,Rewritten from textbook items to match lecture,3,"Center, Spread and a First Analysis",3,,,exam1,lab1,,"rewritten from a textbook-derived item (C04-094) to match the LD 810 lecture slides. Textbook: Salkind & Frey, *Statistics for People Who (Think They) Hate Statistics* (SAGE).",,,,,4,1,North's hiring times are far more consistent; South has some very fast and very slow searches,147,93,53.3,39.7,1,Q: Two campuses both average 18 days to fill a staff vacancy. Campus North has SD = 2 days; Campus South has SD = 11 days. Which statement is correct?  ||  A) North's hiring times are far more consistent; South has some very fast and very slow searches [X]  |  B) South is more consistent because its SD is larger  |  C) Both campuses have the same consistency because the means match  |  D) Neither SD can be interpreted without the median,10
147,SPREAD-08,Center and spread,lecture,Rewritten from textbook items to match lecture,3,"Center, Spread and a First Analysis",3,,,exam1,lab1,,"rewritten from a textbook-derived item (C04-096) to match the LD 810 lecture slides. Textbook: Salkind & Frey, *Statistics for People Who (Think They) Hate Statistics* (SAGE).",,,,,4,2,"Is in the same units as the original data, so readers can interpret it",123,70,28.0,42.0,0,"Q: A colleague asks why you reported the standard deviation instead of the variance in a memo. The best reason is that the SD:  ||  A) Is always smaller and therefore looks better  |  B) Is in the same units as the original data, so readers can interpret it [X]  |  C) Ignores outliers  |  D) Is required by APA style",8
148,SPREAD-09,Center and spread,lecture,Rewritten from textbook items to match lecture,3,"Center, Spread and a First Analysis",3,,,exam1,lab1,,"rewritten from a textbook-derived item (C04-097) to match the LD 810 lecture slides. Textbook: Salkind & Frey, *Statistics for People Who (Think They) Hate Statistics* (SAGE).",,,,,4,2,"$3,600",91,6,6.0,0.0,1,"Q: For a set of 200 tuition balances, Q1 = $1,200 and Q3 = $4,800. The interquartile range is:  ||  A) $6,000  |  B) $3,600 [X]  |  C) $2,400  |  D) $3,000",4
149,SPREAD-10,Center and spread,lecture,Rewritten from textbook items to match lecture,3,"Center, Spread and a First Analysis",3,,,exam1,lab1,,"rewritten from a textbook-derived item (C04-099) to match the LD 810 lecture slides. Textbook: Salkind & Frey, *Statistics for People Who (Think They) Hate Statistics* (SAGE).",,,,,4,2,An outlier,138,10,11.3,-1.3,1,"Q: In a data set of advising appointments per week, one advisor logs 61 while everyone else is between 8 and 19. The 61 is best described as:  ||  A) The mode  |  B) An outlier [X]  |  C) The median  |  D) A sampling error",5
150,NORM-01,Normal curve,lecture,Rewritten from textbook items to match lecture,6,The Normal Curve and z-Scores,6,,,exam1,lab2,,"rewritten from a textbook-derived item (C03-073) to match the LD 810 lecture slides. Textbook: Salkind & Frey, *Statistics for People Who (Think They) Hate Statistics* (SAGE).",,,,,4,2,1.4 standard deviations above the mean,70,38,21.7,16.3,1,Q: A student's GRE Verbal z-score is +1.4. That means the student scored:  ||  A) 1.4 points above the mean  |  B) 1.4 standard deviations above the mean [X]  |  C) In the 14th percentile  |  D) 1.4 times the mean,11
151,NORM-02,Normal curve,lecture,Rewritten from textbook items to match lecture,6,The Normal Curve and z-Scores,6,,,exam1,lab2,,"rewritten from a textbook-derived item (C03-074) to match the LD 810 lecture slides. Textbook: Salkind & Frey, *Statistics for People Who (Think They) Hate Statistics* (SAGE).",,,,,4,1,The applicant scored at the mean,73,32,38.7,-6.7,1,Q: An applicant's z-score on an admissions test is exactly 0. Which is true?  ||  A) The applicant scored at the mean [X]  |  B) The applicant answered zero questions correctly  |  C) The applicant is at the 0th percentile  |  D) The score cannot be interpreted,11
152,NORM-03,Normal curve,lecture,Rewritten from textbook items to match lecture,6,The Normal Curve and z-Scores,6,,,exam1,lab2,,"rewritten from a textbook-derived item (C03-076) to match the LD 810 lecture slides. Textbook: Salkind & Frey, *Statistics for People Who (Think They) Hate Statistics* (SAGE).",,,,,4,2,The reading is 1.8 standard deviations below the mean,73,53,40.0,13.0,1,"Q: A patient's z-score for blood pressure is −1.8. Which reading is correct?  ||  A) The reading is 1.8 units above the mean  |  B) The reading is 1.8 standard deviations below the mean [X]  |  C) The reading is negative, which is impossible  |  D) The reading is at the 18th percentile",26
153,NORM-04,Normal curve,lecture,Rewritten from textbook items to match lecture,6,The Normal Curve and z-Scores,6,,,exam1,lab2,,"rewritten from a textbook-derived item (C03-077) to match the LD 810 lecture slides. Textbook: Salkind & Frey, *Statistics for People Who (Think They) Hate Statistics* (SAGE).",,,,,4,2,0 and 1,118,7,24.3,-17.3,0,"Q: After converting every raw exam score in a class to z-scores, the mean and standard deviation of the z-scores will be:  ||  A) The same as the raw scores  |  B) 0 and 1 [X]  |  C) 1 and 0  |  D) Undefined until you know the sample size",27
154,NORM-05,Normal curve,lecture,Rewritten from textbook items to match lecture,6,The Normal Curve and z-Scores,6,,,exam1,lab2,,"rewritten from a textbook-derived item (C03-080) to match the LD 810 lecture slides. Textbook: Salkind & Frey, *Statistics for People Who (Think They) Hate Statistics* (SAGE).",,,,,4,2,75% of test-takers scored at or below her,93,41,27.3,13.7,1,Q: A nursing student is told her licensure practice score is at the 75th percentile. This means:  ||  A) She answered 75% of items correctly  |  B) 75% of test-takers scored at or below her [X]  |  C) She is in the bottom quarter  |  D) Her z-score is 0.75,10
155,NORM-06,Normal curve,lecture,Rewritten from textbook items to match lecture,6,The Normal Curve and z-Scores,6,,,exam1,lab2,,"rewritten from a textbook-derived item (C07-146) to match the LD 810 lecture slides. Textbook: Salkind & Frey, *Statistics for People Who (Think They) Hate Statistics* (SAGE).",,,,,4,1,"Symmetric and bell-shaped, with the mean at the center",91,54,19.7,34.3,0,"Q: A colleague describes a variable as 'normally distributed.' You expect the histogram to be:  ||  A) Symmetric and bell-shaped, with the mean at the center [X]  |  B) Flat and rectangular  |  C) Skewed with a long right tail  |  D) Two-peaked",16
156,NORM-07,Normal curve,lecture,Rewritten from textbook items to match lecture,6,The Normal Curve and z-Scores,6,,,exam1,lab2,,"rewritten from a textbook-derived item (C07-149) to match the LD 810 lecture slides. Textbook: Salkind & Frey, *Statistics for People Who (Think They) Hate Statistics* (SAGE).",,,,,4,2,68%,139,3,3.7,-0.7,1,Q: Faculty course loads are approximately normal with mean 12 credits and SD 2. About what percent of faculty carry between 10 and 14 credits?  ||  A) 50%  |  B) 68% [X]  |  C) 95%  |  D) 99.7%,30
157,NORM-08,Normal curve,lecture,Rewritten from textbook items to match lecture,6,The Normal Curve and z-Scores,6,,,exam1,lab2,,"rewritten from a textbook-derived item (C03-072) to match the LD 810 lecture slides. Textbook: Salkind & Frey, *Statistics for People Who (Think They) Hate Statistics* (SAGE).",,,,,4,2,18 and 30,118,9,9.0,0.0,1,Q: Freshman ACT scores at a college are approximately normal with mean 24 and SD 3. Roughly 95% of students fall between:  ||  A) 21 and 27  |  B) 18 and 30 [X]  |  C) 15 and 33  |  D) 22 and 26,11
158,NORM-09,Normal curve,lecture,Rewritten from textbook items to match lecture,6,The Normal Curve and z-Scores,6,,,exam1,lab2,,"rewritten from a textbook-derived item (C07-150) to match the LD 810 lecture slides. Textbook: Salkind & Frey, *Statistics for People Who (Think They) Hate Statistics* (SAGE).",,,,,4,2,97.5th percentile,132,17,15.0,2.0,1,"Q: In a standard normal distribution, a z-score of +1.96 cuts off roughly the top 2.5% of scores. A z of +1.96 therefore sits near the:  ||  A) 95th percentile  |  B) 97.5th percentile [X]  |  C) 99th percentile  |  D) 50th percentile",17
159,NORM-10,Normal curve,lecture,Rewritten from textbook items to match lecture,6,The Normal Curve and z-Scores,6,,,exam1,lab2,,"rewritten from a textbook-derived item (C03-070) to match the LD 810 lecture slides. Textbook: Salkind & Frey, *Statistics for People Who (Think They) Hate Statistics* (SAGE).",,,,,4,1,Approximately normally distributed,148,34,23.0,11.0,1,Q: A budget analyst applies the 68–95–99.7 rule to monthly utility costs without checking the histogram. The rule is trustworthy only if the costs are:  ||  A) Approximately normally distributed [X]  |  B) Measured in dollars  |  C) Collected over at least 12 months  |  D) Positively skewed,9
160,CLT-01,Sampling and standard error,lecture,Rewritten from textbook items to match lecture,7,Confidence Intervals,7,,,exam1,lab2,,"rewritten from a textbook-derived item (C07-151) to match the LD 810 lecture slides. Textbook: Salkind & Frey, *Statistics for People Who (Think They) Hate Statistics* (SAGE).",,,,,4,1,Approximately normal even if individual donations are skewed,180,60,20.3,39.7,1,Q: A survey office draws many random samples of 200 alumni each and records each sample's mean donation. The Central Limit Theorem says the distribution of those sample means will be:  ||  A) Approximately normal even if individual donations are skewed [X]  |  B) Skewed exactly like the population of donations  |  C) Uniform  |  D) Bimodal,10
161,CLT-02,Sampling and standard error,lecture,Rewritten from textbook items to match lecture,7,Confidence Intervals,7,,,exam1,lab2,,"rewritten from a textbook-derived item (C07-153) to match the LD 810 lecture slides. Textbook: Salkind & Frey, *Statistics for People Who (Think They) Hate Statistics* (SAGE).",,,,,4,2,The standard deviation of the sampling distribution of the mean,52,63,45.0,18.0,0,Q: The standard error of the mean is best described as:  ||  A) The standard deviation of the individual scores  |  B) The standard deviation of the sampling distribution of the mean [X]  |  C) The difference between the sample and population means  |  D) The margin of error divided by two,21
162,CLT-03,Sampling and standard error,lecture,Rewritten from textbook items to match lecture,7,Confidence Intervals,7,,,exam1,lab2,,"rewritten from a textbook-derived item (C07-154) to match the LD 810 lecture slides. Textbook: Salkind & Frey, *Statistics for People Who (Think They) Hate Statistics* (SAGE).",,,,,4,3,Be cut in half,152,14,13.3,0.7,1,"Q: An institutional researcher increases a climate-survey sample from 100 to 400 respondents. Holding the SD constant, the standard error of the mean will:  ||  A) Double  |  B) Stay the same  |  C) Be cut in half [X]  |  D) Be cut to one quarter",10
163,CLT-04,Sampling and standard error,lecture,Rewritten from textbook items to match lecture,7,Confidence Intervals,7,,,exam1,lab2,,"rewritten from a textbook-derived item (C07-156) to match the LD 810 lecture slides. Textbook: Salkind & Frey, *Statistics for People Who (Think They) Hate Statistics* (SAGE).",,,,,4,2,A statistic (such as the mean) computed across many samples,47,59,27.0,32.0,0,Q: A 'sampling distribution' is a distribution of:  ||  A) Raw scores from one sample  |  B) A statistic (such as the mean) computed across many samples [X]  |  C) The population's individual values  |  D) Survey response rates,17
164,CLT-05,Sampling and standard error,lecture,Rewritten from textbook items to match lecture,7,Confidence Intervals,7,,,exam1,lab2,,"rewritten from a textbook-derived item (C07-152) to match the LD 810 lecture slides. Textbook: Salkind & Frey, *Statistics for People Who (Think They) Hate Statistics* (SAGE).",,,,,4,2,When the sample size is reasonably large (a common rule of thumb is n ≥ 30),141,75,36.3,38.7,0,"Q: Enrollment analysts worry that per-student credit hours are skewed. When is the sampling distribution of the mean still approximately normal?  ||  A) Only if the population itself is normal  |  B) When the sample size is reasonably large (a common rule of thumb is n ≥ 30) [X]  |  C) Never, if the population is skewed  |  D) Only when the population SD is known",12
165,CI-01,Confidence intervals,lecture,Rewritten from textbook items to match lecture,7,Confidence Intervals,7,,,exam1,lab2,,"rewritten from a textbook-derived item (C08-179) to match the LD 810 lecture slides. Textbook: Salkind & Frey, *Statistics for People Who (Think They) Hate Statistics* (SAGE).",,,,,4,2,"If we repeated the survey many times, about 95% of the intervals built this way would capture the true population mean",104,118,40.7,77.3,1,"Q: A report states: 'Mean satisfaction = 3.8, 95% CI [3.6, 4.0].' The correct interpretation of the 95% is:  ||  A) 95% of students scored between 3.6 and 4.0  |  B) If we repeated the survey many times, about 95% of the intervals built this way would capture the true population mean [X]  |  C) There is a 95% chance the sample mean is 3.8  |  D) The result is significant at p = .95",10
166,CI-02,Confidence intervals,lecture,Rewritten from textbook items to match lecture,7,Confidence Intervals,7,,,exam1,lab2,,"rewritten from a textbook-derived item (C08-180) to match the LD 810 lecture slides. Textbook: Salkind & Frey, *Statistics for People Who (Think They) Hate Statistics* (SAGE).",,,,,4,2,Wider,146,5,16.7,-11.7,1,"Q: A provost asks for a 99% confidence interval instead of the 95% interval you reported. Holding everything else constant, the new interval will be:  ||  A) Narrower  |  B) Wider [X]  |  C) The same width  |  D) Centered on a different mean",13
167,CI-03,Confidence intervals,lecture,Rewritten from textbook items to match lecture,7,Confidence Intervals,7,,,exam1,lab2,,"rewritten from a textbook-derived item (C08-178) to match the LD 810 lecture slides. Textbook: Salkind & Frey, *Statistics for People Who (Think They) Hate Statistics* (SAGE).",,,,,4,2,A range of plausible values for the population mean,53,51,36.3,14.7,0,Q: A confidence interval around a sample mean gives you:  ||  A) The exact population mean  |  B) A range of plausible values for the population mean [X]  |  C) The probability that the null hypothesis is true  |  D) The standard deviation of the sample,13
168,HYP-01,Hypothesis testing,lecture,Rewritten from textbook items to match lecture,8,Hypothesis Testing and Sampling Error,8,,,exam2,lab3,,"rewritten from a textbook-derived item (C08-164) to match the LD 810 lecture slides. Textbook: Salkind & Frey, *Statistics for People Who (Think They) Hate Statistics* (SAGE).",,,,,4,1,Type I error,149,12,14.7,-2.7,0,Q: A university adopts a costly retention program after a study rejected the null hypothesis — but the program actually has no effect. The study made a:  ||  A) Type I error [X]  |  B) Type II error  |  C) Sampling error  |  D) Measurement error,6
169,HYP-02,Hypothesis testing,lecture,Rewritten from textbook items to match lecture,8,Hypothesis Testing and Sampling Error,8,,,exam2,lab3,,"rewritten from a textbook-derived item (C08-165) to match the LD 810 lecture slides. Textbook: Salkind & Frey, *Statistics for People Who (Think They) Hate Statistics* (SAGE).",,,,,4,2,Type II error,127,13,14.0,-1.0,0,"Q: A tutoring program genuinely improves grades, but the evaluation's small sample fails to reject the null hypothesis. This is a:  ||  A) Type I error  |  B) Type II error [X]  |  C) Correct decision  |  D) Type III error",7
170,HYP-03,Hypothesis testing,lecture,Rewritten from textbook items to match lecture,8,Hypothesis Testing and Sampling Error,8,,,exam2,lab3,,"rewritten from a textbook-derived item (C08-166) to match the LD 810 lecture slides. Textbook: Salkind & Frey, *Statistics for People Who (Think They) Hate Statistics* (SAGE).",,,,,4,2,Rejecting a null hypothesis that is actually true,93,49,28.3,20.7,1,Q: A researcher sets α = .05 before running a study. The .05 is the maximum risk she accepts of:  ||  A) Failing to detect a real effect  |  B) Rejecting a null hypothesis that is actually true [X]  |  C) Drawing a biased sample  |  D) Reporting the wrong effect size,8
171,HYP-04,Hypothesis testing,lecture,Rewritten from textbook items to match lecture,8,Hypothesis Testing and Sampling Error,8,,,exam2,lab3,,"rewritten from a textbook-derived item (C08-168) to match the LD 810 lecture slides. Textbook: Salkind & Frey, *Statistics for People Who (Think They) Hate Statistics* (SAGE).",,,,,4,2,Correctly rejecting a false null hypothesis,101,43,25.7,17.3,1,Q: A grant reviewer says a proposed study has 'power of .80.' That means the study has an 80% chance of:  ||  A) Making a Type I error  |  B) Correctly rejecting a false null hypothesis [X]  |  C) Producing a p-value below .80  |  D) Replicating a prior finding,8
172,HYP-05,Hypothesis testing,lecture,Rewritten from textbook items to match lecture,8,Hypothesis Testing and Sampling Error,8,,,exam2,lab3,,"rewritten from a textbook-derived item (C08-170) to match the LD 810 lecture slides. Textbook: Salkind & Frey, *Statistics for People Who (Think They) Hate Statistics* (SAGE).",,,,,4,2,Reject the null hypothesis,66,26,33.7,-7.7,1,Q: An analysis returns p = .03 with α set at .05. The decision is to:  ||  A) Fail to reject the null hypothesis  |  B) Reject the null hypothesis [X]  |  C) Accept the null hypothesis as proven  |  D) Increase alpha to .10 and rerun,16
173,HYP-06,Hypothesis testing,lecture,Rewritten from textbook items to match lecture,8,Hypothesis Testing and Sampling Error,8,,,exam2,lab3,,"rewritten from a textbook-derived item (C08-175) to match the LD 810 lecture slides. Textbook: Salkind & Frey, *Statistics for People Who (Think They) Hate Statistics* (SAGE).",,,,,4,2,"If the null hypothesis were true, results this extreme or more would occur about 2% of the time",128,95,35.7,59.3,1,"Q: A colleague says 'p = .02 means there is a 2% chance the null hypothesis is true.' The accurate statement is that p = .02 means:  ||  A) There is a 2% chance the result is due to chance  |  B) If the null hypothesis were true, results this extreme or more would occur about 2% of the time [X]  |  C) The effect is small  |  D) The alternative hypothesis is 98% likely",26
174,HYP-07,Hypothesis testing,lecture,Rewritten from textbook items to match lecture,8,Hypothesis Testing and Sampling Error,8,,,exam2,lab3,,"rewritten from a textbook-derived item (C08-176) to match the LD 810 lecture slides. Textbook: Salkind & Frey, *Statistics for People Who (Think They) Hate Statistics* (SAGE).",,,,,4,2,The difference is unlikely to be due to chance alone,151,52,37.7,14.3,1,"Q: A campus newspaper reports a 'statistically significant' 0.3-point difference in GPA between two dorms (n = 4,000). Statistical significance tells you:  ||  A) The difference is large enough to matter practically  |  B) The difference is unlikely to be due to chance alone [X]  |  C) The dorms cause different GPAs  |  D) At least 95% of students differ",6
175,HYP-08,Hypothesis testing,lecture,Rewritten from textbook items to match lecture,8,Hypothesis Testing and Sampling Error,8,,,exam2,lab3,,"rewritten from a textbook-derived item (C08-177) to match the LD 810 lecture slides. Textbook: Salkind & Frey, *Statistics for People Who (Think They) Hate Statistics* (SAGE).",,,,,4,2,"How large the difference actually is, independent of sample size",85,64,34.0,30.0,0,"Q: After a significant t-test, a reviewer asks for the 'effect size.' She wants to know:  ||  A) Whether p was below .05  |  B) How large the difference actually is, independent of sample size [X]  |  C) How many participants were in each group  |  D) Whether the test was one- or two-tailed",7
176,HYP-09,Hypothesis testing,lecture,Rewritten from textbook items to match lecture,8,Hypothesis Testing and Sampling Error,8,,,exam2,lab3,,"rewritten from a textbook-derived item (C08-172) to match the LD 810 lecture slides. Textbook: Salkind & Frey, *Statistics for People Who (Think They) Hate Statistics* (SAGE).",,,,,4,2,One-tailed (directional),153,24,10.7,13.3,0,Q: A dean predicts that the new advising model will *increase* retention and states the hypothesis that way before collecting data. The appropriate test is:  ||  A) Two-tailed  |  B) One-tailed (directional) [X]  |  C) Non-parametric  |  D) Post hoc,8
177,HYP-10,Hypothesis testing,lecture,Rewritten from textbook items to match lecture,8,Hypothesis Testing and Sampling Error,8,,,exam2,lab3,,"rewritten from a textbook-derived item (C08-162) to match the LD 810 lecture slides. Textbook: Salkind & Frey, *Statistics for People Who (Think They) Hate Statistics* (SAGE).",,,,,4,2,There is no difference between the programs in the population,78,61,31.3,29.7,0,"Q: In a study comparing two onboarding programs, the null hypothesis states that:  ||  A) The new program is better  |  B) There is no difference between the programs in the population [X]  |  C) The sample is representative  |  D) The programs differ by at least one point",6
178,TT-01,t-tests,lecture,Rewritten from textbook items to match lecture,9,Which Test · t-Tests,9,,,exam2,lab3,,"rewritten from a textbook-derived item (C09-181) to match the LD 810 lecture slides. Textbook: Salkind & Frey, *Statistics for People Who (Think They) Hate Statistics* (SAGE).",,,,,4,3,One-sample t-test,149,17,20.0,-3.0,1,Q: A department wants to know whether its 35 graduates' mean licensure score (82) differs from the published national mean (78). The right test is a(n):  ||  A) Independent-samples t-test  |  B) Paired-samples t-test  |  C) One-sample t-test [X]  |  D) One-way ANOVA,9
179,TT-02,t-tests,lecture,Rewritten from textbook items to match lecture,9,Which Test · t-Tests,9,,,exam2,lab3,,"rewritten from a textbook-derived item (C09-186) to match the LD 810 lecture slides. Textbook: Salkind & Frey, *Statistics for People Who (Think They) Hate Statistics* (SAGE).",,,,,4,2,Independent-samples t-test,159,26,16.3,9.7,0,Q: An HR director compares mean engagement scores between staff who work remotely and staff who work on campus (different people in each group). The test is a(n):  ||  A) One-sample t-test  |  B) Independent-samples t-test [X]  |  C) Paired-samples t-test  |  D) Correlation,5
180,TT-03,t-tests,lecture,Rewritten from textbook items to match lecture,9,Which Test · t-Tests,9,,,exam2,lab3,,"rewritten from a textbook-derived item (C09-189) to match the LD 810 lecture slides. Textbook: Salkind & Frey, *Statistics for People Who (Think They) Hate Statistics* (SAGE).",,,,,4,2,Paired-samples t-test,103,21,19.3,1.7,1,Q: The same 40 employees rate their burnout before and after a wellness program. The correct test is a(n):  ||  A) Independent-samples t-test  |  B) Paired-samples t-test [X]  |  C) One-sample t-test  |  D) Chi-square test,7
181,TT-04,t-tests,lecture,Rewritten from textbook items to match lecture,9,Which Test · t-Tests,9,,,exam2,lab3,,"rewritten from a textbook-derived item (C09-184) to match the LD 810 lecture slides. Textbook: Salkind & Frey, *Statistics for People Who (Think They) Hate Statistics* (SAGE).",,,,,4,2,24,75,2,2.0,0.0,1,Q: A one-sample t-test on 25 students' scores has degrees of freedom equal to:  ||  A) 25  |  B) 24 [X]  |  C) 23  |  D) 50,5
182,TT-05,t-tests,lecture,Rewritten from textbook items to match lecture,9,Which Test · t-Tests,9,,,exam2,lab3,,"rewritten from a textbook-derived item (C09-190) to match the LD 810 lecture slides. Textbook: Salkind & Frey, *Statistics for People Who (Think They) Hate Statistics* (SAGE).",,,,,4,3,62,157,2,2.0,0.0,1,Q: An independent-samples t-test compares 30 first-generation students with 34 continuing-generation students. Degrees of freedom (equal variances assumed) are:  ||  A) 64  |  B) 63  |  C) 62 [X]  |  D) 32,6
183,TT-06,t-tests,lecture,Rewritten from textbook items to match lecture,9,Which Test · t-Tests,9,,,exam2,lab3,,"rewritten from a textbook-derived item (C09-182) to match the LD 810 lecture slides. Textbook: Salkind & Frey, *Statistics for People Who (Think They) Hate Statistics* (SAGE).",,,,,4,2,The population standard deviation is unknown and estimated from the sample,82,74,23.0,51.0,0,Q: You use a t-test rather than a z-test for a single-sample mean comparison because:  ||  A) The sample is large  |  B) The population standard deviation is unknown and estimated from the sample [X]  |  C) The data are categorical  |  D) You want a two-tailed test,9
184,TT-07,t-tests,lecture,Rewritten from textbook items to match lecture,9,Which Test · t-Tests,9,,,exam2,lab3,,"rewritten from a textbook-derived item (C09-187) to match the LD 810 lecture slides. Textbook: Salkind & Frey, *Statistics for People Who (Think They) Hate Statistics* (SAGE).",,,,,4,2,The two groups have equal population variances,86,46,30.3,15.7,0,Q: Levene's test in an independent-samples t-test output is checking the assumption that:  ||  A) The two groups have equal means  |  B) The two groups have equal population variances [X]  |  C) The data are normally distributed  |  D) The samples are independent,11
185,TT-08,t-tests,lecture,Rewritten from textbook items to match lecture,9,Which Test · t-Tests,9,,,exam2,lab3,,"rewritten from a textbook-derived item (C09-192) to match the LD 810 lecture slides. Textbook: Salkind & Frey, *Statistics for People Who (Think They) Hate Statistics* (SAGE).",,,,,4,3,Large effect,131,12,15.7,-3.7,1,Q: An evaluation reports 'd = 0.85' for the difference between two training methods. Cohen's d of 0.85 is conventionally considered a:  ||  A) Small effect  |  B) Medium effect  |  C) Large effect [X]  |  D) Non-significant effect,8
186,TT-09,t-tests,lecture,Rewritten from textbook items to match lecture,9,Which Test · t-Tests,9,,,exam2,lab3,,"rewritten from a textbook-derived item (C09-191) to match the LD 810 lecture slides. Textbook: Salkind & Frey, *Statistics for People Who (Think They) Hate Statistics* (SAGE).",,,,,4,2,27,77,2,2.0,0.0,1,Q: A paired-samples t-test on 28 pre/post pairs has degrees of freedom equal to:  ||  A) 28  |  B) 27 [X]  |  C) 54  |  D) 56,6
187,ANOVA-01,ANOVA,lecture,Rewritten from textbook items to match lecture,10,ANOVA and Post-Hoc Comparisons,10,,,exam2,lab3,,"rewritten from a textbook-derived item (C10-202) to match the LD 810 lecture slides. Textbook: Salkind & Frey, *Statistics for People Who (Think They) Hate Statistics* (SAGE).",,,,,4,2,One-way ANOVA,109,13,22.0,-9.0,0,Q: A dean compares mean satisfaction across four colleges (different students in each). The appropriate test is:  ||  A) Independent-samples t-test  |  B) One-way ANOVA [X]  |  C) Paired-samples t-test  |  D) Pearson correlation,8
188,ANOVA-02,ANOVA,lecture,Rewritten from textbook items to match lecture,10,ANOVA and Post-Hoc Comparisons,10,,,exam2,lab3,,"rewritten from a textbook-derived item (C10-203) to match the LD 810 lecture slides. Textbook: Salkind & Frey, *Statistics for People Who (Think They) Hate Statistics* (SAGE).",,,,,4,1,All three population means are equal,84,36,28.7,7.3,0,Q: The null hypothesis for a one-way ANOVA comparing three advising models states that:  ||  A) All three population means are equal [X]  |  B) At least one pair of means differs  |  C) The variances are equal  |  D) The samples are the same size,7
189,ANOVA-03,ANOVA,lecture,Rewritten from textbook items to match lecture,10,ANOVA and Post-Hoc Comparisons,10,,,exam2,lab3,,"rewritten from a textbook-derived item (C10-204) to match the LD 810 lecture slides. Textbook: Salkind & Frey, *Statistics for People Who (Think They) Hate Statistics* (SAGE).",,,,,4,1,Between-groups variance to within-groups variance,39,49,33.3,15.7,0,Q: The F-statistic in ANOVA is a ratio of:  ||  A) Between-groups variance to within-groups variance [X]  |  B) Total variance to error variance  |  C) The largest mean to the smallest mean  |  D) Sample size to number of groups,6
190,ANOVA-04,ANOVA,lecture,Rewritten from textbook items to match lecture,10,ANOVA and Post-Hoc Comparisons,10,,,exam2,lab3,,"rewritten from a textbook-derived item (C10-208) to match the LD 810 lecture slides. Textbook: Salkind & Frey, *Statistics for People Who (Think They) Hate Statistics* (SAGE).",,,,,4,2,Run post-hoc comparisons such as Tukey HSD,120,42,28.0,14.0,0,"Q: A one-way ANOVA across five campuses is significant. To learn *which* campuses differ from each other, the next step is:  ||  A) Run the ANOVA again with a smaller alpha  |  B) Run post-hoc comparisons such as Tukey HSD [X]  |  C) Report the F-value and stop  |  D) Run a correlation",8
191,ANOVA-05,ANOVA,lecture,Rewritten from textbook items to match lecture,10,ANOVA and Post-Hoc Comparisons,10,,,exam2,lab3,,"rewritten from a textbook-derived item (C10-220) to match the LD 810 lecture slides. Textbook: Salkind & Frey, *Statistics for People Who (Think They) Hate Statistics* (SAGE).",,,,,4,2,The chance of at least one Type I error inflates well above .05,113,63,33.3,29.7,1,"Q: Instead of an ANOVA, an analyst runs six separate t-tests among four groups at α = .05. The main problem is that:  ||  A) t-tests cannot compare means  |  B) The chance of at least one Type I error inflates well above .05 [X]  |  C) The degrees of freedom become negative  |  D) The effect size cannot be computed",8
192,ANOVA-06,ANOVA,lecture,Rewritten from textbook items to match lecture,10,ANOVA and Post-Hoc Comparisons,10,,,exam2,lab3,,"rewritten from a textbook-derived item (C10-210) to match the LD 810 lecture slides. Textbook: Salkind & Frey, *Statistics for People Who (Think They) Hate Statistics* (SAGE).",,,,,4,1,12% of the variance in the outcome is associated with group membership,45,70,29.3,40.7,1,Q: An ANOVA output reports η² = .12. This means:  ||  A) 12% of the variance in the outcome is associated with group membership [X]  |  B) The F-value was 12  |  C) The result is significant at p = .12  |  D) 12 participants were in each group,6
193,ANOVA-07,ANOVA,lecture,Rewritten from textbook items to match lecture,10,ANOVA and Post-Hoc Comparisons,10,,,exam2,lab3,,"rewritten from a textbook-derived item (C10-214) to match the LD 810 lecture slides. Textbook: Salkind & Frey, *Statistics for People Who (Think They) Hate Statistics* (SAGE).",,,,,4,2,The effect of training type depends on which campus you look at,78,63,30.0,33.0,0,"Q: In a two-way ANOVA of training type × campus, a significant interaction means:  ||  A) Both main effects are significant  |  B) The effect of training type depends on which campus you look at [X]  |  C) Training type has no effect  |  D) The two factors are correlated",5
194,ANOVA-08,ANOVA,lecture,Rewritten from textbook items to match lecture,10,ANOVA and Post-Hoc Comparisons,10,,,exam2,lab3,,"rewritten from a textbook-derived item (C10-211) to match the LD 810 lecture slides. Textbook: Salkind & Frey, *Statistics for People Who (Think They) Hate Statistics* (SAGE).",,,,,4,2,Homogeneity of variance across groups,98,37,23.3,13.7,0,"Q: Before trusting a one-way ANOVA, an analyst checks Levene's test. It is testing the assumption of:  ||  A) Normality of the outcome  |  B) Homogeneity of variance across groups [X]  |  C) Independence of observations  |  D) Equal sample sizes",9
195,CORR-01,Correlation,lecture,Rewritten from textbook items to match lecture,11,Correlation and Regression,11,,,exam2,lab4,,"rewritten from a textbook-derived item (C05-101) to match the LD 810 lecture slides. Textbook: Salkind & Frey, *Statistics for People Who (Think They) Hate Statistics* (SAGE).",,,,,4,1,The strength and direction of a linear relationship,96,51,36.0,15.0,1,Q: A study reports r = .62 between hours of advising and first-year GPA. The correlation describes:  ||  A) The strength and direction of a linear relationship [X]  |  B) Proof that advising raises GPA  |  C) The difference between two group means  |  D) The percent of students who were advised,29
196,CORR-02,Correlation,lecture,Rewritten from textbook items to match lecture,11,Correlation and Regression,11,,,exam2,lab4,,"rewritten from a textbook-derived item (C05-109) to match the LD 810 lecture slides. Textbook: Salkind & Frey, *Statistics for People Who (Think They) Hate Statistics* (SAGE).",,,,,4,2,r = −.72,65,8,8.0,0.0,0,Q: Which of these correlations indicates the strongest relationship?  ||  A) r = +.45  |  B) r = −.72 [X]  |  C) r = +.68  |  D) r = −.10,21
197,CORR-03,Correlation,lecture,Rewritten from textbook items to match lecture,11,Correlation and Regression,11,,,exam2,lab4,,"rewritten from a textbook-derived item (C05-111) to match the LD 810 lecture slides. Textbook: Salkind & Frey, *Statistics for People Who (Think They) Hate Statistics* (SAGE).",,,,,4,2,25% of the variance in exam scores is shared with study hours,100,61,42.3,18.7,1,"Q: If r = .50 between study hours and exam score, the coefficient of determination (r²) tells you that:  ||  A) 50% of the variance in exam scores is explained by study hours  |  B) 25% of the variance in exam scores is shared with study hours [X]  |  C) Studying causes a 50-point gain  |  D) The correlation is not significant",6
198,CORR-04,Correlation,lecture,Rewritten from textbook items to match lecture,11,Correlation and Regression,11,,,exam2,lab4,,"rewritten from a textbook-derived item (C05-114) to match the LD 810 lecture slides. Textbook: Salkind & Frey, *Statistics for People Who (Think They) Hate Statistics* (SAGE).",,,,,4,1,Correlation does not by itself establish causation — a third variable could drive both,139,86,39.7,46.3,0,Q: A campus paper reports 'students who eat breakfast have higher GPAs' and concludes breakfast improves grades. The statistical objection is:  ||  A) Correlation does not by itself establish causation — a third variable could drive both [X]  |  B) The sample must have been too small  |  C) GPA is not a continuous variable  |  D) Correlations cannot be computed with behavioral data,16
199,CORR-05,Correlation,lecture,Rewritten from textbook items to match lecture,11,Correlation and Regression,11,,,exam2,lab4,,"rewritten from a textbook-derived item (C05-118) to match the LD 810 lecture slides. Textbook: Salkind & Frey, *Statistics for People Who (Think They) Hate Statistics* (SAGE).",,,,,4,2,Restriction of range — little variability in SAT among these students,173,69,28.7,40.3,1,Q: A researcher finds almost no correlation between SAT scores and GPA among students at a highly selective college (all SATs between 1450 and 1600). The likely explanation is:  ||  A) SAT scores do not predict GPA anywhere  |  B) Restriction of range — little variability in SAT among these students [X]  |  C) GPA is negatively skewed  |  D) The sample was too large,21
200,CORR-06,Correlation,lecture,Rewritten from textbook items to match lecture,11,Correlation and Regression,11,,,exam2,lab4,,"rewritten from a textbook-derived item (C05-120) to match the LD 810 lecture slides. Textbook: Salkind & Frey, *Statistics for People Who (Think They) Hate Statistics* (SAGE).",,,,,4,1,Season/temperature,117,18,18.3,-0.3,0,Q: Ice-cream sales and campus emergency calls are positively correlated. A plausible third variable that drives both is:  ||  A) Season/temperature [X]  |  B) Sample size  |  C) The correlation coefficient  |  D) Measurement error,15
201,CORR-07,Correlation,lecture,Rewritten from textbook items to match lecture,11,Correlation and Regression,11,,,exam2,lab4,,"rewritten from a textbook-derived item (C05-119) to match the LD 810 lecture slides. Textbook: Salkind & Frey, *Statistics for People Who (Think They) Hate Statistics* (SAGE).",,,,,4,2,Spearman rho,131,12,9.7,2.3,0,Q: A chaplain correlates soldiers' *rank ordering* of eight values with their ordinal cohesion rating. The appropriate coefficient is:  ||  A) Pearson r  |  B) Spearman rho [X]  |  C) Cohen's d  |  D) Eta squared,12
202,REG-01,Regression,lecture,Rewritten from textbook items to match lecture,11,Correlation and Regression,11,,,exam2,lab4,,"rewritten from a textbook-derived item (C06-121) to match the LD 810 lecture slides. Textbook: Salkind & Frey, *Statistics for People Who (Think They) Hate Statistics* (SAGE).",,,,,4,2,Simple linear regression,102,24,15.7,8.3,0,Q: A financial-aid office wants to *predict* a student's unmet need from family income. The technique is:  ||  A) Correlation  |  B) Simple linear regression [X]  |  C) Independent-samples t-test  |  D) Chi-square,15
203,REG-02,Regression,lecture,Rewritten from textbook items to match lecture,11,Correlation and Regression,11,,,exam2,lab4,,"rewritten from a textbook-derived item (C06-126) to match the LD 810 lecture slides. Textbook: Salkind & Frey, *Statistics for People Who (Think They) Hate Statistics* (SAGE).",,,,,4,2,Each additional study hour is associated with a 0.4-point higher predicted GPA,70,78,36.3,41.7,1,"Q: In the equation Predicted GPA = 1.2 + 0.4(Study hours), the 0.4 means:  ||  A) Predicted GPA when study hours = 0  |  B) Each additional study hour is associated with a 0.4-point higher predicted GPA [X]  |  C) The correlation between the variables is .4  |  D) 40% of GPA variance is explained",5
204,REG-03,Regression,lecture,Rewritten from textbook items to match lecture,11,Correlation and Regression,11,,,exam2,lab4,,"rewritten from a textbook-derived item (C06-125) to match the LD 810 lecture slides. Textbook: Salkind & Frey, *Statistics for People Who (Think They) Hate Statistics* (SAGE).",,,,,4,2,Intercept — predicted salary at zero years of service,74,53,10.0,43.0,1,"Q: In Predicted salary = 38,000 + 2,100(Years of service), the 38,000 is the:  ||  A) Slope  |  B) Intercept — predicted salary at zero years of service [X]  |  C) Standard error  |  D) Correlation",10
205,REG-04,Regression,lecture,Rewritten from textbook items to match lecture,11,Correlation and Regression,11,,,exam2,lab4,,"rewritten from a textbook-derived item (C06-124) to match the LD 810 lecture slides. Textbook: Salkind & Frey, *Statistics for People Who (Think They) Hate Statistics* (SAGE).",,,,,4,2,Minimizes the sum of squared vertical distances from the points to the line,53,75,33.7,41.3,0,Q: The 'least squares' regression line is the line that:  ||  A) Passes through the most data points  |  B) Minimizes the sum of squared vertical distances from the points to the line [X]  |  C) Has a slope of exactly 1  |  D) Connects the smallest and largest X values,13
206,REG-05,Regression,lecture,Rewritten from textbook items to match lecture,11,Correlation and Regression,11,,,exam2,lab4,,"rewritten from a textbook-derived item (C06-137) to match the LD 810 lecture slides. Textbook: Salkind & Frey, *Statistics for People Who (Think They) Hate Statistics* (SAGE).",,,,,4,2,+0.3,88,4,3.0,1.0,1,Q: A student's actual GPA is 3.4 and the regression equation predicts 3.1. The residual is:  ||  A) −0.3  |  B) +0.3 [X]  |  C) 3.25  |  D) 0,8
207,REG-06,Regression,lecture,Rewritten from textbook items to match lecture,11,Correlation and Regression,11,,,exam2,lab4,,"rewritten from a textbook-derived item (C06-139) to match the LD 810 lecture slides. Textbook: Salkind & Frey, *Statistics for People Who (Think They) Hate Statistics* (SAGE).",,,,,4,2,Extrapolation beyond the observed range,170,39,16.7,22.3,1,Q: A model of retention was built on students with 0–15 credit hours of AP work. Using it to predict retention for a student with 40 AP credits is risky because it involves:  ||  A) Interpolation  |  B) Extrapolation beyond the observed range [X]  |  C) Multicollinearity  |  D) Restriction of range,11
208,REG-07,Regression,lecture,Rewritten from textbook items to match lecture,11,Correlation and Regression,11,,,exam2,lab4,,"rewritten from a textbook-derived item (C06-131) to match the LD 810 lecture slides. Textbook: Salkind & Frey, *Statistics for People Who (Think They) Hate Statistics* (SAGE).",,,,,4,1,Model A,155,7,17.7,-10.7,1,Q: Two regression models predict time-to-degree. Model A has a standard error of estimate of 0.4 years; Model B has 1.3 years. Which predicts more accurately?  ||  A) Model A [X]  |  B) Model B  |  C) They are equally accurate  |  D) Cannot tell without r,15
209,MREG-01,Multiple regression,lecture,Rewritten from textbook items to match lecture,12,Multiple Regression and Diagnostics,12,,,exam2,lab4,,"rewritten from a textbook-derived item (C14-282) to match the LD 810 lecture slides. Textbook: Salkind & Frey, *Statistics for People Who (Think They) Hate Statistics* (SAGE).",,,,,4,1,38% of the variance in first-year GPA is explained by the three predictors together,128,83,35.3,47.7,1,"Q: A multiple regression predicting first-year GPA from high-school GPA, test score, and hours worked reports R² = .38. This means:  ||  A) 38% of the variance in first-year GPA is explained by the three predictors together [X]  |  B) Each predictor explains 38%  |  C) The correlation between any two predictors is .38  |  D) 38 students were in the sample",14
210,MREG-02,Multiple regression,lecture,Rewritten from textbook items to match lecture,12,Multiple Regression and Diagnostics,12,,,exam2,lab4,,"rewritten from a textbook-derived item (C14-284) to match the LD 810 lecture slides. Textbook: Salkind & Frey, *Statistics for People Who (Think They) Hate Statistics* (SAGE).",,,,,4,1,Adjusted R²,126,11,12.3,-1.3,1,"Q: Adding a fourth, useless predictor raised R² from .380 to .382. Which statistic is designed to penalize this kind of addition?  ||  A) Adjusted R² [X]  |  B) The F-statistic  |  C) Cohen's d  |  D) The intercept",11
211,MREG-03,Multiple regression,lecture,Rewritten from textbook items to match lecture,12,Multiple Regression and Diagnostics,12,,,exam2,lab4,,"rewritten from a textbook-derived item (C14-287) to match the LD 810 lecture slides. Textbook: Salkind & Frey, *Statistics for People Who (Think They) Hate Statistics* (SAGE).",,,,,4,2,Multicollinearity,131,17,17.7,-0.7,1,Q: Two predictors in a model — 'credits attempted' and 'credits completed' — correlate at r = .96. The problem this creates is called:  ||  A) Heteroscedasticity  |  B) Multicollinearity [X]  |  C) Restriction of range  |  D) Autocorrelation,15
212,MREG-04,Multiple regression,lecture,Rewritten from textbook items to match lecture,12,Multiple Regression and Diagnostics,12,,,exam2,lab4,,"rewritten from a textbook-derived item (C14-288) to match the LD 810 lecture slides. Textbook: Salkind & Frey, *Statistics for People Who (Think They) Hate Statistics* (SAGE).",,,,,4,2,How much a predictor's variance is inflated by its correlation with other predictors,78,84,26.0,58.0,0,Q: An analyst checks the VIF column in SPSS regression output. VIF is diagnosing:  ||  A) Normality of residuals  |  B) How much a predictor's variance is inflated by its correlation with other predictors [X]  |  C) Whether the intercept is significant  |  D) Sample size adequacy,15
213,MREG-05,Multiple regression,lecture,Rewritten from textbook items to match lecture,12,Multiple Regression and Diagnostics,12,,,exam2,lab4,,"rewritten from a textbook-derived item (C14-286) to match the LD 810 lecture slides. Textbook: Salkind & Frey, *Statistics for People Who (Think They) Hate Statistics* (SAGE).",,,,,4,2,The standardized beta weights,212,29,19.0,10.0,1,"Q: In a regression output, one predictor has B = 250 and another has B = 0.8, but their standardized beta weights are .21 and .34. To compare the *relative* importance of predictors measured in different units, use:  ||  A) The unstandardized B values  |  B) The standardized beta weights [X]  |  C) The intercept  |  D) The p-values only",10
214,MREG-06,Multiple regression,lecture,Rewritten from textbook items to match lecture,12,Multiple Regression and Diagnostics,12,,,exam2,lab4,,"rewritten from a textbook-derived item (C14-295) to match the LD 810 lecture slides. Textbook: Salkind & Frey, *Statistics for People Who (Think They) Hate Statistics* (SAGE).",,,,,4,2,Homoscedasticity (constant variance of residuals),137,49,14.7,34.3,0,"Q: A residual plot fans out — small spread at low predicted values, large spread at high predicted values. The assumption being violated is:  ||  A) Linearity  |  B) Homoscedasticity (constant variance of residuals) [X]  |  C) Independence  |  D) Normality of predictors",15
215,MREG-07,Multiple regression,lecture,Rewritten from textbook items to match lecture,12,Multiple Regression and Diagnostics,12,,,exam2,lab4,,"rewritten from a textbook-derived item (C14-299) to match the LD 810 lecture slides. Textbook: Salkind & Frey, *Statistics for People Who (Think They) Hate Statistics* (SAGE).",,,,,4,2,3,141,1,1.0,0.0,0,"Q: To include a 'college' variable with four categories (Arts, Business, Education, Nursing) in a regression, you need how many dummy variables?  ||  A) 4  |  B) 3 [X]  |  C) 1  |  D) 5",15
216,MREG-08,Multiple regression,lecture,Rewritten from textbook items to match lecture,12,Multiple Regression and Diagnostics,12,,,exam2,lab4,,"rewritten from a textbook-derived item (C14-285) to match the LD 810 lecture slides. Textbook: Salkind & Frey, *Statistics for People Who (Think They) Hate Statistics* (SAGE).",,,,,4,2,Does the model as a whole explain significantly more variance than no predictors at all?,72,88,40.7,47.3,0,Q: The overall F-test in a multiple regression output answers the question:  ||  A) Is each individual predictor significant?  |  B) Does the model as a whole explain significantly more variance than no predictors at all? [X]  |  C) Are the predictors correlated with each other?  |  D) Is the sample normally distributed?,15
217,FA-01,Factor analysis,lecture,Rewritten from textbook items to match lecture,13,Factor Analysis,13,,,none,none,,"rewritten from a textbook-derived item (C15-301) to match the LD 810 lecture slides. Textbook: Salkind & Frey, *Statistics for People Who (Think They) Hate Statistics* (SAGE).",,,,,4,2,Factor analysis,124,15,15.0,0.0,1,Q: A 40-item campus-climate survey is analyzed to see whether items cluster into a few underlying dimensions. The technique is:  ||  A) Multiple regression  |  B) Factor analysis [X]  |  C) One-way ANOVA  |  D) Paired t-test,2
219,FA-03,Factor analysis,lecture,Rewritten from textbook items to match lecture,13,Factor Analysis,13,,,none,none,,"rewritten from a textbook-derived item (C15-308) to match the LD 810 lecture slides. Textbook: Salkind & Frey, *Statistics for People Who (Think They) Hate Statistics* (SAGE).",,,,,4,2,How many factors to retain,55,26,25.3,0.7,0,Q: A scree plot is used in factor analysis to help decide:  ||  A) Which rotation to use  |  B) How many factors to retain [X]  |  C) Whether the sample is large enough  |  D) Which items to delete,15
220,FA-04,Factor analysis,lecture,Rewritten from textbook items to match lecture,13,Factor Analysis,13,,,none,none,,"rewritten from a textbook-derived item (C15-309) to match the LD 810 lecture slides. Textbook: Salkind & Frey, *Statistics for People Who (Think They) Hate Statistics* (SAGE).",,,,,4,1,The item correlates strongly with Factor 1 and weakly with Factor 2,84,67,27.0,40.0,1,Q: An item has a loading of .78 on Factor 1 and .12 on Factor 2. The loading tells you:  ||  A) The item correlates strongly with Factor 1 and weakly with Factor 2 [X]  |  B) The item should be deleted  |  C) Factor 2 is more important  |  D) The item's reliability is .78,1
221,FA-05,Factor analysis,lecture,Rewritten from textbook items to match lecture,13,Factor Analysis,13,,,none,none,,"rewritten from a textbook-derived item (C15-311) to match the LD 810 lecture slides. Textbook: Salkind & Frey, *Statistics for People Who (Think They) Hate Statistics* (SAGE).",,,,,4,2,Make the pattern of loadings easier to interpret,75,48,31.3,16.7,0,"Q: After extracting factors, an analyst applies a rotation. The purpose is to:  ||  A) Increase the number of factors  |  B) Make the pattern of loadings easier to interpret [X]  |  C) Force items to load on every factor  |  D) Test statistical significance",1
223,KQ-01,Levels of measurement,lecture,Rewritten from textbook items to match lecture,2,Variables and the Shape of Data,2,,,exam1,lab1,,"Appeared on a Fall 2025 LD 810 quiz; rewritten from a textbook-derived item (C02-052) to match the LD 810 lecture slides. Textbook: Salkind & Frey, *Statistics for People Who (Think They) Hate Statistics* (SAGE).",,,,,4,3,"Housing type (residence hall, apartment, with family, other)",69,60,23.0,37.0,0,"Q: Which of the following is a categorical variable in a housing survey?  ||  A) Monthly rent in dollars  |  B) Distance to campus in miles  |  C) Housing type (residence hall, apartment, with family, other) [X]  |  D) Number of roommates",12
224,KQ-02,Levels of measurement,lecture,Rewritten from textbook items to match lecture,2,Variables and the Shape of Data,2,,,exam1,lab1,,"Appeared on a Fall 2025 LD 810 quiz; rewritten from a textbook-derived item (C02-053) to match the LD 810 lecture slides. Textbook: Salkind & Frey, *Statistics for People Who (Think They) Hate Statistics* (SAGE).",,,,,4,3,Time in service measured in years and months,48,44,17.3,26.7,0,Q: Which of the following is a continuous variable?  ||  A) Branch of service  |  B) Number of deployments  |  C) Time in service measured in years and months [X]  |  D) Marital status,25
225,KQ-03,Levels of measurement,lecture,Rewritten from textbook items to match lecture,2,Variables and the Shape of Data,2,,,exam1,lab1,,"Appeared on a Fall 2025 LD 810 quiz; rewritten from a textbook-derived item (C02-059) to match the LD 810 lecture slides. Textbook: Salkind & Frey, *Statistics for People Who (Think They) Hate Statistics* (SAGE).",,,,,4,1,Nominal,80,7,6.7,0.3,0,Q: A survey asks respondents to identify their gender. The level of measurement is:  ||  A) Nominal [X]  |  B) Ordinal  |  C) Interval  |  D) Ratio,2
327,P02-26,Center and spread,pub,Publisher test bank — application level,3,"Center, Spread and a First Analysis",3,,,exam1,lab1,,"Publisher test bank item (Analysis level), Ch. 2 of Salkind & Frey, *Statistics for People Who (Think They) Hate Statistics* (SAGE), 7th ed.",,,,,4,3,It will increase.,100,17,19.0,-2.0,1,"Q: Your current exam mean is 97.2. If you receive a 99 on the next exam, what will happen to your mean?  ||  A) It has no effect.  |  B) It will decrease  |  C) It will increase. [X]  |  D) It cannot be determined.",5
328,P02-47,Center and spread,pub,Publisher test bank — application level,3,"Center, Spread and a First Analysis",3,,,exam1,lab1,,"Publisher test bank item (Application level), Ch. 2 of Salkind & Frey, *Statistics for People Who (Think They) Hate Statistics* (SAGE), 7th ed.",,,,,4,3,mode,271,4,7.7,-3.7,0,"Q: Market researchers sent out a survey to college students in Ohio to assess their preferences regarding three different brands of honey. When examining the average preference of the respondents, which measure of central tendency is most likely to be used to describe them?  ||  A) median  |  B) mean  |  C) mode [X]  |  D) weighted mean",6
329,P02-53,Center and spread,pub,Publisher test bank — application level,3,"Center, Spread and a First Analysis",3,,,exam1,lab1,,"Publisher test bank item (Application level), Ch. 2 of Salkind & Frey, *Statistics for People Who (Think They) Hate Statistics* (SAGE), 7th ed.",,,,,4,2,median,123,6,7.3,-1.3,0,Q: Which measure of central tendency is used when you calculate the average of individual income and find many extreme scores?  ||  A) mean  |  B) median [X]  |  C) mode  |  D) standard error,7
330,P02-56,Center and spread,pub,Publisher test bank — application level,3,"Center, Spread and a First Analysis",3,,,exam1,lab1,,"Publisher test bank item (Application level), Ch. 2 of Salkind & Frey, *Statistics for People Who (Think They) Hate Statistics* (SAGE), 7th ed.",,,,,4,3,"23, 37, 42, 51, 147",53,19,18.0,1.0,0,"Q: Which of the following sets of data illustrates skew?  ||  A) 2, 3, 5, 7, 9  |  B) 450, 472, 523, 547, 601  |  C) 23, 37, 42, 51, 147 [X]  |  D) 12, 14, 15, 17, 19",6
331,P02-57,Center and spread,pub,Publisher test bank — application level,3,"Center, Spread and a First Analysis",3,,,exam1,lab1,,"Publisher test bank item (Analysis level), Ch. 2 of Salkind & Frey, *Statistics for People Who (Think They) Hate Statistics* (SAGE), 7th ed.",,,,,4,2,median,121,6,7.0,-1.0,1,"Q: What is the preferred measure of central tendency using the following data: $32,400; $42,500; $47,250; $49,570; $145,850?  ||  A) mean  |  B) median [X]  |  C) mode  |  D) weighted mean",5
332,P02-59,Center and spread,pub,Publisher test bank — application level,3,"Center, Spread and a First Analysis",3,,,exam1,lab1,,"Publisher test bank item (Analysis level), Ch. 2 of Salkind & Frey, *Statistics for People Who (Think They) Hate Statistics* (SAGE), 7th ed.",,,,,4,4,mode,120,4,7.7,-3.7,1,"Q: What is the preferred measure of central tendency using the following data: 23 Americans, 57 Mexicans, and 14 Canadians?  ||  A) mean  |  B) weighted mean  |  C) median  |  D) mode [X]",20
333,P03-26,Center and spread,pub,Publisher test bank — application level,3,"Center, Spread and a First Analysis",3,,,exam1,lab1,,"Publisher test bank item (Application level), Ch. 3 of Salkind & Frey, *Statistics for People Who (Think They) Hate Statistics* (SAGE), 7th ed.",,,,,4,1,"7, 10, 11, 15, 19",67,17,16.7,0.3,0,"Q: Which of the following sets of scores has the greatest variability?  ||  A) 7, 10, 11, 15, 19 [X]  |  B) 7, 7, 8, 8, 10, 11  |  C) 7, 7, 7, 7, 7, 7  |  D) 6, 6, 7, 7, 7, 7",10
334,P03-27,Center and spread,pub,Publisher test bank — application level,3,"Center, Spread and a First Analysis",3,,,exam1,lab1,,"Publisher test bank item (Application level), Ch. 3 of Salkind & Frey, *Statistics for People Who (Think They) Hate Statistics* (SAGE), 7th ed.",,,,,4,1,"5, 4, 5, 6, 5",64,13,14.7,-1.7,0,"Q: Which of the following sets of scores has the least variability?  ||  A) 5, 4, 5, 6, 5 [X]  |  B) 7, 2, 8, 9, 4  |  C) 12, 14, 17, 19, 21  |  D) 1, 2, 1, 7, 9",14
335,P03-45,Center and spread,pub,Publisher test bank — application level,3,"Center, Spread and a First Analysis",3,,,exam1,lab1,,"Publisher test bank item (Application level), Ch. 3 of Salkind & Frey, *Statistics for People Who (Think They) Hate Statistics* (SAGE), 7th ed.",,,,,4,3,"5, 5, 5, 5, 5",55,13,13.3,-0.3,0,"Q: Which of the following sets of data has no variability?  ||  A) 1, 2, 5, 4, 7  |  B) 7, 7, 7, 2, 9  |  C) 5, 5, 5, 5, 5 [X]  |  D) 0, 0, 0, 0, 10",6
336,P03-47,Center and spread,pub,Publisher test bank — application level,3,"Center, Spread and a First Analysis",3,,,exam1,lab1,,"Publisher test bank item (Application level), Ch. 3 of Salkind & Frey, *Statistics for People Who (Think They) Hate Statistics* (SAGE), 7th ed.",,,,,4,3,2,71,1,2.3,-1.3,1,Q: The variance of a group of scores is 4. What is the standard deviation?  ||  A) 3.5  |  B) 18  |  C) 2 [X]  |  D) 16,3
337,P03-56,Center and spread,pub,Publisher test bank — application level,3,"Center, Spread and a First Analysis",3,,,exam1,lab1,,"Publisher test bank item (Application level), Ch. 3 of Salkind & Frey, *Statistics for People Who (Think They) Hate Statistics* (SAGE), 7th ed.",,,,,4,2,25,68,2,1.7,0.3,1,"Q: If you have a standard deviation of 5, your variance will be ______.  ||  A) 4  |  B) 25 [X]  |  C) 5  |  D) 625",6
338,P03-57,Center and spread,pub,Publisher test bank — application level,3,"Center, Spread and a First Analysis",3,,,exam1,lab1,,"Publisher test bank item (Application level), Ch. 3 of Salkind & Frey, *Statistics for People Who (Think They) Hate Statistics* (SAGE), 7th ed.",,,,,4,3,3,68,1,1.3,-0.3,1,"Q: If you have a variance of 9, your standard deviation will be ______.  ||  A) 9  |  B) 81  |  C) 3 [X]  |  D) 0",8
339,P04-24,Chart choice,pub,Publisher test bank — application level,2,Variables and the Shape of Data,2,,,exam1,lab1,,"Publisher test bank item (Application level), Ch. 4 of Salkind & Frey, *Statistics for People Who (Think They) Hate Statistics* (SAGE), 7th ed.",,,,,4,2,line graph,125,10,9.0,1.0,0,"Q: If you were interested in tracking your GPA during the time you are in graduate school, which of the following might you use?  ||  A) bar chart  |  B) line graph [X]  |  C) pie chart  |  D) histogram",11
340,P04-25,Chart choice,pub,Publisher test bank — application level,2,Variables and the Shape of Data,2,,,exam1,lab1,,"Publisher test bank item (Application level), Ch. 4 of Salkind & Frey, *Statistics for People Who (Think They) Hate Statistics* (SAGE), 7th ed.",,,,,4,1,line chart,106,10,9.0,1.0,0,"Q: If you wanted to depict trends in ice cream sales over the four seasons, what kind of chart would you use?  ||  A) line chart [X]  |  B) histogram  |  C) pie chart  |  D) bar chart",3
341,P05-16,Correlation,pub,Publisher test bank — application level,11,Correlation and Regression,11,,,exam2,lab4,,"Publisher test bank item (Application level), Ch. 5 of Salkind & Frey, *Statistics for People Who (Think They) Hate Statistics* (SAGE), 7th ed.",,,,,4,3,49%,93,3,3.0,0.0,1,Q: If the correlation between variables is 0.70 the percentage of the shared variance is ______.  ||  A) 70%  |  B) 51%  |  C) 49% [X]  |  D) 30%,16
342,P05-18,Correlation,pub,Publisher test bank — application level,11,Correlation and Regression,11,,,exam2,lab4,,"Publisher test bank item (Application level), Ch. 5 of Salkind & Frey, *Statistics for People Who (Think They) Hate Statistics* (SAGE), 7th ed.",,,,,4,3,0.64,87,4,4.0,0.0,1,"Q: If the correlation between variables is 0.80, what is the coefficient of determination?  ||  A) 0.20  |  B) 0.34  |  C) 0.64 [X]  |  D) 0.80",12
343,P05-24,Correlation,pub,Publisher test bank — application level,11,Correlation and Regression,11,,,exam2,lab4,,"Publisher test bank item (Application level), Ch. 5 of Salkind & Frey, *Statistics for People Who (Think They) Hate Statistics* (SAGE), 7th ed.",,,,,4,4,-0.92,52,5,4.0,1.0,0,Q: Which of the following is the strongest correlation?  ||  A) 0.21  |  B) 0.87  |  C) 0.44  |  D) -0.92 [X],17
344,P05-45,Correlation,pub,Publisher test bank — application level,11,Correlation and Regression,11,,,exam2,lab4,,"Publisher test bank item (Application level), Ch. 5 of Salkind & Frey, *Statistics for People Who (Think They) Hate Statistics* (SAGE), 7th ed.",,,,,4,4,0.90,112,4,4.0,0.0,1,"Q: If the coefficient of determination between two variables is .81, what is the Pearson's correlation coefficient?  ||  A) 0.19  |  B) 0.34  |  C) 0.66  |  D) 0.90 [X]",19
345,P05-55,Correlation,pub,Publisher test bank — application level,11,Correlation and Regression,11,,,exam2,lab4,,"Publisher test bank item (Application level), Ch. 5 of Salkind & Frey, *Statistics for People Who (Think They) Hate Statistics* (SAGE), 7th ed.",,,,,4,4,negative correlation,93,20,20.7,-0.7,0,"Q: ""The more oatmeal you eat, the lower your blood cholesterol level"" is an example of a ______.  ||  A) continuous correlation  |  B) biserial correlation  |  C) positive correlation  |  D) negative correlation [X]",16
346,P06-17,Reliability and validity,pub,Publisher test bank — application level,4,Reliability and Validity,4,,,exam1,lab1,,"Publisher test bank item (Application level), Ch. 6 of Salkind & Frey, *Statistics for People Who (Think They) Hate Statistics* (SAGE), 7th ed.",,,,,4,4,content validity,139,16,18.3,-2.3,0,"Q: If I can say that my weekly statistics quiz fairly assesses the material covered, what source of validity evidence should I have collected?  ||  A) criterion validity  |  B) concurrent validity  |  C) construct validity  |  D) content validity [X]",10
347,P06-18,Reliability and validity,pub,Publisher test bank — application level,4,Reliability and Validity,4,,,exam1,lab1,,"Publisher test bank item (Application level), Ch. 6 of Salkind & Frey, *Statistics for People Who (Think They) Hate Statistics* (SAGE), 7th ed.",,,,,4,2,criterion validity,166,18,17.7,0.3,1,Q: The EATS test (of culinary skills) has been shown to be correlated with being a fine chef 2 years after culinary school. This is an example of which type of validity?  ||  A) content validity  |  B) criterion validity [X]  |  C) concurrent validity  |  D) construct validity,7
348,P06-25,Reliability and validity,pub,Publisher test bank — application level,4,Reliability and Validity,4,,,exam1,lab1,,"Publisher test bank item (Application level), Ch. 6 of Salkind & Frey, *Statistics for People Who (Think They) Hate Statistics* (SAGE), 7th ed.",,,,,4,2,predictive validity,106,19,17.7,1.3,0,Q: High-school class rank is highly correlated with college GPA. This is an example of what type of validity?  ||  A) concurrent validity  |  B) predictive validity [X]  |  C) content validity  |  D) construct validity,7
349,P06-38,Reliability and validity,pub,Publisher test bank — application level,4,Reliability and Validity,4,,,exam1,lab1,,"Publisher test bank item (Application level), Ch. 6 of Salkind & Frey, *Statistics for People Who (Think They) Hate Statistics* (SAGE), 7th ed.",,,,,4,3,interrater,242,10,15.0,-5.0,0,"Q: Two trained professionals observe the behavior of children in a classroom. They each rate observed behaviors using the same form, and the number of items that were rated the same is calculated. This is an example of which type of reliability?  ||  A) parallel forms  |  B) test-retest  |  C) interrater [X]  |  D) internal consistency",6
350,P06-50,Reliability and validity,pub,Publisher test bank — application level,4,Reliability and Validity,4,,,exam1,lab1,,"Publisher test bank item (Application level), Ch. 6 of Salkind & Frey, *Statistics for People Who (Think They) Hate Statistics* (SAGE), 7th ed.",,,,,4,2,test-retest reliability,94,23,26.7,-3.7,0,"Q: If you want to know whether a test is reliable over time, what type of reliability do you use?  ||  A) parallel forms reliability  |  B) test-retest reliability [X]  |  C) interrater reliability  |  D) internal consistency reliability",7
351,P06-52,Reliability and validity,pub,Publisher test bank — application level,4,Reliability and Validity,4,,,exam1,lab1,,"Publisher test bank item (Application level), Ch. 6 of Salkind & Frey, *Statistics for People Who (Think They) Hate Statistics* (SAGE), 7th ed.",,,,,4,4,internal consistency reliability,114,32,23.7,8.3,0,"Q: If you want to know if the items on a test assess one and only one dimension, what type of reliability do you use?  ||  A) parallel forms reliability  |  B) test-retest reliability  |  C) interrater reliability  |  D) internal consistency reliability [X]",16
352,P08-26,Normal curve,pub,Publisher test bank — application level,6,The Normal Curve and z-Scores,6,,,exam1,lab2,,"Publisher test bank item (Application level), Ch. 8 of Salkind & Frey, *Statistics for People Who (Think They) Hate Statistics* (SAGE), 7th ed.",,,,,4,3,2.0,95,3,3.7,-0.7,1,"Q: With a raw score of 85, a group mean of 75, and a standard deviation of 5, what is the z score?  ||  A) -2.0  |  B) 2.5  |  C) 2.0 [X]  |  D) -2.5",9
353,P08-39,Normal curve,pub,Publisher test bank — application level,6,The Normal Curve and z-Scores,6,,,exam1,lab2,,"Publisher test bank item (Application level), Ch. 8 of Salkind & Frey, *Statistics for People Who (Think They) Hate Statistics* (SAGE), 7th ed.",,,,,4,4,130,125,3,2.3,0.7,1,"Q: If a distribution has a mean of 100 and a standard deviation of 15, what value would be +2 standard deviations from the mean?  ||  A) 70  |  B) 85  |  C) 115  |  D) 130 [X]",10
354,P08-46,Normal curve,pub,Publisher test bank — application level,6,The Normal Curve and z-Scores,6,,,exam1,lab2,,"Publisher test bank item (Application level), Ch. 8 of Salkind & Frey, *Statistics for People Who (Think They) Hate Statistics* (SAGE), 7th ed.",,,,,4,2,85 to 115,164,9,9.0,0.0,1,Q: What two scores would divide a normal distribution such that 64.26% of the general population falls within them if the mean is 100 and the standard deviation is 15?  ||  A) 80 to 120  |  B) 85 to 115 [X]  |  C) 90 to 110  |  D) 75 to 125,12
355,P08-52,Normal curve,pub,Publisher test bank — application level,6,The Normal Curve and z-Scores,6,,,exam1,lab2,,"Publisher test bank item (Application level), Ch. 8 of Salkind & Frey, *Statistics for People Who (Think They) Hate Statistics* (SAGE), 7th ed.",,,,,4,4,negatively skewed,129,17,15.0,2.0,0,"Q: A distribution of scores in which almost the entire class scored very high, but a few students scored fairly low would be ______.  ||  A) normally distributed  |  B) positively skewed  |  C) unskewed  |  D) negatively skewed [X]",10
356,P08-53,Normal curve,pub,Publisher test bank — application level,6,The Normal Curve and z-Scores,6,,,exam1,lab2,,"Publisher test bank item (Application level), Ch. 8 of Salkind & Frey, *Statistics for People Who (Think They) Hate Statistics* (SAGE), 7th ed.",,,,,4,2,positively skewed,129,17,15.0,2.0,0,"Q: A distribution of scores in which almost the entire class scored very low, but a few students scored fairly high would be ______.  ||  A) negatively skewed  |  B) positively skewed [X]  |  C) unskewed  |  D) normally distributed",22
357,P09-14,Hypothesis testing,pub,Publisher test bank — application level,8,Hypothesis Testing and Sampling Error,8,,,exam2,lab3,,"Publisher test bank item (Application level), Ch. 9 of Salkind & Frey, *Statistics for People Who (Think They) Hate Statistics* (SAGE), 7th ed.",,,,,4,2,0.05,150,4,4.0,0.0,1,"Q: If you conclude that your findings yield a 1 in 20 chance that differences were not due to the hypothesized reason, what is the corresponding p value?  ||  A) 0.01  |  B) 0.05 [X]  |  C) 0.10  |  D) 0.20",9
358,P10-24,Sampling and standard error,pub,Publisher test bank — application level,7,Confidence Intervals,7|8,,,exam1|exam2,lab2|lab3,,"Publisher test bank item (Application level), Ch. 10 of Salkind & Frey, *Statistics for People Who (Think They) Hate Statistics* (SAGE), 7th ed.",,,,,4,4,5,114,1,1.7,-0.7,1,"Q: If you have a population standard deviation of 10 and a sample size of 4, what is your standard error of the mean?  ||  A) -5  |  B) 14  |  C) 6  |  D) 5 [X]",42
359,P10-35,Sampling and standard error,pub,Publisher test bank — application level,7,Confidence Intervals,7|8,,,exam1|exam2,lab2|lab3,,"Publisher test bank item (Application level), Ch. 10 of Salkind & Frey, *Statistics for People Who (Think They) Hate Statistics* (SAGE), 7th ed.",,,,,4,3,There is not a significant difference between the sample value and the population.,85,82,75.3,6.7,1,"Q: In the statement, z = 1.42, p > 0.05, which of the following interpretations is TRUE?  ||  A) There is a significant difference between the sample value and the population.  |  B) There is a marginally significant difference between the sample value and the population.  |  C) There is not a significant difference between the sample value and the population. [X]  |  D) The answer cannot be determined from the information given.",10
360,P10-36,Sampling and standard error,pub,Publisher test bank — application level,7,Confidence Intervals,7|8,,,exam1|exam2,lab2|lab3,,"Publisher test bank item (Application level), Ch. 10 of Salkind & Frey, *Statistics for People Who (Think They) Hate Statistics* (SAGE), 7th ed.",,,,,4,1,There is a significant difference between the sample value and the population.,84,78,76.7,1.3,1,"Q: In the statement z = 3.14, p < 0.05, which of the following interpretations is TRUE?  ||  A) There is a significant difference between the sample value and the population. [X]  |  B) There is a marginally significant difference between the sample value and the population.  |  C) There is not a significant difference between the sample value and the population.  |  D) The answer cannot be determined from the information given.",19
361,P10-52,Sampling and standard error,pub,Publisher test bank — application level,7,Confidence Intervals,7|8,,,exam1|exam2,lab2|lab3,,"Publisher test bank item (Application level), Ch. 10 of Salkind & Frey, *Statistics for People Who (Think They) Hate Statistics* (SAGE), 7th ed.",,,,,4,1,There is a statistical significance in the test.,87,48,26.7,21.3,1,"Q: In a t-test, if the resultant t value is 2.72 and p < 0.05, what is the interpretation?  ||  A) There is a statistical significance in the test. [X]  |  B) There is no statistical significance in the test.  |  C) unknown  |  D) The sample is unaffected",21
362,P11-24,t-tests,pub,Publisher test bank — application level,9,Which Test · t-Tests,9,,,exam2,lab3,,"Publisher test bank item (Application level), Ch. 11 of Salkind & Frey, *Statistics for People Who (Think They) Hate Statistics* (SAGE), 7th ed.",,,,,4,3,60,120,2,2.0,0.0,1,"Q: If the number of participants in Group 1 = 32 and the number in Group 2 = 30, what is the associated degrees of freedom?  ||  A) 58  |  B) 59  |  C) 60 [X]  |  D) 62",6
363,P11-28,t-tests,pub,Publisher test bank — application level,9,Which Test · t-Tests,9,,,exam2,lab3,,"Publisher test bank item (Application level), Ch. 11 of Salkind & Frey, *Statistics for People Who (Think They) Hate Statistics* (SAGE), 7th ed.",,,,,4,3,degrees of freedom,76,18,13.0,5.0,1,"Q: What does the number 58 represent in the following: t(58) = 2.001, p < 0.05?  ||  A) test statistic  |  B) t value  |  C) degrees of freedom [X]  |  D) significance level",7
364,P11-40,t-tests,pub,Publisher test bank — application level,9,Which Test · t-Tests,9,,,exam2,lab3,,"Publisher test bank item (Application level), Ch. 11 of Salkind & Frey, *Statistics for People Who (Think They) Hate Statistics* (SAGE), 7th ed.",,,,,4,3,independent-samples t test,342,26,27.3,-1.3,0,"Q: A researcher wants to create an intervention to improve the well-being of first-semester graduate students, so she gives the professional school counseling students specific doses of rocky road ice cream and the mental health counseling students specific doses of licorice. To analyze the differences in well-being, she would use a(n) ______.  ||  A) dependent-samples t test  |  B) analysis of variance  |  C) independent-samples t test [X]  |  D) repeated-measures analysis of variance",14
365,P11-41,t-tests,pub,Publisher test bank — application level,9,Which Test · t-Tests,9,,,exam2,lab3,,"Publisher test bank item (Application level), Ch. 11 of Salkind & Frey, *Statistics for People Who (Think They) Hate Statistics* (SAGE), 7th ed.",,,,,4,2,analysis of variance,239,20,29.3,-9.3,0,"Q: A researcher wants to study the impact of pizza consumption on the happiness of college freshmen, sophomores, and juniors. What test statistic would the researcher need to use to evaluate the difference in effectiveness between the groups?  ||  A) dependent-samples t-test  |  B) analysis of variance [X]  |  C) independent-samples t-test  |  D) repeated-measures analysis of variance",9
366,P12-15,t-tests,pub,Publisher test bank — application level,9,Which Test · t-Tests,9,,,exam2,lab3,,"Publisher test bank item (Application level), Ch. 12 of Salkind & Frey, *Statistics for People Who (Think They) Hate Statistics* (SAGE), 7th ed.",,,,,4,3,30,80,2,2.0,0.0,1,"Q: How many subjects were examined based on the following: t(29) = 2.001, p < 0.05?  ||  A) 32  |  B) 31  |  C) 30 [X]  |  D) 29",6
367,P12-36,t-tests,pub,Publisher test bank — application level,9,Which Test · t-Tests,9,,,exam2,lab3,,"Publisher test bank item (Application level), Ch. 12 of Salkind & Frey, *Statistics for People Who (Think They) Hate Statistics* (SAGE), 7th ed.",,,,,4,3,dependent-samples t test,190,24,20.0,4.0,0,Q: Dr. Moo would like to find out if there was a significant difference between her patients' anxiety scores before and after they completed a yoga program. What is the appropriate test to run?  ||  A) independent-samples t test  |  B) factorial ANOVA  |  C) dependent-samples t test [X]  |  D) Pearson correlation,4
368,P12-37,t-tests,pub,Publisher test bank — application level,9,Which Test · t-Tests,9,,,exam2,lab3,,"Publisher test bank item (Application level), Ch. 12 of Salkind & Frey, *Statistics for People Who (Think They) Hate Statistics* (SAGE), 7th ed.",,,,,4,1,independent-samples t test,155,26,19.3,6.7,0,Q: Dr. Moo would like to find out if there was a significant difference between male and female patients' anxiety scores. What is the appropriate test to run?  ||  A) independent-samples t test [X]  |  B) factorial ANOVA  |  C) dependent-samples t test  |  D) Pearson correlation,6
369,P12-41,t-tests,pub,Publisher test bank — application level,9,Which Test · t-Tests,9,,,exam2,lab3,,"Publisher test bank item (Application level), Ch. 12 of Salkind & Frey, *Statistics for People Who (Think They) Hate Statistics* (SAGE), 7th ed.",,,,,4,2,reject the null hypothesis,109,26,31.3,-5.3,1,"Q: You run a t test and find that your results indicate that t(26) = 3.13, p < 0.05. Your decision is to ______.  ||  A) fail to reject the null hypothesis  |  B) reject the null hypothesis [X]  |  C) ignore the null hypothesis  |  D) fail to ignore the null hypothesis",5
370,P12-60,t-tests,pub,Publisher test bank — application level,9,Which Test · t-Tests,9,,,exam2,lab3,,"Publisher test bank item (Application level), Ch. 12 of Salkind & Frey, *Statistics for People Who (Think They) Hate Statistics* (SAGE), 7th ed.",,,,,4,1,fail to reject the null hypothesis,119,34,27.3,6.7,1,"Q: You run a t test and find that your results indicate that t(38) = 1.13, p > 0.05. You determine that you should ______.  ||  A) fail to reject the null hypothesis [X]  |  B) reject the null hypothesis  |  C) ignore the null hypothesis  |  D) accept the research hypothesis",12
371,P13-26,ANOVA,pub,Publisher test bank — application level,10,ANOVA and Post-Hoc Comparisons,10,,,exam2,lab3,,"Publisher test bank item (Application level), Ch. 13 of Salkind & Frey, *Statistics for People Who (Think They) Hate Statistics* (SAGE), 7th ed.",,,,,4,3,3,75,1,1.7,-0.7,1,"Q: When interpreting F(2, 27) = 8.80, p < 0.05, how many groups were examined?  ||  A) 30  |  B) 27  |  C) 3 [X]  |  D) 2",12
372,P13-28,ANOVA,pub,Publisher test bank — application level,10,ANOVA and Post-Hoc Comparisons,10,,,exam2,lab3,,"Publisher test bank item (Application level), Ch. 13 of Salkind & Frey, *Statistics for People Who (Think They) Hate Statistics* (SAGE), 7th ed.",,,,,4,1,30,84,2,1.3,0.7,1,"Q: When interpreting F(2, 27) = 8.80, p < 0.05, what is the total sample size examined?  ||  A) 30 [X]  |  B) 29  |  C) 3  |  D) 2",8
373,P13-47,ANOVA,pub,Publisher test bank — application level,10,ANOVA and Post-Hoc Comparisons,10,,,exam2,lab3,,"Publisher test bank item (Application level), Ch. 13 of Salkind & Frey, *Statistics for People Who (Think They) Hate Statistics* (SAGE), 7th ed.",,,,,4,2,analysis of variance,438,20,29.3,-9.3,0,"Q: A researcher wants to create an intervention to improve the well-being of first-semester graduate students, so she gives one group of students specific doses of rocky road ice cream, the next group of students specific doses of licorice, and the third group of students specific doses of chewy fruit-flavored candies for their treatments. To analyze the differences in well-being between the types of treatment, she would use a(n) ______.  ||  A) dependent-samples t test  |  B) analysis of variance [X]  |  C) independent-samples t test  |  D) repeated-measures analysis of variance",11
374,P15-24,Correlation,pub,Publisher test bank — application level,11,Correlation and Regression,11,,,exam2,lab4,,"Publisher test bank item (Application level), Ch. 15 of Salkind & Frey, *Statistics for People Who (Think They) Hate Statistics* (SAGE), 7th ed.",,,,,4,1,0.246,92,5,5.0,0.0,1,"Q: If the correlation between two variables is 0.496, what is the coefficient of determination?  ||  A) 0.246 [X]  |  B) 0.496  |  C) 0.504  |  D) 0.754",17
375,P15-31,Correlation,pub,Publisher test bank — application level,11,Correlation and Regression,11,,,exam2,lab4,,"Publisher test bank item (Application level), Ch. 15 of Salkind & Frey, *Statistics for People Who (Think They) Hate Statistics* (SAGE), 7th ed.",,,,,4,3,29,109,2,2.0,0.0,1,"Q: When computing a correlation coefficient, if you have 27 degrees of freedom, your sample size must be ______.  ||  A) 25  |  B) 27  |  C) 29 [X]  |  D) 26",49
376,P15-38,Correlation,pub,Publisher test bank — application level,11,Correlation and Regression,11,,,exam2,lab4,,"Publisher test bank item (Application level), Ch. 15 of Salkind & Frey, *Statistics for People Who (Think They) Hate Statistics* (SAGE), 7th ed.",,,,,4,1,one-tailed hypothesis,186,21,21.3,-0.3,0,"Q: To examine the association between temperature and frozen yogurt sales, you hypothesize that higher temperatures will be associated with increased frozen yogurt sales. You have a ______.  ||  A) one-tailed hypothesis [X]  |  B) two-tailed hypothesis  |  C) nondirectional hypothesis  |  D) invalid hypothesis",13
377,P15-43,Correlation,pub,Publisher test bank — application level,11,Correlation and Regression,11,,,exam2,lab4,,"Publisher test bank item (Application level), Ch. 15 of Salkind & Frey, *Statistics for People Who (Think They) Hate Statistics* (SAGE), 7th ed.",,,,,4,1,one-tailed hypothesis,155,21,18.3,2.7,0,Q: A researcher hypothesizes that there will be a positive relationship between couples' listening skills and length of marriage. The researcher has a ______.  ||  A) one-tailed hypothesis [X]  |  B) invalid hypothesis  |  C) valid hypothesis  |  D) two-tailed hypothesis,35
378,P15-59,Correlation,pub,Publisher test bank — application level,11,Correlation and Regression,11,,,exam2,lab4,,"Publisher test bank item (Application level), Ch. 15 of Salkind & Frey, *Statistics for People Who (Think They) Hate Statistics* (SAGE), 7th ed.",,,,,4,1,that the null hypothesis is rejected,123,36,40.3,-4.3,1,"Q: The correlation between the two variables of interest is 0.81, which is significant at the 0.0337 level. That means ______.  ||  A) that the null hypothesis is rejected [X]  |  B) that the research hypothesis is rejected  |  C) that the null hypothesis is accepted  |  D) that the null hypothesis cannot be determined",19
379,P16-23,Regression,pub,Publisher test bank — application level,11,Correlation and Regression,11,,,exam2,lab4,,"Publisher test bank item (Application level), Ch. 16 of Salkind & Frey, *Statistics for People Who (Think They) Hate Statistics* (SAGE), 7th ed.",,,,,4,2,2.97,166,4,4.0,0.0,1,"Q: Using the regression formula with a slope = 0.704 and an intercept = 0.719, what would the predicted college GPA be for a student whose current high school GPA = 3.2?  ||  A) 2.69  |  B) 2.97 [X]  |  C) 3.00  |  D) 3.20",17
380,P16-24,Regression,pub,Publisher test bank — application level,11,Correlation and Regression,11,,,exam2,lab4,,"Publisher test bank item (Application level), Ch. 16 of Salkind & Frey, *Statistics for People Who (Think They) Hate Statistics* (SAGE), 7th ed.",,,,,4,4,"$47,000",154,7,7.0,0.0,1,"Q: Using the regression formula with a slope = 2,000 and an intercept = 15,000, what would the predicted income be for someone who has 16 years of education?  ||  A) $40,000  |  B) $42,000  |  C) $45,000  |  D) $47,000 [X]",16
381,BRO-01,Levels of measurement,theme,Themed sets,2,Variables and the Shape of Data,2,broncos,Denver Broncos,exam1,lab1,,,,,,,4,1,"Nominal — it labels the player, nothing more",98,44,47.0,-3.0,0,"Q: A Broncos analyst records each player's jersey number. What level of measurement is jersey number?  ||  A) Nominal — it labels the player, nothing more [X]  |  B) Ordinal — higher numbers mean better players  |  C) Interval — differences between numbers are meaningful  |  D) Ratio — a jersey number of 0 means no player",13
382,BRO-02,Levels of measurement,theme,Themed sets,2,Variables and the Shape of Data,2,broncos,Denver Broncos,exam1,lab1,,,,,,,4,2,Ordinal,134,7,6.7,0.3,1,"Q: The AFC West standings list the Broncos, Chiefs, Chargers, and Raiders 1st through 4th. Finishing position is measured at which level?  ||  A) Nominal  |  B) Ordinal [X]  |  C) Interval  |  D) Ratio",32
383,BRO-03,Levels of measurement,theme,Themed sets,2,Variables and the Shape of Data,2,broncos,Denver Broncos,exam1,lab1,,,,,,,4,4,Ratio — zero yards is a true zero and 200 is twice 100,50,54,7.3,46.7,0,Q: Rushing yards per game is measured at which level?  ||  A) Nominal  |  B) Ordinal  |  C) Interval  |  D) Ratio — zero yards is a true zero and 200 is twice 100 [X],13
384,BRO-04,Variables and design,theme,Themed sets,2,Variables and the Shape of Data,2,broncos,Denver Broncos,exam1,lab1,,,,,,,4,2,Independent variable,136,20,18.0,2.0,1,"Q: A coach wants to know whether practicing at Denver's altitude (5,280 ft) affects fourth-quarter stamina. In this study, altitude is the:  ||  A) Dependent variable  |  B) Independent variable [X]  |  C) Confounding variable  |  D) Outcome variable",13
385,BRO-05,Center and spread,theme,Themed sets,3,"Center, Spread and a First Analysis",3,broncos,Denver Broncos,exam1,lab1,,,,,,,4,2,24,131,2,2.0,0.0,1,"Q: Over 17 games the Broncos score 24, 21, 27, 10, 24, 31, 24, 17, 20, 24, 13, 28, 24, 21, 35, 24, 19 points. Which value is the mode?  ||  A) 21  |  B) 24 [X]  |  C) 27  |  D) 35",11
386,BRO-06,Center and spread,theme,Themed sets,3,"Center, Spread and a First Analysis",3,broncos,Denver Broncos,exam1,lab1,,,,,,,4,1,"Kicker A — same mean, far less variability",181,42,48.0,-6.0,1,"Q: Two Broncos kickers each average 85% on field goals. Kicker A's game-by-game percentages have SD = 5; Kicker B's have SD = 22. A general manager who wants consistency should prefer:  ||  A) Kicker A — same mean, far less variability [X]  |  B) Kicker B — a larger SD signals a higher ceiling  |  C) Either; identical means make them equivalent  |  D) Neither; percentages cannot have a standard deviation",14
387,BRO-07,Center and spread,theme,Themed sets,3,"Center, Spread and a First Analysis",3,broncos,Denver Broncos,exam1,lab1,,,,,,,4,2,Median,156,6,4.3,1.7,1,"Q: Broncos ticket resale prices for one game are mostly $90–$150, plus a few club seats at $1,800. Which measure best describes the 'typical' price a fan paid?  ||  A) Mean  |  B) Median [X]  |  C) Mode  |  D) Range",16
388,BRO-08,Shape of data,theme,Themed sets,2,Variables and the Shape of Data,2,broncos,Denver Broncos,exam1,lab1,,,,,,,4,2,Negatively skewed,152,17,11.0,6.0,1,"Q: A histogram of Broncos attendance at Empower Field shows nearly every game at capacity (~76,000) with a few weather-shortened dips. The distribution is:  ||  A) Positively skewed  |  B) Negatively skewed [X]  |  C) Symmetric  |  D) Uniform",14
389,BRO-09,Shape of data,theme,Themed sets,2,Variables and the Shape of Data,2,broncos,Denver Broncos,exam1,lab1,,,,,,,4,1,Negatively skewed — a few big losses pull the mean below the median,112,67,13.3,53.7,1,"Q: A season's point differentials (points scored minus allowed) have mean +3, median +4, and mode +7. The shape is:  ||  A) Negatively skewed — a few big losses pull the mean below the median [X]  |  B) Positively skewed  |  C) Perfectly normal  |  D) Bimodal",8
390,BRO-10,Chart choice,theme,Themed sets,2,Variables and the Shape of Data,2,broncos,Denver Broncos,exam1,lab1,,,,,,,4,2,Line graph,120,10,9.7,0.3,1,Q: A broadcast graphic wants to show how the Broncos' weekly rushing totals changed across an 18-week season. Best display:  ||  A) Pie chart  |  B) Line graph [X]  |  C) Histogram  |  D) Scatterplot,10
391,BRO-11,Chart choice,theme,Themed sets,2,Variables and the Shape of Data,2,broncos,Denver Broncos,exam1,lab1,,,,,,,4,1,Bar chart,109,9,13.7,-4.7,0,"Q: To compare average points allowed across the four AFC West defenses in one season, the clearest display is a:  ||  A) Bar chart [X]  |  B) Line graph  |  C) Scatterplot  |  D) Box plot of one team",12
392,BRO-12,Chart choice,theme,Themed sets,2,Variables and the Shape of Data,2,broncos,Denver Broncos,exam1,lab1,,,,,,,4,1,A truncated axis exaggerates the change,106,39,29.7,9.3,1,"Q: A graphic shows the Broncos' win total 'soaring' from 8 to 10, but the y-axis starts at 7. The problem is:  ||  A) A truncated axis exaggerates the change [X]  |  B) Line graphs cannot show wins  |  C) The data should be in a pie chart  |  D) The x-axis is missing labels",16
393,BRO-13,Reliability,theme,Themed sets,4,Reliability and Validity,4,broncos,Denver Broncos,exam1,lab1,,,,,,,4,2,Inter-rater reliability,130,23,19.3,3.7,1,Q: Two scouts independently grade the same 50 draft prospects on a 1–10 scale and their grades correlate at .91. This is evidence of:  ||  A) Test-retest reliability  |  B) Inter-rater reliability [X]  |  C) Content validity  |  D) Predictive validity,16
394,BRO-14,Reliability,theme,Themed sets,4,Reliability and Validity,4,broncos,Denver Broncos,exam1,lab1,,,,,,,4,2,Reliability — the readings are inconsistent,163,43,40.7,2.3,1,"Q: A hand-held stopwatch times a receiver's 40-yard dash at 4.52, 4.38, 4.61, and 4.45 seconds across four identical trials. The measurement problem is mainly one of:  ||  A) Validity — the stopwatch is measuring the wrong construct  |  B) Reliability — the readings are inconsistent [X]  |  C) Sampling — four trials is too many  |  D) Skew — the times are not normal",15
395,BRO-15,Validity,theme,Themed sets,4,Reliability and Validity,4,broncos,Denver Broncos,exam1,lab1,,,,,,,4,2,Predictive validity,144,19,14.7,4.3,1,Q: The Broncos' front office uses a combine drill to predict NFL success and later finds it correlates .05 with career production. The drill lacks:  ||  A) Reliability  |  B) Predictive validity [X]  |  C) Face validity  |  D) Internal consistency,19
396,BRO-16,Validity,theme,Themed sets,4,Reliability and Validity,4,broncos,Denver Broncos,exam1,lab1,,,,,,,4,1,Poor content validity — a narrow slice of a broad construct,123,59,26.3,32.7,0,Q: A 'leadership' survey given to Broncos rookies asks only about vocal loudness in the huddle. The most serious objection is:  ||  A) Poor content validity — a narrow slice of a broad construct [X]  |  B) Poor test-retest reliability  |  C) The sample is too small  |  D) Loudness is a ratio variable,19
397,BRO-17,Normal curve,theme,Themed sets,6,The Normal Curve and z-Scores,6,broncos,Denver Broncos,exam1,lab2,,,,,,,4,2,+2.0,124,4,3.7,0.3,1,Q: NFL offensive linemen's weights are roughly normal with mean 315 lb and SD 12. A Broncos lineman at 339 lb has a z-score of:  ||  A) +1.0  |  B) +2.0 [X]  |  C) +3.0  |  D) +24,17
398,BRO-18,Normal curve,theme,Themed sets,6,The Normal Curve and z-Scores,6,broncos,Denver Broncos,exam1,lab2,,,,,,,4,2,68%,106,3,3.7,-0.7,1,"Q: Using the same distribution (mean 315, SD 12), about what percent of linemen weigh between 303 and 327 lb?  ||  A) 50%  |  B) 68% [X]  |  C) 95%  |  D) 99.7%",16
399,BRO-19,Normal curve,theme,Themed sets,6,The Normal Curve and z-Scores,6,broncos,Denver Broncos,exam1,lab2,,,,,,,4,2,Well below his typical performance — roughly the bottom 1–2% of his games,102,73,22.0,51.0,1,Q: A quarterback's passer rating in one game has a z-score of −2.3 relative to his season. This game was:  ||  A) Slightly below his typical performance  |  B) Well below his typical performance — roughly the bottom 1–2% of his games [X]  |  C) Above average  |  D) Exactly average,27
400,BRO-20,Sampling and standard error,theme,Themed sets,7,Confidence Intervals,7,broncos,Denver Broncos,exam1,lab2,,,,,,,4,1,One-quarter as large,195,20,14.7,5.3,1,"Q: A fan poll samples 100 season-ticket holders about a new uniform; a second poll samples 1,600. Compared with the first, the second poll's standard error of the mean approval rating will be about:  ||  A) One-quarter as large [X]  |  B) One-half as large  |  C) The same  |  D) Four times as large",16
401,BRO-21,Confidence intervals,theme,Themed sets,7,Confidence Intervals,7,broncos,Denver Broncos,exam1,lab2,,,,,,,4,1,"62% of the sample approved, and the population value plausibly lies between 58% and 66%",121,87,41.3,45.7,1,"Q: A survey estimates 62% of Denver-area fans approve of the head coach, 95% CI [58%, 66%]. Which interpretation is correct?  ||  A) 62% of the sample approved, and the population value plausibly lies between 58% and 66% [X]  |  B) Exactly 62% of all fans approve  |  C) 95% of fans approve between 58% and 66% of the time  |  D) There is a 5% chance the sample was biased",16
402,BRO-22,Hypothesis testing,theme,Themed sets,8,Hypothesis Testing and Sampling Error,8,broncos,Denver Broncos,exam2,lab3,,,,,,,4,2,Fail to reject H0; the data don't provide strong evidence of a difference,158,73,43.7,29.3,1,Q: A blogger claims the Broncos win more often in home games at altitude. He sets up H0: home win rate = away win rate and finds p = .21. The correct conclusion:  ||  A) Reject H0; altitude clearly helps  |  B) Fail to reject H0; the data don't provide strong evidence of a difference [X]  |  C) Accept H0; altitude has been proven irrelevant  |  D) Lower alpha to .25 so the result becomes significant,12
403,BRO-23,Hypothesis testing,theme,Themed sets,8,Hypothesis Testing and Sampling Error,8,broncos,Denver Broncos,exam2,lab3,,,,,,,4,1,Type I error,161,12,16.7,-4.7,0,"Q: The team cuts a kicker after a small-sample test 'shows' he is worse than average, but he goes on to a long, accurate career elsewhere. The decision reflected a:  ||  A) Type I error [X]  |  B) Type II error  |  C) Correct rejection  |  D) Sampling frame error",22
404,BRO-24,Hypothesis testing,theme,Themed sets,8,Hypothesis Testing and Sampling Error,8,broncos,Denver Broncos,exam2,lab3,,,,,,,4,2,Note that the effect is statistically significant but practically tiny; check the effect size,135,93,34.3,58.7,1,"Q: An analyst reports that a new blocking scheme improves yards per carry by 0.02 with p < .001 across 40,000 plays. The best reaction is:  ||  A) Adopt it — significant means important  |  B) Note that the effect is statistically significant but practically tiny; check the effect size [X]  |  C) Reject the study because the sample is too big  |  D) Rerun it one-tailed",17
405,BRO-25,t-tests,theme,Themed sets,9,Which Test · t-Tests,9,broncos,Denver Broncos,exam2,lab3,,,,,,,4,2,Independent-samples t-test,148,26,17.7,8.3,0,Q: Compare the Broncos' mean points scored in home games versus away games in one season (different games in each group). The appropriate test is a(n):  ||  A) Paired-samples t-test  |  B) Independent-samples t-test [X]  |  C) One-sample t-test  |  D) Chi-square test,13
406,BRO-26,t-tests,theme,Themed sets,9,Which Test · t-Tests,9,broncos,Denver Broncos,exam2,lab3,,,,,,,4,2,Paired-samples t-test,125,21,19.3,1.7,1,"Q: Each of 22 Broncos players runs a conditioning test in August and again in December. To test whether times changed, use a(n):  ||  A) Independent-samples t-test  |  B) Paired-samples t-test [X]  |  C) One-way ANOVA  |  D) Pearson correlation",10
407,BRO-27,t-tests,theme,Themed sets,9,Which Test · t-Tests,9,broncos,Denver Broncos,exam2,lab3,,,,,,,4,1,One-sample t-test,139,17,17.3,-0.3,1,Q: The Broncos' 2025 mean of 26.1 points per game is tested against the league-wide mean of 22.8 using the 17 games as a sample. This is a(n):  ||  A) One-sample t-test [X]  |  B) Independent-samples t-test  |  C) Paired-samples t-test  |  D) ANOVA,33
408,BRO-28,ANOVA,theme,Themed sets,10,ANOVA and Post-Hoc Comparisons,10,broncos,Denver Broncos,exam2,lab3,,,,,,,4,2,One-way ANOVA,125,13,14.3,-1.3,0,"Q: A researcher compares mean yards after catch among Broncos receivers, tight ends, and running backs. The appropriate test is:  ||  A) Three t-tests  |  B) One-way ANOVA [X]  |  C) Paired t-test  |  D) Simple regression",13
409,BRO-29,ANOVA,theme,Themed sets,10,ANOVA and Post-Hoc Comparisons,10,broncos,Denver Broncos,exam2,lab3,,,,,,,4,2,At least one position's mean differs from another,105,49,34.3,14.7,1,"Q: The ANOVA is significant, F(2, 147) = 6.4, p = .002. What can you conclude before running post-hoc tests?  ||  A) Exactly which two positions differ  |  B) At least one position's mean differs from another [X]  |  C) All three means differ from each other  |  D) Receivers have the highest mean",14
410,BRO-30,Correlation,theme,Themed sets,11,Correlation and Regression,11,broncos,Denver Broncos,exam2,lab4,,,,,,,4,2,Longer possession is moderately associated with more wins; roughly a third of the variance (r² ≈ .34) is shared,107,111,26.7,84.3,1,"Q: Across 20 seasons, Broncos time of possession and wins correlate at r = .58. Which is the safest statement?  ||  A) Possession causes wins  |  B) Longer possession is moderately associated with more wins; roughly a third of the variance (r² ≈ .34) is shared [X]  |  C) The correlation is too weak to report  |  D) Wins cause possession",21
411,BRO-31,Regression,theme,Themed sets,11,Correlation and Regression,11,broncos,Denver Broncos,exam2,lab4,,,,,,,4,2,16.5 games,77,10,9.3,0.7,1,Q: Predicted wins = 2.5 + 0.35(Sacks). A team with 40 sacks is predicted to win:  ||  A) 14.0 games  |  B) 16.5 games [X]  |  C) 2.85 games  |  D) 40 games,19
412,BRO-32,Multiple regression,theme,Themed sets,12,Multiple Regression and Diagnostics,12,broncos,Denver Broncos,exam2,lab4,,,,,,,4,1,Adjusted R²,198,11,16.0,-5.0,1,"Q: A model predicts Broncos wins from turnover margin, sacks, and yards per play (R² = .61). Adding 'number of mascot appearances' raises R² to .612. The statistic that will barely move — or fall — is:  ||  A) Adjusted R² [X]  |  B) The intercept  |  C) Sample size  |  D) The number of predictors",20
413,BRO-33,Multiple regression,theme,Themed sets,12,Multiple Regression and Diagnostics,12,broncos,Denver Broncos,exam2,lab4,,,,,,,4,1,Multicollinearity,185,17,17.7,-0.7,1,"Q: A model predicts Broncos wins from turnover margin, sacks, total yards and yards per play. In that model 'total yards' and 'yards per play' correlate at r = .93. Including both creates:  ||  A) Multicollinearity [X]  |  B) Heteroscedasticity  |  C) A Type II error  |  D) Restriction of range",19
414,BRO-34,Factor analysis,theme,Themed sets,13,Factor Analysis,13,broncos,Denver Broncos,none,none,,,,,,,4,1,Game-day cost/experience,164,24,13.7,10.3,1,"Q: A 30-item fan-engagement survey is factor analyzed and items about ticket prices, parking, and concessions load together on one factor. That factor is best labeled:  ||  A) Game-day cost/experience [X]  |  B) Team loyalty  |  C) Media consumption  |  D) Random error",8
415,TV-01,Levels of measurement,theme,Themed sets,2,Variables and the Shape of Data,2,taylor,Taylor's Version,exam1,lab1,,,,,,,4,1,Nominal,131,7,6.7,0.3,1,"Q: A streaming service tags each Taylor Swift album by era name (Fearless, Red, 1989, and so on). Era name is measured at which level?  ||  A) Nominal [X]  |  B) Ordinal  |  C) Interval  |  D) Ratio",9
416,TV-02,Levels of measurement,theme,Themed sets,2,Variables and the Shape of Data,2,taylor,Taylor's Version,exam1,lab1,,,,,,,4,2,Ordinal,80,7,6.7,0.3,1,Q: Fans rank their five favorite Eras Tour outfits from 1st to 5th. The ranking is:  ||  A) Nominal  |  B) Ordinal [X]  |  C) Interval  |  D) Ratio,8
417,TV-03,Levels of measurement,theme,Themed sets,2,Variables and the Shape of Data,2,taylor,Taylor's Version,exam1,lab1,,,,,,,4,4,Ratio,84,5,7.3,-2.3,0,Q: The number of streams a track receives in its first week is measured at which level?  ||  A) Nominal  |  B) Ordinal  |  C) Interval  |  D) Ratio [X],9
418,TV-04,Variables and design,theme,Themed sets,2,Variables and the Shape of Data,2,taylor,Taylor's Version,exam1,lab1,,,,,,,4,2,Whether a re-recording has been released,145,40,14.0,26.0,0,Q: A label wants to know whether releasing a 'Taylor's Version' re-recording changes streams of the original recording. The independent variable is:  ||  A) Streams of the original  |  B) Whether a re-recording has been released [X]  |  C) Fan age  |  D) Album length,34
419,TV-05,Variables and design,theme,Themed sets,2,Variables and the Shape of Data,2,taylor,Taylor's Version,exam1,lab1,,,,,,,4,2,Streams of the original recording,137,33,20.3,12.7,0,Q: A label studies whether releasing a 'Taylor's Version' re-recording changes streams of the original recording. The dependent variable is:  ||  A) Whether a re-recording exists  |  B) Streams of the original recording [X]  |  C) The release year  |  D) The record label,11
420,TV-06,Center and spread,theme,Themed sets,3,"Center, Spread and a First Analysis",3,taylor,Taylor's Version,exam1,lab1,,,,,,,4,2,Mean,175,4,9.7,-5.7,1,"Q: Track lengths on a 13-song album (minutes): 3.2, 3.5, 3.9, 4.1, 3.4, 3.8, 3.6, 4.0, 3.7, 3.3, 10.2, 3.5, 3.9. Which measure of center is most distorted by the 10-minute track?  ||  A) Median  |  B) Mean [X]  |  C) Mode  |  D) Interquartile range",7
421,TV-07,Center and spread,theme,Themed sets,3,"Center, Spread and a First Analysis",3,taylor,Taylor's Version,exam1,lab1,,,,,,,4,2,Median,197,6,5.7,0.3,1,"Q: Track lengths on a 13-song album run 3.2 to 4.1 minutes, except for one 10.2-minute closer. Which summary would a critic use to describe the 'typical' track length without the long song dominating?  ||  A) Mean  |  B) Median [X]  |  C) Range  |  D) Variance",6
422,TV-08,Center and spread,theme,Themed sets,3,"Center, Spread and a First Analysis",3,taylor,Taylor's Version,exam1,lab1,,,,,,,4,1,Date B's prices are far more spread out in the middle 50%,160,57,32.0,25.0,1,"Q: Resale prices for two Eras Tour dates both have a median of $900. Date A has an IQR of $200; Date B has an IQR of $1,900. What does the IQR difference tell you?  ||  A) Date B's prices are far more spread out in the middle 50% [X]  |  B) Date A had more sales  |  C) Date B's median is actually higher  |  D) Nothing — IQR only applies to normal data",10
423,TV-09,Shape of data,theme,Themed sets,2,Variables and the Shape of Data,2,taylor,Taylor's Version,exam1,lab1,,,,,,,4,2,Positively skewed,129,17,11.0,6.0,1,Q: A histogram of how many times fans have seen Taylor live shows most at 0–1 shows and a long tail out to 30+. The distribution is:  ||  A) Negatively skewed  |  B) Positively skewed [X]  |  C) Symmetric  |  D) Uniform,11
424,TV-10,Shape of data,theme,Themed sets,2,Variables and the Shape of Data,2,taylor,Taylor's Version,exam1,lab1,,,,,,,4,1,Mean < median < mode,119,20,20.0,0.0,1,"Q: Album ratings on a fan site cluster near 9.5/10 with a few low outliers. Mean, median, and mode will fall in the order:  ||  A) Mean < median < mode [X]  |  B) Mean > median > mode  |  C) Mean = median = mode  |  D) Mode < mean < median",13
425,TV-11,Chart choice,theme,Themed sets,2,Variables and the Shape of Data,2,taylor,Taylor's Version,exam1,lab1,,,,,,,4,1,Line graph,83,10,11.7,-1.7,1,"Q: To show weekly chart position of one single across 40 weeks, the best display is a:  ||  A) Line graph [X]  |  B) Pie chart  |  C) Bar chart of eras  |  D) Histogram",9
426,TV-12,Chart choice,theme,Themed sets,2,Variables and the Shape of Data,2,taylor,Taylor's Version,exam1,lab1,,,,,,,4,2,Pie chart or stacked bar,97,24,9.7,14.3,0,"Q: To show what share of an album's total streams each track contributes, a reasonable display is a:  ||  A) Scatterplot  |  B) Pie chart or stacked bar [X]  |  C) Line graph  |  D) Box plot",9
427,TV-13,Chart choice,theme,Themed sets,2,Variables and the Shape of Data,2,taylor,Taylor's Version,exam1,lab1,,,,,,,4,1,Truncated axis exaggerating a small gap,172,39,15.0,24.0,1,Q: A tabloid graphic shows a re-recorded album 'crushing' the original with bars of 1.20 billion vs. 1.15 billion streams — but the y-axis starts at 1.1 billion. The issue is:  ||  A) Truncated axis exaggerating a small gap [X]  |  B) Wrong chart type  |  C) Missing legend  |  D) Too many colors,7
428,TV-14,Reliability,theme,Themed sets,4,Reliability and Validity,4,taylor,Taylor's Version,exam1,lab1,,,,,,,4,1,Test-retest reliability,130,23,19.3,3.7,1,"Q: A 'Swiftie devotion' scale is given to the same 200 fans twice, three weeks apart, and the scores correlate at .88. This supports:  ||  A) Test-retest reliability [X]  |  B) Content validity  |  C) Inter-rater reliability  |  D) Predictive validity",8
429,TV-15,Reliability,theme,Themed sets,4,Reliability and Validity,4,taylor,Taylor's Version,exam1,lab1,,,,,,,4,1,Strong internal consistency among the items,79,43,22.7,20.3,1,Q: The 12 items on the devotion scale have Cronbach's alpha = .91. This indicates:  ||  A) Strong internal consistency among the items [X]  |  B) The scale is valid  |  C) The sample was large  |  D) Test-retest reliability is .91,11
430,TV-16,Validity,theme,Themed sets,4,Reliability and Validity,4,taylor,Taylor's Version,exam1,lab1,,,,,,,4,1,Content validity — it captures a narrow slice of the construct,115,62,19.0,43.0,0,"Q: The devotion scale is meant to measure fandom, but the items only ask about concert spending. The chief problem is:  ||  A) Content validity — it captures a narrow slice of the construct [X]  |  B) Test-retest reliability  |  C) Inter-rater reliability  |  D) Sample size",13
431,TV-17,Validity,theme,Themed sets,4,Reliability and Validity,4,taylor,Taylor's Version,exam1,lab1,,,,,,,4,1,Predictive (criterion) validity,128,31,20.0,11.0,1,Q: Scores on the devotion scale correlate .70 with hours of Taylor Swift listening logged the following month. This is evidence of:  ||  A) Predictive (criterion) validity [X]  |  B) Face validity only  |  C) Split-half reliability  |  D) Restriction of range,27
432,TV-18,Normal curve,theme,Themed sets,6,The Normal Curve and z-Scores,6,taylor,Taylor's Version,exam1,lab2,,,,,,,4,2,+2.0,127,4,3.7,0.3,1,"Q: Attendance across a 150-show tour is roughly normal with mean 62,000 and SD 8,000. A 78,000-seat stadium show has a z-score of:  ||  A) +1.0  |  B) +2.0 [X]  |  C) +16  |  D) −2.0",14
433,TV-19,Normal curve,theme,Themed sets,6,The Normal Curve and z-Scores,6,taylor,Taylor's Version,exam1,lab2,,,,,,,4,2,68%,142,3,3.7,-0.7,1,"Q: Attendance across a 150-show tour is roughly normal with mean 62,000 and SD 8,000. About what percent of shows drew between 54,000 and 70,000?  ||  A) 34%  |  B) 68% [X]  |  C) 95%  |  D) 99.7%",13
434,TV-20,Normal curve,theme,Themed sets,6,The Normal Curve and z-Scores,6,taylor,Taylor's Version,exam1,lab2,,,,,,,4,3,+1.96,71,5,5.0,0.0,1,Q: A show at the 97.5th percentile of attendance has a z-score of roughly:  ||  A) +0.975  |  B) +1.0  |  C) +1.96 [X]  |  D) +2.58,11
435,TV-21,Sampling and standard error,theme,Themed sets,7,Confidence Intervals,7,taylor,Taylor's Version,exam1,lab2,,,,,,,4,1,2.5,167,3,3.3,-0.3,1,"Q: A fan-club poll about a setlist change samples 400 fans; a rival poll samples 2,500. The larger poll's standard error of the mean will be smaller by a factor of about:  ||  A) 2.5 [X]  |  B) 6.25  |  C) 1.0  |  D) 0.4",11
436,TV-22,Confidence intervals,theme,Themed sets,7,Confidence Intervals,7,taylor,Taylor's Version,exam1,lab2,,,,,,,4,2,Intervals built this way capture the true mean age about 95% of the time; 28.6–30.2 is the plausible range,95,106,35.3,70.7,1,"Q: Mean age of Eras Tour attendees is estimated at 29.4, 95% CI [28.6, 30.2]. The correct reading:  ||  A) 95% of attendees are between 28.6 and 30.2 years old  |  B) Intervals built this way capture the true mean age about 95% of the time; 28.6–30.2 is the plausible range [X]  |  C) The mean age is exactly 29.4  |  D) The margin of error is 95%",17
437,TV-23,Hypothesis testing,theme,Themed sets,8,Hypothesis Testing and Sampling Error,8,taylor,Taylor's Version,exam2,lab3,,,,,,,4,2,There is no difference in streams between versions,101,50,27.7,22.3,1,Q: A researcher tests whether 'Taylor's Version' tracks are streamed more than the originals. H0 states:  ||  A) Re-recordings are streamed more  |  B) There is no difference in streams between versions [X]  |  C) Originals are streamed more  |  D) Fans prefer re-recordings,18
438,TV-24,Hypothesis testing,theme,Themed sets,8,Hypothesis Testing and Sampling Error,8,taylor,Taylor's Version,exam2,lab3,,,,,,,4,2,Reject H0 — a difference this large would be rare if the versions were truly equal,54,82,18.7,63.3,1,Q: The test returns p = .004 at α = .05. The decision is:  ||  A) Fail to reject H0  |  B) Reject H0 — a difference this large would be rare if the versions were truly equal [X]  |  C) Accept H0  |  D) Increase the sample and retest,13
439,TV-25,Hypothesis testing,theme,Themed sets,8,Hypothesis Testing and Sampling Error,8,taylor,Taylor's Version,exam2,lab3,,,,,,,4,1,Type II error from low power — and a spurious result from tiny n,130,64,18.3,45.7,1,Q: A blog claims a surprise-song choice 'significantly' predicts merchandise sales based on 6 concerts. The most likely risk here is:  ||  A) Type II error from low power — and a spurious result from tiny n [X]  |  B) Too much power  |  C) Perfect reliability  |  D) A ratio-level variable,9
440,TV-26,t-tests,theme,Themed sets,9,Which Test · t-Tests,9,taylor,Taylor's Version,exam2,lab3,,,,,,,4,2,Independent-samples t-test,106,26,14.3,11.7,0,Q: Compare mean ticket prices for stadium shows versus arena shows (different shows in each group). Use a(n):  ||  A) Paired-samples t-test  |  B) Independent-samples t-test [X]  |  C) One-sample t-test  |  D) ANOVA,11
441,TV-27,t-tests,theme,Themed sets,9,Which Test · t-Tests,9,taylor,Taylor's Version,exam2,lab3,,,,,,,4,2,Paired-samples t-test,106,21,17.7,3.3,1,"Q: For 30 songs, compare each song's original-version streams with its re-recorded-version streams. Use a(n):  ||  A) Independent-samples t-test  |  B) Paired-samples t-test [X]  |  C) One-sample t-test  |  D) Chi-square",9
442,TV-28,t-tests,theme,Themed sets,9,Which Test · t-Tests,9,taylor,Taylor's Version,exam2,lab3,,,,,,,4,2,Medium,90,6,9.0,-3.0,1,"Q: The paired test yields t(29) = 3.4, p = .002, d = 0.62. The effect size is conventionally:  ||  A) Small  |  B) Medium [X]  |  C) Large  |  D) Not interpretable",14
443,TV-29,ANOVA,theme,Themed sets,10,ANOVA and Post-Hoc Comparisons,10,taylor,Taylor's Version,exam2,lab3,,,,,,,4,2,One-way ANOVA,129,13,11.7,1.3,1,"Q: Compare mean fan-rated 'replayability' across four eras (Fearless, Red, 1989, Folklore) using different raters for each era. Use:  ||  A) Six t-tests  |  B) One-way ANOVA [X]  |  C) Paired t-test  |  D) Correlation",14
444,TV-30,ANOVA,theme,Themed sets,10,ANOVA and Post-Hoc Comparisons,10,taylor,Taylor's Version,exam2,lab3,,,,,,,4,2,"Post-hoc comparisons (e.g., Tukey HSD)",88,38,15.7,22.3,1,"Q: The ANOVA is significant with F(3, 396) = 5.1, p = .002. To find which eras differ, run:  ||  A) Another ANOVA  |  B) Post-hoc comparisons (e.g., Tukey HSD) [X]  |  C) A regression  |  D) A reliability analysis",6
445,TV-31,Correlation,theme,Themed sets,11,Correlation and Regression,11,taylor,Taylor's Version,exam2,lab4,,,,,,,4,2,Essentially no linear relationship,106,34,26.3,7.7,1,"Q: Across 50 cities, local radio play and ticket-resale price correlate at r = −.05. The best interpretation:  ||  A) Strong negative relationship  |  B) Essentially no linear relationship [X]  |  C) Radio play lowers prices  |  D) Perfect independence proven",16
446,TV-32,Correlation,theme,Themed sets,11,Correlation and Regression,11,taylor,Taylor's Version,exam2,lab4,,,,,,,4,2,.36,109,3,3.3,-0.3,1,Q: Number of bracelets traded and hours spent in line correlate at r = .60. The coefficient of determination is:  ||  A) .60  |  B) .36 [X]  |  C) .80  |  D) 1.60,16
447,TV-33,Regression,theme,Themed sets,11,Correlation and Regression,11,taylor,Taylor's Version,exam2,lab4,,,,,,,4,2,$93,110,3,3.3,-0.3,1,Q: Predicted merchandise spend = $45 + $12(Shows attended). A fan who has attended 4 shows is predicted to spend:  ||  A) $57  |  B) $93 [X]  |  C) $180  |  D) $48,19
448,TV-34,Multiple regression,theme,Themed sets,12,Multiple Regression and Diagnostics,12,taylor,Taylor's Version,exam2,lab4,,,,,,,4,1,52% of the variance in first-week streams is explained by the three predictors together,121,87,29.7,57.3,1,"Q: A model predicts a track's first-week streams from playlist adds, radio spins, and social mentions, R² = .52. This means:  ||  A) 52% of the variance in first-week streams is explained by the three predictors together [X]  |  B) Each predictor explains 52%  |  C) The correlation among predictors is .52  |  D) 52 tracks were analyzed",22
449,TV-35,Factor analysis,theme,Themed sets,13,Factor Analysis,13,taylor,Taylor's Version,none,none,,,,,,,4,1,Simple structure,180,16,14.0,2.0,1,"Q: A 24-item fan survey is factor analyzed. Items about lyrics, storytelling, and bridges load on one factor; items about production and beats load on another. This pattern is called:  ||  A) Simple structure [X]  |  B) Multicollinearity  |  C) A scree plot  |  D) Cross-loading",2
450,AI-01,Levels of measurement,theme,Themed sets,2,Variables and the Shape of Data,2,ai,All things AI,exam1,lab1,,,,,,,4,1,Nominal,126,7,6.7,0.3,0,"Q: A benchmark records which vendor built each model (OpenAI, Anthropic, Google, Meta, other). Vendor is measured at which level?  ||  A) Nominal [X]  |  B) Ordinal  |  C) Interval  |  D) Ratio",12
451,AI-02,Levels of measurement,theme,Themed sets,2,Variables and the Shape of Data,2,ai,All things AI,exam1,lab1,,,,,,,4,2,Ordinal,100,7,6.7,0.3,1,Q: A leaderboard ranks 40 chatbots 1st through 40th by human preference votes. Leaderboard position is:  ||  A) Nominal  |  B) Ordinal [X]  |  C) Interval  |  D) Ratio,6
452,AI-03,Levels of measurement,theme,Themed sets,2,Variables and the Shape of Data,2,ai,All things AI,exam1,lab1,,,,,,,4,4,Ratio,55,5,7.3,-2.3,0,Q: Tokens processed per second is measured at which level?  ||  A) Nominal  |  B) Ordinal  |  C) Interval  |  D) Ratio [X],7
453,AI-04,Variables and design,theme,Themed sets,2,Variables and the Shape of Data,2,ai,All things AI,exam1,lab1,,,,,,,4,3,Final exam score,161,16,22.0,-6.0,0,Q: A university tests whether giving students an AI tutor changes final exam scores. Students are randomly assigned to tutor or no tutor. The dependent variable is:  ||  A) Random assignment  |  B) Whether a student received the AI tutor  |  C) Final exam score [X]  |  D) Class size,10
454,AI-05,Variables and design,theme,Themed sets,2,Variables and the Shape of Data,2,ai,All things AI,exam1,lab1,,,,,,,4,2,Confounding variable,205,20,15.0,5.0,0,"Q: A university studies whether an AI tutor changes final exam scores, but lets students decide for themselves whether to use it. Students who choose the tutor also tend to be more motivated. Motivation is a:  ||  A) Dependent variable  |  B) Confounding variable [X]  |  C) Ratio variable  |  D) Post-hoc test",11
455,AI-06,Center and spread,theme,Themed sets,3,"Center, Spread and a First Analysis",3,ai,All things AI,exam1,lab1,,,,,,,4,2,Median,150,6,7.0,-1.0,1,"Q: Response latencies (seconds) for 9 prompts: 1.1, 1.2, 1.0, 1.3, 1.1, 1.2, 1.4, 1.1, 14.8. Which measure of center best represents the typical latency?  ||  A) Mean  |  B) Median [X]  |  C) Mode of 14.8  |  D) Range",10
456,AI-07,Center and spread,theme,Themed sets,3,"Center, Spread and a First Analysis",3,ai,All things AI,exam1,lab1,,,,,,,4,1,"Model A — same mean, much lower variability",171,43,34.7,8.3,1,"Q: Two models both average 84% on a coding benchmark. Model A's per-task accuracy has SD = 4; Model B's has SD = 21. For a production system that must be predictable, prefer:  ||  A) Model A — same mean, much lower variability [X]  |  B) Model B — higher SD means higher upside  |  C) Either; the means match  |  D) Neither; SD is meaningless for percentages",24
457,AI-08,Center and spread,theme,Themed sets,3,"Center, Spread and a First Analysis",3,ai,All things AI,exam1,lab1,,,,,,,4,1,A few departments spend far more than the rest (positive skew),96,62,29.0,33.0,1,"Q: Monthly AI-tool costs across 60 departments have mean $2,100 and median $650. This gap suggests:  ||  A) A few departments spend far more than the rest (positive skew) [X]  |  B) Most departments spend about $2,100  |  C) The data are normally distributed  |  D) An arithmetic error",13
458,AI-09,Shape of data,theme,Themed sets,2,Variables and the Shape of Data,2,ai,All things AI,exam1,lab1,,,,,,,4,2,Positively skewed,116,17,15.7,1.3,1,Q: A histogram of daily prompts per employee shows most people at 0–3 and a long tail out to 200+. The distribution is:  ||  A) Negatively skewed  |  B) Positively skewed [X]  |  C) Symmetric  |  D) Bimodal by definition,14
459,AI-10,Shape of data,theme,Themed sets,2,Variables and the Shape of Data,2,ai,All things AI,exam1,lab1,,,,,,,4,1,Left — negatively skewed,103,24,24.0,0.0,1,Q: Human ratings of chatbot answers on a 1–5 scale cluster at 4 and 5 with a few 1s. The long tail points:  ||  A) Left — negatively skewed [X]  |  B) Right — positively skewed  |  C) Nowhere — it is symmetric  |  D) Up — it is leptokurtic,11
460,AI-11,Chart choice,theme,Themed sets,2,Variables and the Shape of Data,2,ai,All things AI,exam1,lab1,,,,,,,4,2,Line graph,80,10,13.3,-3.3,1,"Q: To show how a model's benchmark score changed across 12 monthly releases, use a:  ||  A) Pie chart  |  B) Line graph [X]  |  C) Histogram  |  D) Stacked bar of vendors",15
461,AI-12,Chart choice,theme,Themed sets,2,Variables and the Shape of Data,2,ai,All things AI,exam1,lab1,,,,,,,4,1,Bar chart,89,9,10.0,-1.0,0,"Q: To compare hallucination rates across five models on one test, the clearest display is a:  ||  A) Bar chart [X]  |  B) Line graph  |  C) Scatterplot  |  D) Pie chart",17
462,AI-13,Chart choice,theme,Themed sets,2,Variables and the Shape of Data,2,ai,All things AI,exam1,lab1,,,,,,,4,1,A truncated y-axis,133,18,19.3,-1.3,1,"Q: A vendor slide shows accuracy 'leaping' from 91.2% to 91.9%, with the y-axis running 91.0–92.0. The graphic is misleading because of:  ||  A) A truncated y-axis [X]  |  B) A missing x-axis  |  C) The wrong color palette  |  D) Too few data points",14
463,AI-14,Reliability,theme,Themed sets,4,Reliability and Validity,4,ai,All things AI,exam1,lab1,,,,,,,4,1,Test-retest reliability,151,23,19.3,3.7,1,Q: The same model is asked the same 200 factual questions on two different days and gets 178 identical answers. This is closest to which measurement idea?  ||  A) Test-retest reliability [X]  |  B) Content validity  |  C) Predictive validity  |  D) Inter-rater reliability,10
464,AI-15,Reliability,theme,Themed sets,4,Reliability and Validity,4,ai,All things AI,exam1,lab1,,,,,,,4,1,Inter-rater reliability,117,23,13.0,10.0,1,Q: Three human graders independently score 100 AI-written essays and their scores correlate at .45. The problem is weak:  ||  A) Inter-rater reliability [X]  |  B) Construct validity  |  C) Face validity  |  D) Sampling,16
465,AI-16,Validity,theme,Themed sets,4,Reliability and Validity,4,ai,All things AI,exam1,lab1,,,,,,,4,1,Reliable but not valid as a measure of general ability,121,54,25.3,28.7,1,"Q: A model scores 97% on a benchmark, but the benchmark questions were in its training data. The score is best described as:  ||  A) Reliable but not valid as a measure of general ability [X]  |  B) Valid but unreliable  |  C) Both valid and reliable  |  D) Neither measurable nor meaningful",10
466,AI-17,Validity,theme,Themed sets,4,Reliability and Validity,4,ai,All things AI,exam1,lab1,,,,,,,4,1,Content validity,111,16,19.0,-3.0,0,Q: An 'AI literacy' test for staff asks only about ChatGPT keyboard shortcuts. The most serious objection is poor:  ||  A) Content validity [X]  |  B) Test-retest reliability  |  C) Inter-rater reliability  |  D) Sample size,14
467,AI-18,Normal curve,theme,Themed sets,6,The Normal Curve and z-Scores,6,ai,All things AI,exam1,lab2,,,,,,,4,2,+3.0,111,4,4.0,0.0,1,Q: Latency for a chatbot is roughly normal with mean 1.8 s and SD 0.3 s. A response taking 2.7 s has a z-score of:  ||  A) +0.9  |  B) +3.0 [X]  |  C) +2.0  |  D) −3.0,18
468,AI-19,Normal curve,theme,Themed sets,6,The Normal Curve and z-Scores,6,ai,All things AI,exam1,lab2,,,,,,,4,2,95%,88,3,3.7,-0.7,1,"Q: Using that distribution, about what percent of responses arrive between 1.2 s and 2.4 s?  ||  A) 68%  |  B) 95% [X]  |  C) 99.7%  |  D) 50%",18
469,AI-20,Normal curve,theme,Themed sets,6,The Normal Curve and z-Scores,6,ai,All things AI,exam1,lab2,,,,,,,4,1,Faster than about 84% of responses,39,34,19.7,14.3,1,Q: A response with z = −1.0 on latency is:  ||  A) Faster than about 84% of responses [X]  |  B) Slower than about 84% of responses  |  C) Exactly average  |  D) An outlier,12
470,AI-21,Sampling and standard error,theme,Themed sets,7,Confidence Intervals,7,ai,All things AI,exam1,lab2,,,,,,,4,1,3,175,1,1.7,-0.7,1,Q: An evaluation team estimates a model's accuracy from 100 sampled prompts; a second team uses 900 prompts. The second estimate's standard error is smaller by a factor of about:  ||  A) 3 [X]  |  B) 9  |  C) 1.5  |  D) 0,17
471,AI-22,Confidence intervals,theme,Themed sets,7,Confidence Intervals,7,ai,All things AI,exam1,lab2,,,,,,,4,2,The intervals overlap substantially; the data do not clearly separate the two models,127,84,39.7,44.3,1,"Q: A report states: accuracy = 83%, 95% CI [80%, 86%]. A competitor's model reports 85%, 95% CI [82%, 88%]. The safest conclusion:  ||  A) The competitor is definitely better  |  B) The intervals overlap substantially; the data do not clearly separate the two models [X]  |  C) The first model is better because its interval is narrower  |  D) Neither estimate is usable",10
472,AI-23,Hypothesis testing,theme,Themed sets,8,Hypothesis Testing and Sampling Error,8,ai,All things AI,exam2,lab3,,,,,,,4,1,"How large is the effect, and would it replicate with a larger sample?",160,69,27.3,41.7,1,"Q: A campus pilot claims an AI advising assistant 'significantly' raised registration rates, p = .049, based on 30 students. The most important follow-up question:  ||  A) How large is the effect, and would it replicate with a larger sample? [X]  |  B) Was the p-value rounded?  |  C) Which font was used in the report?  |  D) Was the test one-tailed?",14
473,AI-24,Hypothesis testing,theme,Themed sets,8,Hypothesis Testing and Sampling Error,8,ai,All things AI,exam2,lab3,,,,,,,4,1,Type I error,135,12,15.3,-3.3,1,Q: A department rolls out an AI grading tool after a study rejected H0 — but the tool actually makes no difference. The study committed a:  ||  A) Type I error [X]  |  B) Type II error  |  C) Correct decision  |  D) Measurement error,14
474,AI-25,Hypothesis testing,theme,Themed sets,8,Hypothesis Testing and Sampling Error,8,ai,All things AI,exam2,lab3,,,,,,,4,2,Type II error — likely from low power,91,37,16.3,20.7,1,"Q: An AI tutor truly helps, but the evaluation with 12 students fails to reject H0. This is a:  ||  A) Type I error  |  B) Type II error — likely from low power [X]  |  C) Correct rejection  |  D) Sampling frame error",13
475,AI-26,t-tests,theme,Themed sets,9,Which Test · t-Tests,9,ai,All things AI,exam2,lab3,,,,,,,4,2,Independent-samples t-test,132,26,14.3,11.7,0,Q: Compare mean essay scores between students who used an AI writing assistant and students who did not (different students). Use a(n):  ||  A) Paired-samples t-test  |  B) Independent-samples t-test [X]  |  C) One-sample t-test  |  D) ANOVA,8
476,AI-27,t-tests,theme,Themed sets,9,Which Test · t-Tests,9,ai,All things AI,exam2,lab3,,,,,,,4,2,Paired-samples t-test,132,21,18.0,3.0,1,"Q: Each of 40 staff members completes a data task twice — once without AI help and once with it. To compare completion times, use a(n):  ||  A) Independent-samples t-test  |  B) Paired-samples t-test [X]  |  C) One-sample t-test  |  D) Correlation",14
477,AI-28,t-tests,theme,Themed sets,9,Which Test · t-Tests,9,ai,All things AI,exam2,lab3,,,,,,,4,1,"A large, statistically significant reduction in task time",64,57,35.3,21.7,1,"Q: The paired test gives t(39) = 4.8, p < .001, d = 0.95. In words:  ||  A) A large, statistically significant reduction in task time [X]  |  B) A small effect that happens to be significant  |  C) No meaningful change  |  D) Not interpretable without a control group",14
478,AI-29,ANOVA,theme,Themed sets,10,ANOVA and Post-Hoc Comparisons,10,ai,All things AI,exam2,lab3,,,,,,,4,2,Repeated-measures ANOVA,200,23,21.0,2.0,1,"Q: Compare mean fact-check accuracy across four models on the same 500 questions, with each question graded once per model. Because the same items are scored across all models, the design is most like a:  ||  A) One-way between-subjects ANOVA  |  B) Repeated-measures ANOVA [X]  |  C) Independent t-test  |  D) Chi-square test",13
479,AI-30,ANOVA,theme,Themed sets,10,ANOVA and Post-Hoc Comparisons,10,ai,All things AI,exam2,lab3,,,,,,,4,2,At least one tool's mean differs from another,138,45,18.0,27.0,1,"Q: A one-way ANOVA comparing satisfaction across three AI tools is significant, F(2, 297) = 7.9, p < .001. Before post-hoc tests you can say:  ||  A) Tool A is best  |  B) At least one tool's mean differs from another [X]  |  C) All three differ  |  D) The tools are equivalent",10
480,AI-31,Correlation,theme,Themed sets,11,Correlation and Regression,11,ai,All things AI,exam2,lab4,,,,,,,4,3,Using AI tools causes higher productivity,122,41,48.0,-7.0,1,"Q: Across 200 employees, hours of AI-tool use and self-rated productivity correlate at r = .41. Which claim is NOT supported?  ||  A) The relationship is moderate and positive  |  B) About 17% of the variance is shared  |  C) Using AI tools causes higher productivity [X]  |  D) Employees who use AI more tend to rate themselves as more productive",10
481,AI-32,Correlation,theme,Themed sets,11,Correlation and Regression,11,ai,All things AI,exam2,lab4,,,,,,,4,2,.61,102,3,3.0,0.0,1,Q: Model size (parameters) and benchmark score correlate at r = .78 among 25 models. r² is approximately:  ||  A) .78  |  B) .61 [X]  |  C) .88  |  D) .39,14
482,AI-33,Regression,theme,Themed sets,11,Correlation and Regression,11,ai,All things AI,exam2,lab4,,,,,,,4,2,"$1,400",105,6,5.7,0.3,1,"Q: Predicted monthly cost = $400 + $0.02(Prompts). A department sending 50,000 prompts is predicted to cost:  ||  A) $1,000  |  B) $1,400 [X]  |  C) $10,400  |  D) $400",15
483,AI-34,Multiple regression,theme,Themed sets,12,Multiple Regression and Diagnostics,12,ai,All things AI,exam2,lab4,,,,,,,4,1,VIF for multicollinearity,169,25,14.3,10.7,1,"Q: A model predicts benchmark score from parameter count, training tokens, and compute budget. Parameter count and compute correlate at r = .95. The diagnostic to check is:  ||  A) VIF for multicollinearity [X]  |  B) Cronbach's alpha  |  C) The scree plot  |  D) Levene's test",16
484,AI-35,Multiple regression,theme,Themed sets,12,Multiple Regression and Diagnostics,12,ai,All things AI,exam2,lab4,,,,,,,4,2,Stay flat or fall slightly,102,26,13.0,13.0,1,Q: Adding 'release month' as a fourth predictor raises R² from .70 to .701. Adjusted R² will most likely:  ||  A) Rise substantially  |  B) Stay flat or fall slightly [X]  |  C) Double  |  D) Become negative,17
485,AI-36,Factor analysis,theme,Themed sets,13,Factor Analysis,13,ai,All things AI,none,none,,,,,,,4,1,Concerns vs. Perceived Benefits,215,31,19.3,11.7,1,"Q: A 20-item staff survey on AI attitudes is factor analyzed. Items about job loss, surveillance, and error risk load together; items about time savings and creativity load on a second factor. Reasonable factor labels:  ||  A) Concerns vs. Perceived Benefits [X]  |  B) Nominal vs. Ordinal  |  C) Reliability vs. Validity  |  D) Mean vs. Median",7
487,AK-02,Levels of measurement,theme,Themed sets,2,Variables and the Shape of Data,2,kay,Ironic Healthcare (in the style of Adam Kay),exam1,lab1,,,,,,,4,2,"Ordinal — higher means more pain, but the gaps are anyone's guess",135,65,33.7,31.3,1,"Q: Pain scored 1–10 by patients, one of whom rated a stubbed toe a 10 and a fractured wrist a 4. Pain score is most defensibly treated as:  ||  A) Ratio — a 10 is twice a 5  |  B) Ordinal — higher means more pain, but the gaps are anyone's guess [X]  |  C) Nominal — the numbers are labels  |  D) Interval — every point hurts the same amount",4
488,AK-03,Levels of measurement,theme,Themed sets,2,Variables and the Shape of Data,2,kay,Ironic Healthcare (in the style of Adam Kay),exam1,lab1,,,,,,,4,4,"Ratio — zero hours is a real zero, and 14 is twice 7, which explains a lot",55,74,7.3,66.7,1,"Q: Hours since I last ate. Currently 14. This variable is:  ||  A) Nominal  |  B) Ordinal  |  C) Interval  |  D) Ratio — zero hours is a real zero, and 14 is twice 7, which explains a lot [X]",22
489,AK-04,Variables and design,theme,Themed sets,2,Variables and the Shape of Data,2,kay,Ironic Healthcare (in the style of Adam Kay),exam1,lab1,,,,,,,4,2,Whether a protected break was given,144,35,25.7,9.3,1,Q: Wednesday. A trust pilot gives half the junior doctors a 20-minute protected break and measures prescribing errors. The independent variable is:  ||  A) Prescribing errors  |  B) Whether a protected break was given [X]  |  C) The doctor's grade  |  D) Whether anyone noticed the break happened,8
490,AK-05,Variables and design,theme,Themed sets,2,Variables and the Shape of Data,2,kay,Ironic Healthcare (in the style of Adam Kay),exam1,lab1,,,,,,,4,2,Dependent variable,142,18,17.7,0.3,1,Q: Thursday. A trust pilot gives half the junior doctors a 20-minute protected break and measures prescribing errors. Prescribing errors are the:  ||  A) Independent variable  |  B) Dependent variable [X]  |  C) Confounding variable  |  D) Control group,25
491,AK-06,Center and spread,theme,Themed sets,3,"Center, Spread and a First Analysis",3,kay,Ironic Healthcare (in the style of Adam Kay),exam1,lab1,,,,,,,4,3,Mean,142,4,9.7,-5.7,1,"Q: Shift lengths this week: 12, 12, 13, 12.5, 12, 26. The 26 was 'a scheduling anomaly.' Which measure of centre is most affected by the anomaly?  ||  A) Median  |  B) Mode  |  C) Mean [X]  |  D) Interquartile range",8
492,AK-07,Center and spread,theme,Themed sets,3,"Center, Spread and a First Analysis",3,kay,Ironic Healthcare (in the style of Adam Kay),exam1,lab1,,,,,,,4,2,Median,155,6,12.3,-6.3,1,"Q: Ward-round durations: mostly 45–60 minutes, plus one that lasted three hours because a consultant found a whiteboard. To report a 'typical' round, use the:  ||  A) Mean  |  B) Median [X]  |  C) Range  |  D) Maximum, for dramatic effect",12
493,AK-08,Center and spread,theme,Themed sets,3,"Center, Spread and a First Analysis",3,kay,Ironic Healthcare (in the style of Adam Kay),exam1,lab1,,,,,,,4,1,Ward B is dangerously inconsistent — some patients wait far longer than the average suggests,126,92,35.3,56.7,1,Q: Two wards both average 4.2 hours from arrival to bed. Ward A has SD = 0.4 h; Ward B has SD = 3.1 h. The honest interpretation:  ||  A) Ward B is dangerously inconsistent — some patients wait far longer than the average suggests [X]  |  B) Ward B is better because it has a bigger number  |  C) The wards perform identically  |  D) SD cannot be computed for time,6
494,AK-09,Center and spread,theme,Themed sets,3,"Center, Spread and a First Analysis",3,kay,Ironic Healthcare (in the style of Adam Kay),exam1,lab1,,,,,,,4,1,0,110,1,10.0,-9.0,1,"Q: Friday. The vending machine has dispensed 0, 0, 0, 0, 1, 0, 0 items this week when paid. The modal outcome is:  ||  A) 0 [X]  |  B) 1  |  C) 0.14  |  D) Despair (not a statistic)",7
495,AK-10,Shape of data,theme,Themed sets,2,Variables and the Shape of Data,2,kay,Ironic Healthcare (in the style of Adam Kay),exam1,lab1,,,,,,,4,2,Positively skewed,107,17,23.0,-6.0,1,"Q: A histogram of A&E waiting times: a big pile at 1–3 hours and a long tail out past 12. The distribution is:  ||  A) Negatively skewed  |  B) Positively skewed [X]  |  C) Perfectly normal, as promised in the brochure  |  D) Bimodal",8
496,AK-11,Shape of data,theme,Themed sets,2,Variables and the Shape of Data,2,kay,Ironic Healthcare (in the style of Adam Kay),exam1,lab1,,,,,,,4,1,Below the median,112,16,16.0,0.0,1,Q: Patient-satisfaction scores cluster near 'very satisfied' with a few furious 1-star outliers. The mean will sit:  ||  A) Below the median [X]  |  B) Above the median  |  C) Exactly at the median  |  D) At the mode,13
497,AK-12,Chart choice,theme,Themed sets,2,Variables and the Shape of Data,2,kay,Ironic Healthcare (in the style of Adam Kay),exam1,lab1,,,,,,,4,1,Line graph,89,10,13.7,-3.7,0,"Q: To show how monthly bed occupancy changed across a two-year period, the right chart is a:  ||  A) Line graph [X]  |  B) Pie chart  |  C) Histogram of one month  |  D) Word cloud",12
498,AK-13,Chart choice,theme,Themed sets,2,Variables and the Shape of Data,2,kay,Ironic Healthcare (in the style of Adam Kay),exam1,lab1,,,,,,,4,2,Misleading — a truncated axis inflates a 12-minute change,104,57,28.7,28.3,1,Q: Management presents 'waits down 15%!' — the bar chart's y-axis runs from 3.9 to 4.1 hours. The graph is:  ||  A) Fine; percentages are percentages  |  B) Misleading — a truncated axis inflates a 12-minute change [X]  |  C) Wrong chart type; should be a pie  |  D) Missing a title only,5
499,AK-14,Reliability,theme,Themed sets,4,Reliability and Validity,4,kay,Ironic Healthcare (in the style of Adam Kay),exam1,lab1,,,,,,,4,1,Inter-rater reliability,132,23,13.0,10.0,1,Q: Two nurses independently score the same 60 patients on a falls-risk checklist; scores agree 96% of the time. This demonstrates good:  ||  A) Inter-rater reliability [X]  |  B) Content validity  |  C) Predictive validity  |  D) Luck,26
500,AK-15,Reliability,theme,Themed sets,4,Reliability and Validity,4,kay,Ironic Healthcare (in the style of Adam Kay),exam1,lab1,,,,,,,4,2,Reliability,131,11,11.7,-0.7,1,"Q: The ward blood-pressure cuff reads 150/95, then 118/76, then 141/88 on the same calm patient within two minutes. The cuff has poor:  ||  A) Validity  |  B) Reliability [X]  |  C) Face validity  |  D) Bedside manner",13
501,AK-16,Reliability,theme,Themed sets,4,Reliability and Validity,4,kay,Ironic Healthcare (in the style of Adam Kay),exam1,lab1,,,,,,,4,1,Reliable but not valid,88,22,25.3,-3.3,1,Q: A bathroom scale in the doctors' mess reads exactly 3 kg heavy every single time. It is:  ||  A) Reliable but not valid [X]  |  B) Valid but not reliable  |  C) Both reliable and valid  |  D) Neither — it should be reported,12
502,AK-17,Validity,theme,Themed sets,4,Reliability and Validity,4,kay,Ironic Healthcare (in the style of Adam Kay),exam1,lab1,,,,,,,4,1,Content validity — one behaviour cannot represent the whole construct,111,69,30.3,38.7,0,Q: A 'staff wellbeing' survey consists of one item: 'Have you cried in a cupboard this week?' The main problem is:  ||  A) Content validity — one behaviour cannot represent the whole construct [X]  |  B) Test-retest reliability  |  C) The cupboard is a ratio variable  |  D) Nothing; it is the industry standard,8
503,AK-18,Validity,theme,Themed sets,4,Reliability and Validity,4,kay,Ironic Healthcare (in the style of Adam Kay),exam1,lab1,,,,,,,4,1,Predictive validity,155,19,18.7,0.3,1,Q: A triage score is designed to predict which patients deteriorate. Six months of data show it correlates .68 with actual deterioration. This is evidence of:  ||  A) Predictive validity [X]  |  B) Inter-rater reliability  |  C) Internal consistency  |  D) Face validity,8
504,AK-19,Normal curve,theme,Themed sets,6,The Normal Curve and z-Scores,6,kay,Ironic Healthcare (in the style of Adam Kay),exam1,lab2,,,,,,,4,2,+2.0,120,4,3.7,0.3,1,Q: Adult resting heart rates in the clinic are roughly normal with mean 72 and SD 10. A patient at 92 bpm has a z-score of:  ||  A) +1.0  |  B) +2.0 [X]  |  C) +0.2  |  D) +20,31
505,AK-20,Normal curve,theme,Themed sets,6,The Normal Curve and z-Scores,6,kay,Ironic Healthcare (in the style of Adam Kay),exam1,lab2,,,,,,,4,2,68%,102,3,3.7,-0.7,1,"Q: Using that distribution, about what proportion of patients have resting heart rates between 62 and 82?  ||  A) 50%  |  B) 68% [X]  |  C) 95%  |  D) 99.7%",11
506,AK-21,Normal curve,theme,Themed sets,6,The Normal Curve and z-Scores,6,kay,Ironic Healthcare (in the style of Adam Kay),exam1,lab2,,,,,,,4,3,0.1%,135,4,3.3,0.7,1,Q: Thursday. My own resting heart rate mid-shift has a z-score of +3.1 relative to the clinic population. That puts it in roughly the top:  ||  A) 16%  |  B) 2.5%  |  C) 0.1% [X]  |  D) 50%,10
507,AK-22,Sampling and standard error,theme,Themed sets,7,Confidence Intervals,7,kay,Ironic Healthcare (in the style of Adam Kay),exam1,lab2,,,,,,,4,1,10,153,2,11.0,-9.0,1,"Q: A trust surveys 50 patients about food quality; the regional audit surveys 5,000. The regional estimate's standard error is smaller by a factor of about:  ||  A) 10 [X]  |  B) 100  |  C) 2  |  D) It is the same — food is food",11
508,AK-23,Confidence intervals,theme,Themed sets,7,Confidence Intervals,7,kay,Ironic Healthcare (in the style of Adam Kay),exam1,lab2,,,,,,,4,2,Intervals built this way capture the true mean about 95% of the time; 47–57 is the plausible range,107,98,40.7,57.3,1,"Q: Mean time-to-antibiotics for sepsis is reported as 52 minutes, 95% CI [47, 57]. The correct interpretation:  ||  A) 95% of patients got antibiotics between 47 and 57 minutes  |  B) Intervals built this way capture the true mean about 95% of the time; 47–57 is the plausible range [X]  |  C) Exactly 52 minutes, every time  |  D) The target of 60 minutes was missed",15
509,AK-24,Hypothesis testing,theme,Themed sets,8,Hypothesis Testing and Sampling Error,8,kay,Ironic Healthcare (in the style of Adam Kay),exam2,lab3,,,,,,,4,2,There is not enough evidence to conclude the checklist changed readmissions,125,75,39.0,36.0,1,Q: A new discharge checklist is trialled. H0: readmission rate is unchanged. The analysis returns p = .18. The correct write-up:  ||  A) The checklist significantly reduces readmissions  |  B) There is not enough evidence to conclude the checklist changed readmissions [X]  |  C) The checklist has been proven useless  |  D) Lower alpha to .20 and try again,12
510,AK-25,Hypothesis testing,theme,Themed sets,8,Hypothesis Testing and Sampling Error,8,kay,Ironic Healthcare (in the style of Adam Kay),exam2,lab3,,,,,,,4,1,Type I error,152,12,14.3,-2.3,1,Q: A hospital adopts a costly new rota because a small study rejected H0 — but the rota actually changes nothing except everyone's sleep. The study made a:  ||  A) Type I error [X]  |  B) Type II error  |  C) Correct decision  |  D) Clerical error,12
511,AK-26,Hypothesis testing,theme,Themed sets,8,Hypothesis Testing and Sampling Error,8,kay,Ironic Healthcare (in the style of Adam Kay),exam2,lab3,,,,,,,4,2,"Type II error, likely from low power",113,36,15.3,20.7,1,"Q: A hand-hygiene intervention genuinely cuts infections, but the pilot with 15 staff fails to reject H0. This is a:  ||  A) Type I error  |  B) Type II error, likely from low power [X]  |  C) Correct rejection  |  D) Confounded design",7
512,AK-27,Hypothesis testing,theme,Themed sets,8,Hypothesis Testing and Sampling Error,8,kay,Ironic Healthcare (in the style of Adam Kay),exam2,lab3,,,,,,,4,2,Note the effect is statistically significant but clinically trivial — check the effect size and the cost,134,104,34.3,69.7,1,"Q: A trust-wide study of 90,000 visits finds a new sign 'significantly' shortens waits by 40 seconds, p < .001. The grown-up response is:  ||  A) Roll it out everywhere; p < .001 is huge  |  B) Note the effect is statistically significant but clinically trivial — check the effect size and the cost [X]  |  C) Reject the study for being too large  |  D) Switch to a one-tailed test",11
513,AK-28,t-tests,theme,Themed sets,9,Which Test · t-Tests,9,kay,Ironic Healthcare (in the style of Adam Kay),exam2,lab3,,,,,,,4,2,Independent-samples t-test,109,26,14.3,11.7,0,Q: Compare mean handover length on night shifts versus day shifts (different handovers in each group). Use a(n):  ||  A) Paired-samples t-test  |  B) Independent-samples t-test [X]  |  C) One-sample t-test  |  D) ANOVA,24
514,AK-29,t-tests,theme,Themed sets,9,Which Test · t-Tests,9,kay,Ironic Healthcare (in the style of Adam Kay),exam2,lab3,,,,,,,4,2,Paired-samples t-test,135,21,18.0,3.0,1,Q: The same 28 junior doctors take a wellbeing survey before and after a 'resilience training' afternoon they were not paid for. Use a(n):  ||  A) Independent-samples t-test  |  B) Paired-samples t-test [X]  |  C) One-sample t-test  |  D) Correlation,3
515,AK-30,t-tests,theme,Themed sets,9,Which Test · t-Tests,9,kay,Ironic Healthcare (in the style of Adam Kay),exam2,lab3,,,,,,,4,2,No detectable change — and a trivially small effect size,65,56,28.3,27.7,1,"Q: That paired test yields t(27) = 0.4, p = .69, d = 0.08. In words:  ||  A) A large improvement in wellbeing  |  B) No detectable change — and a trivially small effect size [X]  |  C) A significant decline  |  D) The result cannot be interpreted",6
516,AK-31,ANOVA,theme,Themed sets,10,ANOVA and Post-Hoc Comparisons,10,kay,Ironic Healthcare (in the style of Adam Kay),exam2,lab3,,,,,,,4,2,One-way ANOVA,86,13,17.3,-4.3,0,"Q: Compare mean time-to-first-review across three referral routes (GP, A&E, clinic). Use:  ||  A) Three separate t-tests  |  B) One-way ANOVA [X]  |  C) Paired t-test  |  D) Simple regression",4
517,AK-32,ANOVA,theme,Themed sets,10,ANOVA and Post-Hoc Comparisons,10,kay,Ironic Healthcare (in the style of Adam Kay),exam2,lab3,,,,,,,4,2,At least one route's mean differs from another,67,46,27.3,18.7,1,"Q: F(2, 237) = 9.1, p < .001. Before post-hoc tests, you may conclude:  ||  A) GP referrals are slowest  |  B) At least one route's mean differs from another [X]  |  C) All three routes differ  |  D) Nothing until the consultant agrees",25
518,AK-33,Correlation,theme,Themed sets,11,Correlation and Regression,11,kay,Ironic Healthcare (in the style of Adam Kay),exam2,lab4,,,,,,,4,2,Better-staffed wards tend to have fewer falls; about 30% of the variance is shared; causation would need a stronger design,98,122,33.0,89.0,1,"Q: Across 40 wards, staffing level and patient falls correlate at r = −.55. The defensible statement:  ||  A) Better staffing causes fewer falls, full stop  |  B) Better-staffed wards tend to have fewer falls; about 30% of the variance is shared; causation would need a stronger design [X]  |  C) There is no relationship  |  D) Falls cause staffing shortages",14
519,AK-34,Regression,theme,Themed sets,11,Correlation and Regression,11,kay,Ironic Healthcare (in the style of Adam Kay),exam2,lab4,,,,,,,4,2,125 minutes,102,11,10.7,0.3,1,"Q: Predicted wait (min) = 35 + 4.5(Patients ahead of you). With 20 patients ahead, the predicted wait is:  ||  A) 90 minutes  |  B) 125 minutes [X]  |  C) 4.5 hours  |  D) Until morning",29
520,AK-35,Multiple regression,theme,Themed sets,12,Multiple Regression and Diagnostics,12,kay,Ironic Healthcare (in the style of Adam Kay),exam2,lab4,,,,,,,4,1,"VIF, for multicollinearity",154,26,13.7,12.3,1,"Q: A model predicts length of stay from age, number of conditions, and 'number of forms completed.' The last two correlate at r = .94. The diagnostic to run:  ||  A) VIF, for multicollinearity [X]  |  B) Cronbach's alpha  |  C) A scree plot  |  D) Levene's test",14
521,AK-36,Factor analysis,theme,Themed sets,13,Factor Analysis,13,kay,Ironic Healthcare (in the style of Adam Kay),none,none,,,,,,,4,1,Burnout drivers vs. Sources of meaning,184,38,22.7,15.3,1,"Q: A 25-item staff survey is factor analysed. Items on rota chaos, unpaid overtime, and skipped meals load on one factor; items on teamwork and meaning load on another. Reasonable labels:  ||  A) Burnout drivers vs. Sources of meaning [X]  |  B) Nominal vs. Ordinal  |  C) Reliability vs. Validity  |  D) Night shift vs. Day shift",1
522,HE-01,Levels of measurement,theme,Themed sets,2,Variables and the Shape of Data,2,highered,Higher Ed (humor included),exam1,lab1,,,,,,,4,1,Nominal,121,7,6.7,0.3,0,"Q: The registrar codes each student's major (Nursing, Business, Undeclared-but-Confident). Major is measured at which level?  ||  A) Nominal [X]  |  B) Ordinal  |  C) Interval  |  D) Ratio",7
523,HE-02,Levels of measurement,theme,Themed sets,2,Variables and the Shape of Data,2,highered,Higher Ed (humor included),exam1,lab1,,,,,,,4,2,Ordinal,74,7,6.7,0.3,0,"Q: Faculty rank — Assistant, Associate, Full, Emeritus-Who-Still-Emails — is:  ||  A) Nominal  |  B) Ordinal [X]  |  C) Interval  |  D) Ratio",12
524,HE-03,Levels of measurement,theme,Themed sets,2,Variables and the Shape of Data,2,highered,Higher Ed (humor included),exam1,lab1,,,,,,,4,4,Ratio — zero meetings is a true (and enviable) zero,79,51,7.3,43.7,0,Q: Number of committee meetings attended this semester is measured at which level?  ||  A) Nominal  |  B) Ordinal  |  C) Interval  |  D) Ratio — zero meetings is a true (and enviable) zero [X],11
525,HE-04,Variables and design,theme,Themed sets,2,Variables and the Shape of Data,2,highered,Higher Ed (humor included),exam1,lab1,,,,,,,4,2,Independent variable,99,20,14.7,5.3,1,Q: A provost tests whether moving the 8:00 a.m. section to 9:30 changes attendance. Start time is the:  ||  A) Dependent variable  |  B) Independent variable [X]  |  C) Confounding variable  |  D) Sample,15
526,HE-05,Variables and design,theme,Themed sets,2,Variables and the Shape of Data,2,highered,Higher Ed (humor included),exam1,lab1,,,,,,,4,2,Confounding variable,182,20,15.0,5.0,1,"Q: A provost moves the 8:00 a.m. section to 9:30 and compares attendance, but lets students pick their own section. Students who choose 9:30 also tend to be night owls. Chronotype is a:  ||  A) Dependent variable  |  B) Confounding variable [X]  |  C) Ratio variable  |  D) Post-hoc test",10
527,HE-06,Center and spread,theme,Themed sets,3,"Center, Spread and a First Analysis",3,highered,Higher Ed (humor included),exam1,lab1,,,,,,,4,2,Median,146,6,4.0,2.0,1,"Q: Email reply times from nine faculty (hours): 2, 3, 3, 4, 5, 6, 8, 12, 340. Which measure of center is least distorted by the sabbatical colleague?  ||  A) Mean  |  B) Median [X]  |  C) Range  |  D) Sum",14
528,HE-07,Center and spread,theme,Themed sets,3,"Center, Spread and a First Analysis",3,highered,Higher Ed (humor included),exam1,lab1,,,,,,,4,1,B has a mix of beloved and dreaded courses; A is uniformly fine,139,63,34.3,28.7,1,Q: Two departments both average 4.3 on course evaluations. Department A has SD = 0.2; Department B has SD = 1.4. What does this tell the dean?  ||  A) B has a mix of beloved and dreaded courses; A is uniformly fine [X]  |  B) B is better because its SD is larger  |  C) They are identical in every way  |  D) Course evaluations cannot have an SD,13
529,HE-08,Center and spread,theme,Themed sets,3,"Center, Spread and a First Analysis",3,highered,Higher Ed (humor included),exam1,lab1,,,,,,,4,2,76.4,146,4,10.7,-6.7,1,"Q: Committee meeting lengths are scheduled for 60 minutes and actually run 60, 60, 60, 60, 60, 60, 175. The mode and median are both 60; the mean is:  ||  A) 60  |  B) 76.4 [X]  |  C) 175  |  D) Irrelevant, like the agenda",11
530,HE-09,Shape of data,theme,Themed sets,2,Variables and the Shape of Data,2,highered,Higher Ed (humor included),exam1,lab1,,,,,,,4,2,Positively skewed,109,17,18.0,-1.0,1,"Q: Days to complete a curriculum-change form: most in 30–45 days, a tail stretching to 400. The distribution is:  ||  A) Negatively skewed  |  B) Positively skewed [X]  |  C) Symmetric  |  D) Normal, as the form intended",11
531,HE-10,Shape of data,theme,Themed sets,2,Variables and the Shape of Data,2,highered,Higher Ed (humor included),exam1,lab1,,,,,,,4,1,"Negatively skewed, mean below median",112,36,17.3,18.7,0,"Q: Grades in a section where almost everyone earned an A and two students earned Ds produce a distribution that is:  ||  A) Negatively skewed, mean below median [X]  |  B) Positively skewed, mean above median  |  C) Symmetric  |  D) Uniform",6
532,HE-11,Chart choice,theme,Themed sets,2,Variables and the Shape of Data,2,highered,Higher Ed (humor included),exam1,lab1,,,,,,,4,1,Line graph,72,10,13.3,-3.3,0,"Q: To show fall enrollment headcount for each of the last ten years, use a:  ||  A) Line graph [X]  |  B) Pie chart  |  C) Scatterplot  |  D) Word cloud of majors",9
533,HE-12,Chart choice,theme,Themed sets,2,Variables and the Shape of Data,2,highered,Higher Ed (humor included),exam1,lab1,,,,,,,4,1,Bar chart,66,9,14.0,-5.0,0,"Q: To compare retention rates across six colleges in one year, use a:  ||  A) Bar chart [X]  |  B) Line graph  |  C) Histogram  |  D) Box plot of one college",11
534,HE-13,Chart choice,theme,Themed sets,2,Variables and the Shape of Data,2,highered,Higher Ed (humor included),exam1,lab1,,,,,,,4,2,Misleading due to a truncated axis,117,34,28.3,5.7,1,"Q: A recruitment slide shows applications 'skyrocketing' from 4,020 to 4,090 — the y-axis starts at 4,000. The chart is:  ||  A) Accurate and inspiring  |  B) Misleading due to a truncated axis [X]  |  C) Wrong because bar charts cannot show years  |  D) Missing a legend only",13
535,HE-14,Reliability,theme,Themed sets,4,Reliability and Validity,4,highered,Higher Ed (humor included),exam1,lab1,,,,,,,4,1,Inter-rater reliability,114,23,16.7,6.3,1,Q: Two faculty independently score 80 capstone papers with the same rubric and agree 94% of the time. This is strong:  ||  A) Inter-rater reliability [X]  |  B) Content validity  |  C) Predictive validity  |  D) Grade inflation,10
536,HE-15,Reliability,theme,Themed sets,4,Reliability and Validity,4,highered,Higher Ed (humor included),exam1,lab1,,,,,,,4,1,Good internal consistency,80,25,23.7,1.3,1,Q: A 15-item 'sense of belonging' scale has Cronbach's alpha = .89. This indicates:  ||  A) Good internal consistency [X]  |  B) The scale predicts retention  |  C) The sample is representative  |  D) Students belong,13
537,HE-16,Reliability,theme,Themed sets,4,Reliability and Validity,4,highered,Higher Ed (humor included),exam1,lab1,,,,,,,4,2,Reliability,132,11,12.3,-1.3,0,"Q: The parking-permit scanner reads the same permit as valid, invalid, valid, invalid on four consecutive swipes. The scanner has poor:  ||  A) Validity  |  B) Reliability [X]  |  C) Face validity  |  D) Customer service",15
538,HE-17,Validity,theme,Themed sets,4,Reliability and Validity,4,highered,Higher Ed (humor included),exam1,lab1,,,,,,,4,1,Content validity — a narrow proxy for a broad construct,130,55,18.7,36.3,1,Q: A 'teaching effectiveness' measure consists solely of whether the instructor posted grades within 48 hours. The main objection is:  ||  A) Content validity — a narrow proxy for a broad construct [X]  |  B) Test-retest reliability  |  C) Sample size  |  D) It is a ratio variable,10
539,HE-18,Validity,theme,Themed sets,4,Reliability and Validity,4,highered,Higher Ed (humor included),exam1,lab1,,,,,,,4,1,Predictive validity,102,19,18.7,0.3,1,Q: An admissions index correlates .55 with first-year GPA two semesters later. This supports the index's:  ||  A) Predictive validity [X]  |  B) Inter-rater reliability  |  C) Face validity  |  D) Internal consistency,8
540,HE-19,Normal curve,theme,Themed sets,6,The Normal Curve and z-Scores,6,highered,Higher Ed (humor included),exam1,lab2,,,,,,,4,2,+2.0,141,4,4.0,0.0,1,Q: Faculty office-hour attendance per week is roughly normal with mean 6 students and SD 2. An instructor who sees 10 students has a z-score of:  ||  A) +1.0  |  B) +2.0 [X]  |  C) +4.0  |  D) +0.5,16
541,HE-20,Normal curve,theme,Themed sets,6,The Normal Curve and z-Scores,6,highered,Higher Ed (humor included),exam1,lab2,,,,,,,4,2,68%,97,3,3.7,-0.7,1,"Q: Using that distribution, about what percent of instructors see between 4 and 8 students per week?  ||  A) 50%  |  B) 68% [X]  |  C) 95%  |  D) 99.7%",17
542,HE-21,Normal curve,theme,Themed sets,6,The Normal Curve and z-Scores,6,highered,Higher Ed (humor included),exam1,lab2,,,,,,,4,1,Half a standard deviation below the mean — about the 31st percentile,55,68,18.3,49.7,1,Q: A student's placement-test z-score is −0.5. She scored:  ||  A) Half a standard deviation below the mean — about the 31st percentile [X]  |  B) Half a point below passing  |  C) In the bottom 5%  |  D) Above average,11
543,HE-22,Sampling and standard error,theme,Themed sets,7,Confidence Intervals,7,highered,Higher Ed (humor included),exam1,lab2,,,,,,,4,1,3,126,1,1.7,-0.7,1,"Q: The campus climate survey goes from 200 respondents to 1,800. The standard error of the mean will shrink by a factor of about:  ||  A) 3 [X]  |  B) 9  |  C) 1  |  D) 0.3",17
544,HE-23,Confidence intervals,theme,Themed sets,7,Confidence Intervals,7,highered,Higher Ed (humor included),exam1,lab2,,,,,,,4,2,"Intervals built this way capture the true mean about 95% of the time; $23,100–$26,500 is the plausible range",106,108,36.3,71.7,1,"Q: Mean student debt at graduation is reported as $24,800, 95% CI [$23,100, $26,500]. Correct interpretation:  ||  A) 95% of graduates owe between $23,100 and $26,500  |  B) Intervals built this way capture the true mean about 95% of the time; $23,100–$26,500 is the plausible range [X]  |  C) Every graduate owes $24,800  |  D) The interval proves debt is rising",25
545,HE-24,Hypothesis testing,theme,Themed sets,8,Hypothesis Testing and Sampling Error,8,highered,Higher Ed (humor included),exam2,lab3,,,,,,,4,2,The evaluation did not find sufficient evidence that the seminar changed retention,132,82,38.3,43.7,1,Q: A new first-year seminar is evaluated. H0: retention is unchanged. The result is p = .31. The correct sentence for the board report:  ||  A) The seminar significantly improved retention  |  B) The evaluation did not find sufficient evidence that the seminar changed retention [X]  |  C) The seminar was proven ineffective  |  D) Alpha was adjusted to .35 for context,14
546,HE-25,Hypothesis testing,theme,Themed sets,8,Hypothesis Testing and Sampling Error,8,highered,Higher Ed (humor included),exam2,lab3,,,,,,,4,1,Type I error,131,12,24.7,-12.7,1,"Q: A university funds a $2M advising platform after a pilot rejected H0 — but the platform truly has no effect. The pilot committed a:  ||  A) Type I error [X]  |  B) Type II error  |  C) Correct decision  |  D) Budget error (statistically speaking, Type I)",11
547,HE-26,Hypothesis testing,theme,Themed sets,8,Hypothesis Testing and Sampling Error,8,highered,Higher Ed (humor included),exam2,lab3,,,,,,,4,2,Type II error — likely low power,88,32,15.3,16.7,1,"Q: Peer tutoring truly helps, but the study with 14 students fails to reject H0. This is a:  ||  A) Type I error  |  B) Type II error — likely low power [X]  |  C) Correct rejection  |  D) Confounded result",23
548,HE-27,Hypothesis testing,theme,Themed sets,8,Hypothesis Testing and Sampling Error,8,highered,Higher Ed (humor included),exam2,lab3,,,,,,,4,2,"Statistically significant, practically trivial — check the effect size before acting",129,84,22.0,62.0,1,"Q: A 60,000-record study finds that changing the LMS banner color 'significantly' raised logins by 0.3%, p < .001. The wise reading:  ||  A) Repaint everything  |  B) Statistically significant, practically trivial — check the effect size before acting [X]  |  C) The sample is too large to trust  |  D) Rerun one-tailed",14
549,HE-28,t-tests,theme,Themed sets,9,Which Test · t-Tests,9,highered,Higher Ed (humor included),exam2,lab3,,,,,,,4,2,Independent-samples t-test,127,26,14.3,11.7,0,Q: Compare mean final grades between an online section and an in-person section of the same course (different students). Use a(n):  ||  A) Paired-samples t-test  |  B) Independent-samples t-test [X]  |  C) One-sample t-test  |  D) ANOVA,16
550,HE-29,t-tests,theme,Themed sets,9,Which Test · t-Tests,9,highered,Higher Ed (humor included),exam2,lab3,,,,,,,4,2,Paired-samples t-test,90,21,18.0,3.0,1,Q: The same 35 advisors rate their workload before and after a new scheduling tool. Use a(n):  ||  A) Independent-samples t-test  |  B) Paired-samples t-test [X]  |  C) One-sample t-test  |  D) Correlation,15
551,HE-30,t-tests,theme,Themed sets,9,Which Test · t-Tests,9,highered,Higher Ed (humor included),exam2,lab3,,,,,,,4,1,One-sample t-test,118,17,19.0,-2.0,1,"Q: A department's 42 graduates average 81 on a licensure exam; the national mean is 78. To test the difference, use a(n):  ||  A) One-sample t-test [X]  |  B) Independent-samples t-test  |  C) Paired-samples t-test  |  D) Chi-square",6
552,HE-31,ANOVA,theme,Themed sets,10,ANOVA and Post-Hoc Comparisons,10,highered,Higher Ed (humor included),exam2,lab3,,,,,,,4,2,One-way ANOVA,83,13,13.0,0.0,0,Q: Compare mean time-to-degree across four colleges (different students in each). Use:  ||  A) Six t-tests  |  B) One-way ANOVA [X]  |  C) Paired t-test  |  D) Regression only,15
553,HE-32,ANOVA,theme,Themed sets,10,ANOVA and Post-Hoc Comparisons,10,highered,Higher Ed (humor included),exam2,lab3,,,,,,,4,2,At least one college's mean differs from another,92,48,23.7,24.3,1,"Q: F(3, 1196) = 4.2, p = .006 for the time-to-degree ANOVA. Before post-hocs, you can conclude:  ||  A) Nursing takes longest  |  B) At least one college's mean differs from another [X]  |  C) All four differ  |  D) Nothing until the provost signs off",14
554,HE-33,Correlation,theme,Themed sets,11,Correlation and Regression,11,highered,Higher Ed (humor included),exam2,lab4,,,,,,,4,3,Library time causes higher GPA,95,30,47.3,-17.3,1,"Q: Across 300 students, hours in the library and GPA correlate at r = .35. Which is NOT supported?  ||  A) The relationship is positive and modest  |  B) About 12% of the variance is shared  |  C) Library time causes higher GPA [X]  |  D) Students who spend more time in the library tend to have higher GPAs",15
555,HE-34,Correlation,theme,Themed sets,11,Correlation and Regression,11,highered,Higher Ed (humor included),exam2,lab4,,,,,,,4,2,Restriction of range in GPA,99,27,18.3,8.7,1,"Q: Among honors students (all GPAs 3.7–4.0), SAT and GPA correlate at r = .04. The likely explanation:  ||  A) SAT is useless everywhere  |  B) Restriction of range in GPA [X]  |  C) GPA is nominal  |  D) Sample too large",12
556,HE-35,Regression,theme,Themed sets,11,Correlation and Regression,11,highered,Higher Ed (humor included),exam2,lab4,,,,,,,4,1,3.0,113,3,3.0,0.0,1,Q: Predicted first-year GPA = 0.9 + 0.6(High-school GPA). A student with a 3.5 high-school GPA is predicted to earn:  ||  A) 3.0 [X]  |  B) 2.1  |  C) 3.5  |  D) 4.4,19
557,HE-36,Multiple regression,theme,Themed sets,12,Multiple Regression and Diagnostics,12,highered,Higher Ed (humor included),exam2,lab4,,,,,,,4,1,VIF for multicollinearity,155,25,13.0,12.0,1,"Q: A retention model uses high-school GPA, first-term GPA, credits attempted, and credits earned. The last two correlate at r = .97. The diagnostic to run is:  ||  A) VIF for multicollinearity [X]  |  B) Cronbach's alpha  |  C) Scree plot  |  D) Levene's test",13
558,HE-37,Multiple regression,theme,Themed sets,12,Multiple Regression and Diagnostics,12,highered,Higher Ed (humor included),exam2,lab4,,,,,,,4,2,Stay flat or drop slightly,97,26,10.3,15.7,1,Q: Adding 'number of campus emails opened' raises R² from .44 to .441. Adjusted R² will most likely:  ||  A) Rise sharply  |  B) Stay flat or drop slightly [X]  |  C) Double  |  D) Turn negative,27
559,HE-38,Factor analysis,theme,Themed sets,13,Factor Analysis,13,highered,Higher Ed (humor included),none,none,,,,,,,4,1,Working conditions vs. Professional community,191,45,21.3,23.7,1,"Q: A 30-item faculty-satisfaction survey is factor analyzed. Items about pay, workload, and parking load together; items about autonomy and colleagues load on a second factor. Reasonable labels:  ||  A) Working conditions vs. Professional community [X]  |  B) Nominal vs. Ordinal  |  C) Reliability vs. Validity  |  D) Tenured vs. Untenured",3
560,SKC-01,Levels of measurement,theme,Themed sets,2,Variables and the Shape of Data,2,skc,Sporting KC,exam1,lab1,,,,,,,4,1,Nominal — the categories name the competition and cannot be ranked or averaged,153,78,52.0,26.0,0,"Q: A club historian records each Sporting KC trophy by competition: MLS Cup, U.S. Open Cup, Supporters' Shield. Competition name is measured at which level?  ||  A) Nominal — the categories name the competition and cannot be ranked or averaged [X]  |  B) Ordinal — MLS Cup outranks the others, so the scale is ordered  |  C) Interval — the gaps between competitions are equal  |  D) Ratio — a value of zero means no competition",15
561,SKC-02,Levels of measurement,theme,Themed sets,2,Variables and the Shape of Data,2,skc,Sporting KC,exam1,lab1,,,,,,,4,2,Ordinal,127,7,6.7,0.3,1,"Q: The same historian codes each season's final conference placing (1st, 2nd, 3rd, and so on). Placing is measured at which level?  ||  A) Nominal  |  B) Ordinal [X]  |  C) Interval  |  D) Ratio",12
562,SKC-03,Levels of measurement,theme,Themed sets,2,Variables and the Shape of Data,2,skc,Sporting KC,exam1,lab1,,,,,,,4,4,"Ratio — zero goals is a true zero, and 70 goals is twice 35",91,59,7.3,51.7,1,"Q: Preki is the club's all-time leader with 71 goals. Career goals is measured at which level?  ||  A) Nominal  |  B) Ordinal  |  C) Interval  |  D) Ratio — zero goals is a true zero, and 70 goals is twice 35 [X]",11
563,SKC-04,Variables and design,theme,Themed sets,2,Variables and the Shape of Data,2,skc,Sporting KC,exam1,lab1,,,,,,,4,2,Independent variable,139,20,18.0,2.0,0,"Q: An analyst asks whether Sporting KC score more goals at Children's Mercy Park than on the road. In that study, venue (home or away) is the:  ||  A) Dependent variable  |  B) Independent variable [X]  |  C) Confounding variable  |  D) Outcome variable",12
564,SKC-05,Variables and design,theme,Themed sets,2,Variables and the Shape of Data,2,skc,Sporting KC,exam1,lab1,,,,,,,4,2,Dependent variable,129,18,17.7,0.3,0,Q: An analyst asks whether Sporting KC score more goals at Children's Mercy Park than on the road. Goals scored in the match is the:  ||  A) Independent variable  |  B) Dependent variable [X]  |  C) Control variable  |  D) Nominal predictor,25
565,SKC-06,Center and spread,theme,Themed sets,3,"Center, Spread and a First Analysis",3,skc,Sporting KC,exam1,lab1,,,,,,,4,3,Mean,183,4,9.7,-5.7,1,"Q: Dom Dwyer's 22 goals in 2014 is the club's single-season record. If a striker's five season totals are 4, 6, 22, 7, and 5, which measure of center is most inflated by the record year?  ||  A) Median  |  B) Mode  |  C) Mean [X]  |  D) Interquartile range",11
566,SKC-07,Center and spread,theme,Themed sets,3,"Center, Spread and a First Analysis",3,skc,Sporting KC,exam1,lab1,,,,,,,4,2,2013.5,104,6,4.7,1.3,1,"Q: Sporting KC won the U.S. Open Cup in 2004, 2012, 2015, and 2017. What is the median of those four years?  ||  A) 2012  |  B) 2013.5 [X]  |  C) 2015  |  D) 2012.5",20
567,SKC-08,Center and spread,theme,Themed sets,3,"Center, Spread and a First Analysis",3,skc,Sporting KC,exam1,lab1,,,,,,,4,1,The second forward is far less predictable — some big seasons and some very quiet ones,150,86,57.7,28.3,1,"Q: Two forwards both average 9 goals per season. One has a standard deviation of 2 goals, the other 8. What does the difference tell a sporting director?  ||  A) The second forward is far less predictable — some big seasons and some very quiet ones [X]  |  B) The second forward is better, because a larger SD means a higher ceiling  |  C) They are interchangeable, since the means match  |  D) Nothing — goal totals cannot have a standard deviation",10
568,SKC-09,Center and spread,theme,Themed sets,3,"Center, Spread and a First Analysis",3,skc,Sporting KC,exam1,lab1,,,,,,,4,1,"About 1,500",102,11,10.0,1.0,1,"Q: A match-day report lists the variance of announced attendance as 2,250,000. The standard deviation is:  ||  A) About 1,500 [X]  |  B) About 150  |  C) 2,250,000  |  D) About 15,000",15
569,SKC-10,Shape of data,theme,Themed sets,2,Variables and the Shape of Data,2,skc,Sporting KC,exam1,lab1,,,,,,,4,2,Positively skewed,140,17,11.0,6.0,1,Q: A histogram of Sporting KC goals scored per match across a season shows most matches at 0–2 goals and a handful at 4–6. The distribution is:  ||  A) Negatively skewed  |  B) Positively skewed [X]  |  C) Symmetric  |  D) Uniform,7
570,SKC-11,Shape of data,theme,Themed sets,2,Variables and the Shape of Data,2,skc,Sporting KC,exam1,lab1,,,,,,,4,1,The mean to sit below the median — a negatively skewed distribution,139,67,42.3,24.7,0,"Q: Children's Mercy Park sells out most matches, with a few sparse crowds on cold midweek nights. For announced attendance, you should expect:  ||  A) The mean to sit below the median — a negatively skewed distribution [X]  |  B) The mean to sit above the median — a positively skewed distribution  |  C) Mean, median, and mode to be identical  |  D) A uniform distribution",7
571,SKC-12,Chart choice,theme,Themed sets,2,Variables and the Shape of Data,2,skc,Sporting KC,exam1,lab1,,,,,,,4,1,Line graph,112,10,22.7,-12.7,1,"Q: To show how the club's points total changed across every season since its first in 1996, the right display is a:  ||  A) Line graph [X]  |  B) Pie chart  |  C) Histogram of one season  |  D) Scatterplot of goals against assists",18
572,SKC-13,Chart choice,theme,Themed sets,2,Variables and the Shape of Data,2,skc,Sporting KC,exam1,lab1,,,,,,,4,1,Bar chart,115,9,18.3,-9.3,0,"Q: To compare total goals scored by four different Sporting KC forwards in a single season, the clearest display is a:  ||  A) Bar chart [X]  |  B) Line graph  |  C) Box plot of one player  |  D) Pie chart of the league",10
573,SKC-14,Chart choice,theme,Themed sets,2,Variables and the Shape of Data,2,skc,Sporting KC,exam1,lab1,,,,,,,4,1,A truncated axis makes a trivial change look dramatic,164,53,29.3,23.7,1,"Q: A graphic claims the attack is ""transformed,"" showing expected goals per match rising from 1.42 to 1.47 — with the y-axis running from 1.40 to 1.50. The problem is:  ||  A) A truncated axis makes a trivial change look dramatic [X]  |  B) Expected goals cannot be charted  |  C) The wrong chart type was used  |  D) The axis labels are missing",12
574,SKC-15,Reliability,theme,Themed sets,4,Reliability and Validity,4,skc,Sporting KC,exam1,lab1,,,,,,,4,1,Inter-rater reliability,142,23,18.3,4.7,1,"Q: Two academy scouts independently grade the same 60 youth players on a 1–10 scale, and their grades correlate at .89. This is evidence of good:  ||  A) Inter-rater reliability [X]  |  B) Content validity  |  C) Predictive validity  |  D) Internal consistency",8
575,SKC-16,Reliability,theme,Themed sets,4,Reliability and Validity,4,skc,Sporting KC,exam1,lab1,,,,,,,4,2,Reliability — the readings are not consistent,171,45,42.0,3.0,1,"Q: A GPS vest reports 9.1 km, 7.4 km, and 10.3 km of running for the same recorded training session when the file is processed three times. The measurement problem is one of:  ||  A) Validity — the vest is measuring the wrong construct  |  B) Reliability — the readings are not consistent [X]  |  C) Sampling — three processings is too few  |  D) Skew — the distances are not normal",13
576,SKC-17,Validity,theme,Themed sets,4,Reliability and Validity,4,skc,Sporting KC,exam1,lab1,,,,,,,4,1,Poor content validity — one narrow behavior cannot represent a broad construct,109,78,30.7,47.3,0,"Q: A club rates ""defensive quality"" using nothing but each player's tackle count. The most serious objection is:  ||  A) Poor content validity — one narrow behavior cannot represent a broad construct [X]  |  B) Poor test-retest reliability  |  C) Tackles are a nominal variable  |  D) The sample of matches is too large",8
577,SKC-18,Normal curve,theme,Themed sets,6,The Normal Curve and z-Scores,6,skc,Sporting KC,exam1,lab2,,,,,,,4,2,+2.0,156,4,4.7,-0.7,1,"Q: Announced attendance at Children's Mercy Park is roughly normal with a mean of 19,000 and a standard deviation of 1,500. A crowd of 22,000 has a z-score of:  ||  A) +1.0  |  B) +2.0 [X]  |  C) +3.0  |  D) +3,000",24
578,SKC-19,Normal curve,theme,Themed sets,6,The Normal Curve and z-Scores,6,skc,Sporting KC,exam1,lab2,,,,,,,4,2,68%,115,3,3.7,-0.7,1,"Q: Using that same distribution (mean 19,000, SD 1,500), about what percent of matches draw between 17,500 and 20,500?  ||  A) 50%  |  B) 68% [X]  |  C) 95%  |  D) 99.7%",18
579,SKC-20,Sampling and standard error,theme,Themed sets,7,Confidence Intervals,7,skc,Sporting KC,exam1,lab2,,,,,,,4,1,One-third as large,170,18,15.3,2.7,1,"Q: A season-ticket survey about kickoff times samples 100 members; a follow-up samples 900. Compared with the first, the second survey's standard error of the mean is about:  ||  A) One-third as large [X]  |  B) One-ninth as large  |  C) Three times as large  |  D) The same",12
580,SKC-21,Confidence intervals,theme,Themed sets,7,Confidence Intervals,7,skc,Sporting KC,exam1,lab2,,,,,,,4,2,Intervals built this way capture the true mean about 95% of the time; 4.0–4.4 is the plausible range,111,100,41.0,59.0,1,"Q: A supporter survey estimates mean satisfaction at 4.2 of 5, 95% CI [4.0, 4.4]. Which interpretation is correct?  ||  A) 95% of supporters rated between 4.0 and 4.4  |  B) Intervals built this way capture the true mean about 95% of the time; 4.0–4.4 is the plausible range [X]  |  C) There is a 95% chance the sample mean is 4.2  |  D) The result is significant at p = .95",29
581,SKC-22,Hypothesis testing,theme,Themed sets,8,Hypothesis Testing and Sampling Error,8,skc,Sporting KC,exam2,lab3,,,,,,,4,2,There is no difference in mean goals between home and away matches,82,66,30.3,35.7,1,Q: An analyst tests whether Sporting KC score more at home than away. H0 states that:  ||  A) Home scoring exceeds away scoring  |  B) There is no difference in mean goals between home and away matches [X]  |  C) Away scoring exceeds home scoring  |  D) The venue effect is large,8
582,SKC-23,Hypothesis testing,theme,Themed sets,8,Hypothesis Testing and Sampling Error,8,skc,Sporting KC,exam2,lab3,,,,,,,4,1,Type I error,179,12,15.3,-3.3,1,"Q: The club signs an expensive forward after a 9-match study ""showed"" he significantly outperforms the incumbent — but in truth there is no difference between them. The study made a:  ||  A) Type I error [X]  |  B) Type II error  |  C) Correct decision  |  D) Measurement error",12
583,SKC-24,t-tests,theme,Themed sets,9,Which Test · t-Tests,9,skc,Sporting KC,exam2,lab3,,,,,,,4,2,Independent-samples t-test,147,26,17.7,8.3,0,"Q: To compare mean goals scored in home matches versus away matches across one season (different matches in each group), the appropriate test is a(n):  ||  A) Paired-samples t-test  |  B) Independent-samples t-test [X]  |  C) One-sample t-test  |  D) Chi-square test",12
584,SKC-25,t-tests,theme,Themed sets,9,Which Test · t-Tests,9,skc,Sporting KC,exam2,lab3,,,,,,,4,2,Paired-samples t-test,115,21,19.3,1.7,1,"Q: The same 24 players complete a sprint test in preseason and again in July. To test whether times changed, use a(n):  ||  A) Independent-samples t-test  |  B) Paired-samples t-test [X]  |  C) One-way ANOVA  |  D) Pearson correlation",7
585,SKC-26,ANOVA,theme,Themed sets,10,ANOVA and Post-Hoc Comparisons,10,skc,Sporting KC,exam2,lab3,,,,,,,4,2,One-way ANOVA,133,13,20.0,-7.0,0,"Q: An analyst compares mean minutes played across three position groups — defenders, midfielders, and forwards. The appropriate test is:  ||  A) Three separate t-tests  |  B) One-way ANOVA [X]  |  C) Paired-samples t-test  |  D) Simple regression",16
586,SKC-27,Correlation,theme,Themed sets,11,Correlation and Regression,11,skc,Sporting KC,exam2,lab4,,,,,,,4,3,Holding the ball more causes a team to earn more points,105,55,52.7,2.3,1,"Q: Across 20 seasons, possession share and points earned correlate at r = .42. Which claim is NOT supported?  ||  A) The relationship is positive and moderate  |  B) About 18% of the variance in points is shared with possession  |  C) Holding the ball more causes a team to earn more points [X]  |  D) Seasons with more possession tended to bring more points",19
587,SKC-28,Regression,theme,Themed sets,11,Correlation and Regression,11,skc,Sporting KC,exam2,lab4,,,,,,,4,2,39,106,2,2.3,-0.3,1,"Q: A model gives Predicted points = 12 + 1.8(Wins). For a season with 15 wins, the predicted points total is:  ||  A) 27  |  B) 39 [X]  |  C) 1.8  |  D) 15",13
588,SKC-29,Multiple regression,theme,Themed sets,12,Multiple Regression and Diagnostics,12,skc,Sporting KC,exam2,lab4,,,,,,,4,1,"VIF, for multicollinearity",160,26,13.7,12.3,1,"Q: A model predicts points from goals scored, goals conceded, and expected goals. Goals scored and expected goals correlate at r = .94. The diagnostic to check is:  ||  A) VIF, for multicollinearity [X]  |  B) Cronbach's alpha  |  C) A scree plot  |  D) Levene's test",6
589,SKC-30,Factor analysis,theme,Themed sets,13,Factor Analysis,13,skc,Sporting KC,none,none,,,,,,,4,1,Matchday logistics vs. Atmosphere and belonging,250,47,18.7,28.3,1,"Q: A 28-item supporter survey is factor analyzed. Items about parking, ticket price, and concession lines load on one factor; items about atmosphere, the supporters' section, and matchday tradition load on another. Reasonable labels for the two factors:  ||  A) Matchday logistics vs. Atmosphere and belonging [X]  |  B) Nominal vs. Ordinal  |  C) Reliability vs. Validity  |  D) Home vs. Away",3
590,NEWS-01,Levels of measurement,news,"Current events — real reported figures, with the source",2,Variables and the Shape of Data,2,,,exam1,lab1,,,Reuters/Ipsos,"Jul 29–Aug 3, 2026",2026-09-11,https://www.ipsos.com/en-us/reutersipsos-august-2026-poll,4,1,Nominal — the answer names a category and cannot be ranked or averaged,217,70,38.3,31.7,1,"Q: A Reuters/Ipsos poll asked which issue matters most to respondents in the midterms; 48% chose cost of living, others chose immigration, crime, and so on. The variable ""most important issue"" is measured at which level?  ||  A) Nominal — the answer names a category and cannot be ranked or averaged [X]  |  B) Ordinal — cost of living outranks the others  |  C) Interval — the gaps between issues are equal  |  D) Ratio — zero means no issue",9
591,NEWS-02,Levels of measurement,news,"Current events — real reported figures, with the source",2,Variables and the Shape of Data,2,,,exam1,lab1,,,Reuters/Ipsos,"Apr 24–27, 2026",2026-09-11,https://www.ipsos.com/en-us/americans-increasingly-feel-economy-wrong-track,4,2,"Ordinal — ordered categories with unequal, unknown gaps",217,55,6.7,48.3,0,"Q: Poll write-ups usually report a single ""disapprove"" percentage. If the underlying item had instead been recorded as strongly approve, somewhat approve, somewhat disapprove, strongly disapprove, that variable would be:  ||  A) Nominal  |  B) Ordinal — ordered categories with unequal, unknown gaps [X]  |  C) Interval  |  D) Ratio",7
592,NEWS-03,Levels of measurement,news,"Current events — real reported figures, with the source",2,Variables and the Shape of Data,2,,,exam1,lab1,,,U.S. Bureau of Labor Statistics,August 2026 release,2026-09-11,https://www.bls.gov/news.release/empsit.nr0.htm,4,4,"Ratio — zero is a true zero and 160,000 is twice 80,000",157,55,7.3,47.7,1,"Q: The Bureau of Labor Statistics reported that nonfarm payroll employment increased by 162,000 in August 2026. Number of jobs added is measured at which level?  ||  A) Nominal  |  B) Ordinal  |  C) Interval  |  D) Ratio — zero is a true zero and 160,000 is twice 80,000 [X]",7
593,NEWS-04,Variables and design,news,"Current events — real reported figures, with the source",2,Variables and the Shape of Data,2,,,exam1,lab1,,,Pew Research Center,"Jun 22–28, 2026",2026-09-11,https://www.pewresearch.org/short-reads/2026/08/18/young-adults-in-the-us-are-increasingly-wary-of-ai-concerned-it-will-take-jobs/,4,2,Independent (grouping) variable,199,31,18.0,13.0,1,"Q: Pew reported the share of adults ""more concerned than excited"" about AI by age: 55% of those 18–29, 51% of those 30–49, 47% of those 50–64, and 59% of those 65+. In this comparison, age group is the:  ||  A) Dependent variable  |  B) Independent (grouping) variable [X]  |  C) Confounding variable  |  D) Outcome variable",4
594,NEWS-05,Variables and design,news,"Current events — real reported figures, with the source",2,Variables and the Shape of Data,2,,,exam1,lab1,,,Pew Research Center,"Jun 22–28, 2026",2026-09-11,https://www.pewresearch.org/short-reads/2026/08/18/young-adults-in-the-us-are-increasingly-wary-of-ai-concerned-it-will-take-jobs/,4,2,"No one was randomly assigned to a condition, so any number of things that also changed could explain it",141,103,27.3,75.7,1,"Q: Concern about AI among adults under 30 rose 24 points between 2021 and 2026. Why can't we conclude that news coverage of AI caused the shift?  ||  A) Percentages cannot change over time  |  B) No one was randomly assigned to a condition, so any number of things that also changed could explain it [X]  |  C) The sample was too large  |  D) The variable is ordinal",8
595,NEWS-06,Variables and design,news,"Current events — real reported figures, with the source",2,Variables and the Shape of Data,2,,,exam1,lab1,,,U.S. Bureau of Labor Statistics,August 2026 release,2026-09-11,https://www.bls.gov/news.release/empsit.nr0.htm,4,1,"They are estimates of different things from different samples, so they can move in ways that seem to disagree",173,109,46.0,63.0,0,"Q: In the monthly jobs report, the payroll figure comes from a survey of employers and the unemployment rate comes from a separate survey of households. What follows from that?  ||  A) They are estimates of different things from different samples, so they can move in ways that seem to disagree [X]  |  B) They must always agree, since both describe the labor market  |  C) One of the two surveys is wrong  |  D) The unemployment rate is a census of all adults",11
596,NEWS-07,Center and spread,news,"Current events — real reported figures, with the source",3,"Center, Spread and a First Analysis",3,,,exam1,lab1,,,Pew Research Center,"Jun 22–28, 2026",2026-09-11,https://www.pewresearch.org/short-reads/2026/08/18/young-adults-in-the-us-are-increasingly-wary-of-ai-concerned-it-will-take-jobs/,4,1,The overall figure is a weighted mean — the age groups are not equal in size,162,76,35.7,40.3,1,"Q: Pew's four age-group figures for concern about AI are 55%, 51%, 47%, and 59%. Their simple average is 53%, but Pew reports 52% for all adults. Why the difference?  ||  A) The overall figure is a weighted mean — the age groups are not equal in size [X]  |  B) One of the numbers must be a misprint  |  C) Percentages cannot be averaged  |  D) The overall figure is the median instead",4
597,NEWS-08,Center and spread,news,"Current events — real reported figures, with the source",3,"Center, Spread and a First Analysis",3,,,exam1,lab1,,,Pew Research Center,"Jun 22–28, 2026",2026-09-11,https://www.pewresearch.org/short-reads/2026/08/18/young-adults-in-the-us-are-increasingly-wary-of-ai-concerned-it-will-take-jobs/,4,2,12 points,81,9,8.7,0.3,1,"Q: Using those same four age-group percentages — 55, 51, 47, 59 — what is the range?  ||  A) 4 points  |  B) 12 points [X]  |  C) 53 points  |  D) 59 points",4
598,NEWS-09,Center and spread,news,"Current events — real reported figures, with the source",3,"Center, Spread and a First Analysis",3,,,exam1,lab1,,,Pew Research Center,"Jun 22–28, 2026",2026-09-11,https://www.pewresearch.org/short-reads/2026/08/18/young-adults-in-the-us-are-increasingly-wary-of-ai-concerned-it-will-take-jobs/,4,2,72.5,144,4,2.7,1.3,1,"Q: Pew's shares expecting AI to mean fewer jobs were 73% (18–29), 74% (30–49), 72% (50–64), and 63% (65+). What is the median of those four values?  ||  A) 70.5  |  B) 72.5 [X]  |  C) 73  |  D) 74",27
599,NEWS-10,Center and spread,news,"Current events — real reported figures, with the source",3,"Center, Spread and a First Analysis",3,,,exam1,lab1,,,Reuters/Ipsos,Jul–Aug 2026,2026-09-11,https://www.ipsos.com/en-us/reutersipsos-august-2026-poll,4,1,"The 4,505-adult poll — a larger sample gives a smaller margin of error",176,70,48.3,21.7,1,"Q: One Reuters/Ipsos poll of 4,505 adults reports a margin of error of ±1.5 points; another of 1,166 adults reports ±2.9. Which poll's estimates are more tightly bounded, and why?  ||  A) The 4,505-adult poll — a larger sample gives a smaller margin of error [X]  |  B) The 1,166-adult poll — a smaller sample is more focused  |  C) Neither; margin of error does not depend on sample size  |  D) Cannot tell without the percentages",7
600,NEWS-11,Shape of data,news,"Current events — real reported figures, with the source",2,Variables and the Shape of Data,2,,,exam1,lab1,,,U.S. Bureau of Labor Statistics,August 2026 release,2026-09-11,https://www.bls.gov/news.release/empsit.nr0.htm,4,2,Negatively skewed — the long tail points toward the low values,152,62,11.0,51.0,1,"Q: Suppose you plot the 12 monthly payroll changes for a year: most cluster between +120,000 and +180,000, with one month at −250,000. The distribution is:  ||  A) Positively skewed  |  B) Negatively skewed — the long tail points toward the low values [X]  |  C) Symmetric  |  D) Uniform",12
601,NEWS-12,Shape of data,news,"Current events — real reported figures, with the source",2,Variables and the Shape of Data,2,,,exam1,lab1,,,Reuters/Ipsos,"May 15–18, 2026",2026-09-11,https://www.ipsos.com/en-us/americas-frustration-cost-living-continues-rise,4,1,"Positively skewed, with a floor effect at 0",208,43,14.7,28.3,1,"Q: A Reuters/Ipsos poll found 74% say the cost of living is on the wrong track. If each respondent had instead rated the economy 0–10 and almost everyone answered 0–2, the distribution of those ratings would be:  ||  A) Positively skewed, with a floor effect at 0 [X]  |  B) Negatively skewed  |  C) Normal  |  D) Bimodal by definition",6
602,NEWS-13,Shape of data,news,"Current events — real reported figures, with the source",2,Variables and the Shape of Data,2,,,exam1,lab1,,,Reuters/Ipsos,"May 15–18, 2026",2026-09-11,https://www.ipsos.com/en-us/americas-frustration-cost-living-continues-rise,4,2,"The distribution of such estimates can be asymmetric near a boundary, so symmetry should be checked rather than assumed",111,119,39.3,79.7,1,"Q: Approval percentages are bounded between 0 and 100. What does that imply when an approval figure sits near 35%?  ||  A) Nothing — bounded variables behave like unbounded ones  |  B) The distribution of such estimates can be asymmetric near a boundary, so symmetry should be checked rather than assumed [X]  |  C) The figure must be normally distributed  |  D) The figure must be skewed",5
603,NEWS-14,Chart choice,news,"Current events — real reported figures, with the source",2,Variables and the Shape of Data,2,,,exam1,lab1,,,Reuters/Ipsos,"Apr 24–27, 2026",2026-09-11,https://www.ipsos.com/en-us/americans-increasingly-feel-economy-wrong-track,4,1,Line graph,184,10,14.0,-4.0,1,"Q: Reuters/Ipsos found 61% saying the economy is on the wrong track in April 2026, up from 43% in January 2025. To show that movement across every poll in between, the right display is a:  ||  A) Line graph [X]  |  B) Pie chart  |  C) Histogram of one month  |  D) Scatterplot",8
604,NEWS-15,Chart choice,news,"Current events — real reported figures, with the source",2,Variables and the Shape of Data,2,,,exam1,lab1,,,Pew Research Center,"Jun 22–28, 2026",2026-09-11,https://www.pewresearch.org/short-reads/2026/08/18/young-adults-in-the-us-are-increasingly-wary-of-ai-concerned-it-will-take-jobs/,4,1,Bar chart,104,9,14.0,-5.0,0,"Q: To compare AI concern across Pew's four age groups at a single point in time, the clearest display is a:  ||  A) Bar chart [X]  |  B) Line graph  |  C) Histogram  |  D) Pie chart of all adults",8
605,NEWS-16,Chart choice,news,"Current events — real reported figures, with the source",2,Variables and the Shape of Data,2,,,exam1,lab1,,,Reuters/Ipsos,"Jul 29–Aug 3, 2026",2026-09-11,https://www.ipsos.com/en-us/reutersipsos-august-2026-poll,4,1,Misleading: the truncated axis makes an 8-point gap look like a chasm,143,69,38.3,30.7,1,"Q: A graphic shows Democrats at 35% and Republicans at 27% on handling the cost of living — with the y-axis running from 25% to 36%. The chart is:  ||  A) Misleading: the truncated axis makes an 8-point gap look like a chasm [X]  |  B) Fine, since both figures are plotted accurately  |  C) Wrong because bar charts cannot show percentages  |  D) Missing only a title",6
606,NEWS-17,Reliability,news,"Current events — real reported figures, with the source",4,Reliability and Validity,4,,,exam1,lab1,,,Reuters/Ipsos,Apr–Aug 2026,2026-09-11,https://www.ipsos.com/en-us/reutersipsos-august-2026-poll-0,4,1,Stability of the measure over a short interval — the polling equivalent of test-retest reliability,150,98,17.3,80.7,1,"Q: Two Reuters/Ipsos polls fielded weeks apart both put presidential approval in the mid-30s. Taken together, that consistency is closest to evidence of:  ||  A) Stability of the measure over a short interval — the polling equivalent of test-retest reliability [X]  |  B) Construct validity  |  C) Predictive validity  |  D) A causal effect",2
607,NEWS-18,Reliability,news,"Current events — real reported figures, with the source",4,Reliability and Validity,4,,,exam1,lab1,,,Pew Research Center,"Jun 22–28, 2026",2026-09-11,https://www.pewresearch.org/short-reads/2026/08/18/young-adults-in-the-us-are-increasingly-wary-of-ai-concerned-it-will-take-jobs/,4,1,Panel conditioning — repeatedly answering the same questions can itself change how people respond,147,97,35.0,62.0,0,"Q: Pew's figures come from the American Trends Panel, where the same people are surveyed repeatedly. What measurement risk does that design introduce?  ||  A) Panel conditioning — repeatedly answering the same questions can itself change how people respond [X]  |  B) Nothing; panels are immune to measurement problems  |  C) The sample cannot be weighted  |  D) Percentages become ordinal",5
608,NEWS-19,Reliability,news,"Current events — real reported figures, with the source",4,Reliability and Validity,4,,,exam1,lab1,,,Pew Research Center,"Jun 22–28, 2026",2026-09-11,https://www.pewresearch.org/short-reads/2026/08/18/young-adults-in-the-us-are-increasingly-wary-of-ai-concerned-it-will-take-jobs/,4,1,The question wording and response options must be the same — a changed instrument breaks the comparison,101,103,39.7,63.3,1,"Q: Before believing that AI concern ""rose 15 points since 2021,"" what has to be true of the two surveys?  ||  A) The question wording and response options must be the same — a changed instrument breaks the comparison [X]  |  B) The sample sizes must be identical  |  C) The same interviewers must have been used  |  D) Nothing; any two percentages can be compared",10
609,NEWS-20,Validity,news,"Current events — real reported figures, with the source",4,Reliability and Validity,4,,,exam1,lab1,,,Reuters/Ipsos,"Jul 29–Aug 3, 2026",2026-09-11,https://www.ipsos.com/en-us/reutersipsos-august-2026-poll,4,1,"What ""cost of living"" meant to each respondent — groceries, rent, gas, or something else",156,88,32.0,56.0,0,"Q: Forty-eight percent of respondents named ""cost of living"" as their most important midterm issue. Before accepting that number, the first question to ask is:  ||  A) What ""cost of living"" meant to each respondent — groceries, rent, gas, or something else [X]  |  B) Whether 48% is more than half  |  C) Whether the sample was too large  |  D) Whether the variable is ratio-level",8
610,NEWS-21,Validity,news,"Current events — real reported figures, with the source",4,Reliability and Validity,4,,,exam1,lab1,,,Reuters/Ipsos,"Apr 24–27, 2026",2026-09-11,https://www.ipsos.com/en-us/americans-increasingly-feel-economy-wrong-track,4,1,"Population mismatch — the measure is valid for adults, but the question is about voters",174,87,12.7,74.3,1,"Q: A Reuters/Ipsos release reported approval at 34% among all adults and 37% among registered voters. Using the all-adults figure to forecast an election result is a problem of:  ||  A) Population mismatch — the measure is valid for adults, but the question is about voters [X]  |  B) Reliability  |  C) Skewness  |  D) Sampling error only",3
611,NEWS-22,Validity,news,"Current events — real reported figures, with the source",4,Reliability and Validity,4,,,exam1,lab1,,,Reuters/Ipsos,"May 15–18, 2026",2026-09-11,https://www.ipsos.com/en-us/americas-frustration-cost-living-continues-rise,4,1,"Predictive validity — that a stated attitude tracks later behavior, which has to be demonstrated, not assumed",179,109,28.7,80.3,1,"Q: Fifty-five percent of respondents said they would oppose a data center within 10 miles of their home. Treating that as a forecast of actual opposition at a future hearing assumes:  ||  A) Predictive validity — that a stated attitude tracks later behavior, which has to be demonstrated, not assumed [X]  |  B) Nothing; stated intent is behavior  |  C) That the item is nominal  |  D) That the sample was a census",4
612,NEWS-23,Normal curve,news,"Current events — real reported figures, with the source",6,The Normal Curve and z-Scores,6,,,exam1,lab2,,,Reuters/Ipsos,"Jul 29–Aug 3, 2026",2026-09-11,https://www.ipsos.com/en-us/reutersipsos-august-2026-poll,4,3,1.96,138,4,4.0,0.0,1,"Q: A poll reports a margin of error of ""±1.5 percentage points at the 95% confidence level."" Which z-value is doing the work behind that 95%?  ||  A) 1.00  |  B) 1.65  |  C) 1.96 [X]  |  D) 2.58",11
613,NEWS-24,Normal curve,news,"Current events — real reported figures, with the source",6,The Normal Curve and z-Scores,6,,,exam1,lab2,,,Reuters/Ipsos,"Aug 14–17, 2026",2026-09-11,https://www.ipsos.com/en-us/reutersipsos-august-2026-poll-0,4,2,About two standard errors,203,25,22.7,2.3,1,"Q: A poll of 1,166 adults reports a 95% margin of error of ±2.9 points, so its standard error is roughly 1.5 points. A result landing 3 points away from the true value is about how many standard errors out?  ||  A) Half a standard error  |  B) About two standard errors [X]  |  C) About three standard errors  |  D) Cannot be determined",10
614,NEWS-25,Normal curve,news,"Current events — real reported figures, with the source",6,The Normal Curve and z-Scores,6,,,exam1,lab2,,,Reuters/Ipsos,"Aug 14–17, 2026",2026-09-11,https://www.ipsos.com/en-us/reutersipsos-august-2026-poll-0,4,1,1.5 points of the true value,138,28,28.0,0.0,1,"Q: Applying the 68–95–99.7 rule to a poll estimate with a standard error of 1.5 points, about 68% of samples like this one would land within:  ||  A) 1.5 points of the true value [X]  |  B) 2.9 points of the true value  |  C) 3.0 points of the true value  |  D) 4.5 points of the true value",12
615,NEWS-26,Sampling and standard error,news,"Current events — real reported figures, with the source",7,Confidence Intervals,7,,,exam1,lab2,,,Reuters/Ipsos,Jul–Aug 2026,2026-09-11,https://www.ipsos.com/en-us/reutersipsos-august-2026-poll,4,1,"Standard error shrinks with the square root of n, and √3.9 ≈ 2",190,62,40.7,21.3,1,"Q: One Reuters/Ipsos poll (n = 4,505) reports ±1.5 points; another (n = 1,166) reports ±2.9. The larger sample is about 3.9 times bigger but the margin of error is only about half as wide. Why?  ||  A) Standard error shrinks with the square root of n, and √3.9 ≈ 2 [X]  |  B) Margin of error falls in direct proportion to n  |  C) The two polls asked different questions  |  D) One of the two figures must be wrong",27
616,NEWS-27,Sampling and standard error,news,"Current events — real reported figures, with the source",7,Confidence Intervals,7,,,exam1,lab2,,,Reuters/Ipsos,"Aug 14–17, 2026",2026-09-11,https://www.ipsos.com/en-us/reutersipsos-august-2026-poll-0,4,2,Quadruple it,120,12,12.0,0.0,1,Q: A newsroom wants to cut a poll's ±2.9-point margin of error to about ±1.45. Roughly what must happen to the sample size?  ||  A) Double it  |  B) Quadruple it [X]  |  C) Halve it  |  D) Add 100 respondents,9
617,NEWS-28,Sampling and standard error,news,"Current events — real reported figures, with the source",7,Confidence Intervals,7,,,exam1,lab2,,,Reuters/Ipsos,Apr–May 2026,2026-09-11,https://www.ipsos.com/en-us/americas-frustration-cost-living-continues-rise,4,1,"Essentially nothing — the samples are the same size, and the difference is rounding",165,83,36.7,46.3,1,"Q: Two Reuters/Ipsos polls sampled 1,269 and 1,271 adults and reported margins of error of ±2.9 and ±2.8 points. What should you conclude from the 0.1-point difference?  ||  A) Essentially nothing — the samples are the same size, and the difference is rounding [X]  |  B) The second poll is meaningfully more precise  |  C) The second poll had a better response rate  |  D) The first poll is biased",6
618,NEWS-29,Sampling and standard error,news,"Current events — real reported figures, with the source",7,Confidence Intervals,7,,,exam1,lab2,,,Reuters/Ipsos,"Jul 29–Aug 3, 2026",2026-09-11,https://www.ipsos.com/en-us/reutersipsos-august-2026-poll,4,1,"A subgroup is a smaller sample, so its margin of error is larger — sometimes much larger",150,88,47.0,41.0,1,"Q: A poll of 4,505 adults reports ±1.5 points for the whole sample. A reporter quotes a figure for one subgroup and applies the same ±1.5. What is wrong?  ||  A) A subgroup is a smaller sample, so its margin of error is larger — sometimes much larger [X]  |  B) Subgroups have no margin of error  |  C) The whole-sample margin always overstates subgroup error  |  D) Nothing; the margin applies to every reported number",11
619,NEWS-30,Sampling and standard error,news,"Current events — real reported figures, with the source",7,Confidence Intervals,7,,,exam1,lab2,,,U.S. Bureau of Labor Statistics,August 2026 release,2026-09-11,https://www.bls.gov/news.release/empsit.tn.htm,4,1,The figure is a sample-based estimate and carries sampling error,118,64,50.3,13.7,1,"Q: The jobs report's +162,000 comes from a survey of employers, not from counting every job in the country. What follows?  ||  A) The figure is a sample-based estimate and carries sampling error [X]  |  B) The figure is exact, because payrolls are administrative records  |  C) Sampling error applies only to opinion polls  |  D) The figure cannot be compared across months",14
620,NEWS-31,Sampling and standard error,news,"Current events — real reported figures, with the source",7,Confidence Intervals,7,,,exam1,lab2,,,U.S. Bureau of Labor Statistics,August 2026 release,2026-09-11,https://www.bls.gov/news.release/empsit.tn.htm,4,1,"That an early estimate is one draw of a sample-based figure, refined as more data comes in",127,90,37.7,52.3,0,"Q: BLS revises prior months' payroll estimates as more employer reports arrive. Statistically, what do those revisions illustrate?  ||  A) That an early estimate is one draw of a sample-based figure, refined as more data comes in [X]  |  B) That the original number was fabricated  |  C) That the survey is invalid  |  D) That sampling error can be eliminated by waiting",28
621,NEWS-32,Confidence intervals,news,"Current events — real reported figures, with the source",7,Confidence Intervals,7,,,exam1,lab2,,,U.S. Bureau of Labor Statistics,August 2026 release,2026-09-11,https://www.bls.gov/news.release/empsit.tn.htm,4,1,"+40,000 to +284,000",175,19,20.0,-1.0,1,"Q: BLS states that the 90% confidence interval for the monthly change in total nonfarm employment is about ±122,000. For August 2026's reported +162,000, that interval runs from:  ||  A) +40,000 to +284,000 [X]  |  B) +122,000 to +162,000  |  C) −122,000 to +162,000  |  D) +150,000 to +174,000",4
622,NEWS-33,Confidence intervals,news,"Current events — real reported figures, with the source",7,Confidence Intervals,7,,,exam1,lab2,,,U.S. Bureau of Labor Statistics,August 2026 release,2026-09-11,https://www.bls.gov/news.release/empsit.tn.htm,4,1,"The data are consistent with real job growth, though the plausible range is very wide",101,85,29.7,55.3,1,"Q: That interval for August 2026 (+40,000 to +284,000) does not include zero. The defensible reading is:  ||  A) The data are consistent with real job growth, though the plausible range is very wide [X]  |  B) Exactly 162,000 jobs were added  |  C) Job growth was certainly strong  |  D) The estimate is meaningless",8
623,NEWS-34,Confidence intervals,news,"Current events — real reported figures, with the source",7,Confidence Intervals,7,,,exam1,lab2,,,U.S. Bureau of Labor Statistics,August 2026 release,2026-09-11,https://www.bls.gov/news.release/empsit.tn.htm,4,1,"The interval runs from −32,000 to +212,000, so no change — or a small loss — is also consistent with the data",168,109,38.7,70.3,1,"Q: Suppose a month's payroll estimate came in at +90,000, with the same ±122,000 interval. A headline reading ""the economy added jobs"" would be overstating things because:  ||  A) The interval runs from −32,000 to +212,000, so no change — or a small loss — is also consistent with the data [X]  |  B) +90,000 is too small a number to report  |  C) The confidence level would have to be 95%  |  D) Payroll estimates cannot be negative",8
624,NEWS-35,Confidence intervals,news,"Current events — real reported figures, with the source",7,Confidence Intervals,7,,,exam1,lab2,,,U.S. Bureau of Labor Statistics,August 2026 release,2026-09-11,https://www.bls.gov/news.release/empsit.tn.htm,4,1,Well inside the range of sampling noise — not evidence of a real shift,220,70,19.3,50.7,1,"Q: The unemployment rate was ""unchanged at 4.1 percent,"" and BLS puts the confidence interval for a monthly change in the rate at about ±0.3 point. A reported month-to-month move of 0.1 point should therefore be treated as:  ||  A) Well inside the range of sampling noise — not evidence of a real shift [X]  |  B) A clear downturn  |  C) Proof the rate is stable forever  |  D) Impossible",7
625,NEWS-36,Confidence intervals,news,"Current events — real reported figures, with the source",7,Confidence Intervals,7,,,exam1,lab2,,,Reuters/Ipsos,"Jul 29–Aug 3, 2026",2026-09-11,https://www.ipsos.com/en-us/reutersipsos-august-2026-poll,4,1,The long-run performance of the method: intervals built this way capture the true value about 95% of the time,115,109,32.3,76.7,1,"Q: A poll reports 48% with a margin of error of ±1.5 points ""at the 95% confidence level."" What does the 95% describe?  ||  A) The long-run performance of the method: intervals built this way capture the true value about 95% of the time [X]  |  B) A 95% chance that 48% is exactly right  |  C) That 95% of respondents agreed  |  D) That the poll is 95% accurate",7
626,NEWS-37,Hypothesis testing,news,"Current events — real reported figures, with the source",8,Hypothesis Testing and Sampling Error,8,,,exam2,lab3,,,Reuters/Ipsos,"Jul 29–Aug 3, 2026",2026-09-11,https://www.ipsos.com/en-us/reutersipsos-august-2026-poll,4,1,"Comfortably larger than the error in either estimate, so unlikely to be noise alone",154,83,34.7,48.3,1,"Q: Reuters/Ipsos put Democrats at 35% and Republicans at 27% on handling the cost of living, in a poll with a ±1.5-point margin of error. The 8-point gap is:  ||  A) Comfortably larger than the error in either estimate, so unlikely to be noise alone [X]  |  B) Within the margin of error, so meaningless  |  C) Proof that Democrats will win the midterms  |  D) Impossible to assess",4
627,NEWS-38,Hypothesis testing,news,"Current events — real reported figures, with the source",8,Hypothesis Testing and Sampling Error,8,,,exam2,lab3,,,Reuters/Ipsos,"Jul 29–Aug 3, 2026",2026-09-11,https://www.ipsos.com/en-us/reutersipsos-august-2026-poll,4,1,"A difference has its own standard error, larger than either estimate's — so the correct test is of the difference, not of each number separately",117,144,42.0,102.0,0,"Q: A commentator says two poll figures ""differ"" whenever they are more than one margin of error apart. What is the flaw?  ||  A) A difference has its own standard error, larger than either estimate's — so the correct test is of the difference, not of each number separately [X]  |  B) Margins of error cannot be compared at all  |  C) The margin of error should be doubled for every comparison  |  D) Nothing; the rule is exact",7
628,NEWS-39,Hypothesis testing,news,"Current events — real reported figures, with the source",8,Hypothesis Testing and Sampling Error,8,,,exam2,lab3,,,Reuters/Ipsos,"Apr 24–27, 2026",2026-09-11,https://www.ipsos.com/en-us/americans-increasingly-feel-economy-wrong-track,4,1,The apparent 4-point rise is not distinguishable from sampling variation,183,72,37.3,34.7,1,"Q: The share naming the economy as the country's most important problem was 20% in April, up from 16% in March, in polls with margins of error near ±2.9 points. The honest conclusion is:  ||  A) The apparent 4-point rise is not distinguishable from sampling variation [X]  |  B) The economy became significantly more important  |  C) The March poll was wrong  |  D) The change is significant because 20 > 16",7
629,NEWS-40,Hypothesis testing,news,"Current events — real reported figures, with the source",8,Hypothesis Testing and Sampling Error,8,,,exam2,lab3,,,Reuters/Ipsos,Apr–May 2026,2026-09-11,https://www.ipsos.com/en-us/americas-frustration-cost-living-continues-rise,4,1,A 1-point move sits far inside the margin of error; there is no evidence of any change,123,86,44.3,41.7,1,"Q: Approval reads 34% in one month's poll and 35% in the next. A headline announces a ""rebound."" The statistical objection is:  ||  A) A 1-point move sits far inside the margin of error; there is no evidence of any change [X]  |  B) Approval cannot rise  |  C) The second poll should have been larger  |  D) One point is significant with a big enough sample, so the headline is fine",5
630,NEWS-41,t-tests,news,"Current events — real reported figures, with the source",9,Which Test · t-Tests,9,,,exam2,lab3,,,Pew Research Center,"Jun 22–28, 2026",2026-09-11,https://www.pewresearch.org/short-reads/2026/08/18/young-adults-in-the-us-are-increasingly-wary-of-ai-concerned-it-will-take-jobs/,4,2,Independent-samples t-test,197,26,17.7,8.3,1,Q: A researcher has each respondent's 0–10 AI-concern rating and wants to compare the mean for adults 18–29 with the mean for adults 65+ (different people in each group). The appropriate test is a(n):  ||  A) Paired-samples t-test  |  B) Independent-samples t-test [X]  |  C) One-sample t-test  |  D) Chi-square test,7
631,NEWS-42,t-tests,news,"Current events — real reported figures, with the source",9,Which Test · t-Tests,9,,,exam2,lab3,,,Pew Research Center,"Jun 22–28, 2026",2026-09-11,https://www.pewresearch.org/short-reads/2026/08/18/young-adults-in-the-us-are-increasingly-wary-of-ai-concerned-it-will-take-jobs/,4,2,Paired-samples t-test,186,21,19.3,1.7,1,"Q: Because the American Trends Panel re-interviews the same people, a researcher can compare each panelist's 2021 rating with that same panelist's 2026 rating. The appropriate test is a(n):  ||  A) Independent-samples t-test  |  B) Paired-samples t-test [X]  |  C) One-way ANOVA  |  D) Pearson correlation",6
632,NEWS-43,t-tests,news,"Current events — real reported figures, with the source",9,Which Test · t-Tests,9,,,exam2,lab3,,,Pew Research Center,"Jun 22–28, 2026",2026-09-11,https://www.pewresearch.org/short-reads/2026/08/18/young-adults-in-the-us-are-increasingly-wary-of-ai-concerned-it-will-take-jobs/,4,1,One-sample t-test,158,17,17.3,-0.3,0,Q: An analyst wants to test whether this month's mean concern score in a single sample differs from a published national benchmark. The appropriate test is a(n):  ||  A) One-sample t-test [X]  |  B) Independent-samples t-test  |  C) Paired-samples t-test  |  D) ANOVA,30
633,NEWS-44,ANOVA,news,"Current events — real reported figures, with the source",10,ANOVA and Post-Hoc Comparisons,10,,,exam2,lab3,,,Pew Research Center,"Jun 22–28, 2026",2026-09-11,https://www.pewresearch.org/short-reads/2026/08/18/young-adults-in-the-us-are-increasingly-wary-of-ai-concerned-it-will-take-jobs/,4,2,One-way ANOVA,103,13,19.3,-6.3,0,"Q: To compare mean AI-concern scores across all four of Pew's age groups at once, the appropriate test is:  ||  A) Six separate t-tests  |  B) One-way ANOVA [X]  |  C) Paired-samples t-test  |  D) Simple regression",9
634,NEWS-45,ANOVA,news,"Current events — real reported figures, with the source",10,ANOVA and Post-Hoc Comparisons,10,,,exam2,lab3,,,Pew Research Center,"Jun 22–28, 2026",2026-09-11,https://www.pewresearch.org/short-reads/2026/08/18/young-adults-in-the-us-are-increasingly-wary-of-ai-concerned-it-will-take-jobs/,4,1,That at least one age group differs from another; post-hoc comparisons are needed to say which,125,94,40.0,54.0,1,"Q: That ANOVA comes back significant. Looking at the four figures — 55%, 51%, 47%, 59% — what does the F-test alone let you say?  ||  A) That at least one age group differs from another; post-hoc comparisons are needed to say which [X]  |  B) That adults 65+ differ from every other group  |  C) That all four groups differ from each other  |  D) That age causes concern about AI",6
635,NEWS-46,Correlation,news,"Current events — real reported figures, with the source",11,Correlation and Regression,11,,,exam2,lab4,,,Reuters/Ipsos,"May 15–18, 2026",2026-09-11,https://www.ipsos.com/en-us/americas-frustration-cost-living-continues-rise,4,1,The two measures are strongly associated — plausibly tapping the same underlying sentiment — which is not the same as one causing the other,225,139,39.3,99.7,1,"Q: In one Reuters/Ipsos poll, 74% said the cost of living was on the wrong track and 73% disapproved of the president's handling of it. Across many months these two series move together almost in lockstep. The safest reading is:  ||  A) The two measures are strongly associated — plausibly tapping the same underlying sentiment — which is not the same as one causing the other [X]  |  B) Disapproval causes cost-of-living pessimism  |  C) Cost-of-living pessimism causes disapproval  |  D) The two measures are independent",14
636,NEWS-47,Correlation,news,"Current events — real reported figures, with the source",11,Correlation and Regression,11,,,exam2,lab4,,,Reuters/Ipsos,"Apr 24–27, 2026",2026-09-11,https://www.ipsos.com/en-us/americans-increasingly-feel-economy-wrong-track,4,2,.49,169,3,3.3,-0.3,1,"Q: Suppose monthly ""wrong track"" percentages and presidential approval correlate at r = −.70 across three years of Reuters/Ipsos polls. The coefficient of determination is:  ||  A) −.70  |  B) .49 [X]  |  C) .70  |  D) .84",15
637,NEWS-48,Regression,news,"Current events — real reported figures, with the source",11,Correlation and Regression,11,,,exam2,lab4,,,U.S. Bureau of Labor Statistics,August 2026 release,2026-09-11,https://www.bls.gov/news.release/empsit.nr0.htm,4,1,Extrapolation far beyond the range of the data the model was fit on,156,67,32.7,34.3,1,"Q: A model built on monthly payroll changes between +120,000 and +180,000 is used to predict what happens in a month with a change of +600,000. The problem is:  ||  A) Extrapolation far beyond the range of the data the model was fit on [X]  |  B) Multicollinearity  |  C) Restriction of range in the outcome  |  D) Nothing; regression models extend indefinitely",16
638,NEWS-49,Multiple regression,news,"Current events — real reported figures, with the source",12,Multiple Regression and Diagnostics,12,,,exam2,lab4,,,Reuters/Ipsos,"May 15–18, 2026",2026-09-11,https://www.ipsos.com/en-us/americas-frustration-cost-living-continues-rise,4,1,"VIF, to check multicollinearity between the two predictors",207,58,13.7,44.3,1,"Q: A model predicts presidential approval from ""cost-of-living pessimism"" and ""inflation disapproval"" — two poll items that track each other closely, at 74% and 73% in the same survey. The diagnostic to run is:  ||  A) VIF, to check multicollinearity between the two predictors [X]  |  B) Cronbach's alpha  |  C) A scree plot  |  D) Levene's test",13
640,S01-01,Statistics for leaders,authored,Written to the LD 810 lecture slides,1,Why Statistics for Leaders,1,,,exam1,lab1,,,,,,,4,2,"Tells you when your judgment is being fooled by noise, and when it isn't",131,72,38.3,33.7,0,"Q: A dean tells you she doesn't need statistics because she has twenty years of good judgment. The strongest reply is that statistics:  ||  A) Replaces judgment with objective answers  |  B) Tells you when your judgment is being fooled by noise, and when it isn't [X]  |  C) Is only needed for published research  |  D) Matters only if you supervise analysts",10
641,S01-02,Statistics for leaders,authored,Written to the LD 810 lecture slides,1,Why Statistics for Leaders,1,,,exam1,lab1,,,,,,,4,2,A leadership skill for judging evidence before acting on it,43,59,26.7,32.3,0,Q: This course treats statistics primarily as:  ||  A) A math requirement to be survived  |  B) A leadership skill for judging evidence before acting on it [X]  |  C) A software certification  |  D) A publishing credential,9
642,S01-03,Statistics for leaders,authored,Written to the LD 810 lecture slides,1,Why Statistics for Leaders,1,,,exam1,lab1,,,,,,,4,1,Ask where it came from and how it was produced,113,46,38.3,7.7,0,Q: An unfamiliar number lands in front of you in a meeting. The first move of a statistically literate leader is to:  ||  A) Ask where it came from and how it was produced [X]  |  B) Check whether it is bigger than last year's  |  C) Ask who else has seen it  |  D) Accept it if it came from the official dashboard,7
643,S01-04,Statistics for leaders,authored,Written to the LD 810 lecture slides,1,Why Statistics for Leaders,1,,,exam1,lab1,,,,,,,4,2,"A precise-looking figure signals authority, and few people ask how it was made",108,78,41.0,37.0,0,"Q: Numbers often win arguments in meetings even when the evidence behind them is weak. The main reason is that:  ||  A) Numbers are always more accurate than impressions  |  B) A precise-looking figure signals authority, and few people ask how it was made [X]  |  C) Most leaders are good at arithmetic  |  D) Numbers are harder to fake than stories",5
644,S01-05,Statistics for leaders,authored,Written to the LD 810 lecture slides,1,Why Statistics for Leaders,1,,,exam1,lab1,,,,,,,4,1,Doing the part that catches most bad decisions,79,46,41.3,4.7,0,Q: A leader who cannot run a t-test but reliably asks where a number came from is:  ||  A) Doing the part that catches most bad decisions [X]  |  B) Contributing nothing until she learns the math  |  C) Better off deferring entirely to the analyst  |  D) Only useful in small organizations,5
645,S01-06,Statistics for leaders,authored,Written to the LD 810 lecture slides,1,Why Statistics for Leaders,1,,,exam1,lab1,,,,,,,4,3,"Data-informed treats evidence as one input alongside values, context and cost",71,77,36.7,40.3,0,"Q: What distinguishes a ""data-informed"" decision from a ""data-driven"" one?  ||  A) Data-informed decisions ignore the numbers  |  B) They are the same thing  |  C) Data-informed treats evidence as one input alongside values, context and cost [X]  |  D) Data-driven decisions require a larger sample",4
646,S01-07,Statistics for leaders,authored,Written to the LD 810 lecture slides,1,Why Statistics for Leaders,1,,,exam1,lab1,,,,,,,4,3,Process — no one asked how the number was produced,194,50,9.7,40.3,0,"Q: A cabinet approves a costly program based on a figure nobody questioned, and it later turns out the figure counted a different population than everyone assumed. The failure was primarily one of:  ||  A) Arithmetic  |  B) Software  |  C) Process — no one asked how the number was produced [X]  |  D) Sample size",3
647,S01-08,Statistics for leaders,authored,Written to the LD 810 lecture slides,1,Why Statistics for Leaders,1,,,exam1,lab1,,,,,,,4,2,"A number whose definition, source and comparison group you can state",45,68,47.3,20.7,0,"Q: Which number is most actionable for a leader?  ||  A) A large number with an impressive-sounding source  |  B) A number whose definition, source and comparison group you can state [X]  |  C) A number that confirms the direction you already favor  |  D) A number reported to two decimal places",8
648,S01-09,Statistics for leaders,authored,Written to the LD 810 lecture slides,1,Why Statistics for Leaders,1,,,exam1,lab1,,,,,,,4,1,"Is this difference big enough, and real enough, to act on?",87,58,28.3,29.7,0,"Q: In a leadership meeting, statistics is mostly used to answer which underlying question?  ||  A) Is this difference big enough, and real enough, to act on? [X]  |  B) Which formula applies here?  |  C) Who produced this report?  |  D) Can we present this to the board?",5
649,S01-10,Statistics for leaders,authored,Written to the LD 810 lecture slides,1,Why Statistics for Leaders,1,,,exam1,lab1,,,,,,,4,2,The person who knows the context well enough to notice the number does not match reality,82,88,26.0,62.0,0,Q: Who in an organization is usually best positioned to catch a misleading statistic?  ||  A) The analyst who built it  |  B) The person who knows the context well enough to notice the number does not match reality [X]  |  C) The executive with final authority  |  D) The external auditor,5
650,S01-11,Claims and evidence,authored,Written to the LD 810 lecture slides,1,Why Statistics for Leaders,1,,,exam1,lab1,,,,,,,4,2,"An impression — there is no measure, no comparison and no time frame",110,68,27.0,41.0,0,"Q: At the Big Tree State retreat someone says, ""Satisfaction is up. I can feel it on campus."" As stated, this is:  ||  A) A checkable statistical claim  |  B) An impression — there is no measure, no comparison and no time frame [X]  |  C) Evidence of improvement  |  D) A description of a population",11
651,S01-12,Claims and evidence,authored,Written to the LD 810 lecture slides,1,Why Statistics for Leaders,1,,,exam1,lab1,,,,,,,4,1,"It names a measure and a comparison, so you can ask what was counted and over what period",131,89,24.7,64.3,1,"Q: Another retreat claim: ""Our first-generation students are struggling — retention is 71% versus 78%."" What makes this one checkable?  ||  A) It names a measure and a comparison, so you can ask what was counted and over what period [X]  |  B) It contains a percentage  |  C) It concerns students  |  D) It was said by a senior leader",7
652,S01-13,Claims and evidence,authored,Written to the LD 810 lecture slides,1,Why Statistics for Leaders,1,,,exam1,lab1,,,,,,,4,2,Treating a difference between two groups as proof that the model caused it,124,74,21.7,52.3,0,"Q: Third retreat claim: ""The new advising model works; the pilot group had better grades."" The hidden move in this sentence is:  ||  A) Reporting grades at all  |  B) Treating a difference between two groups as proof that the model caused it [X]  |  C) Using the word pilot  |  D) Comparing to last year",8
653,S01-14,Claims and evidence,authored,Written to the LD 810 lecture slides,1,Why Statistics for Leaders,1,,,exam1,lab1,,,,,,,4,2,The retention claim,102,19,27.7,-8.7,0,"Q: Of the three retreat claims, which could you begin checking with records the university already keeps?  ||  A) The satisfaction claim  |  B) The retention claim [X]  |  C) Neither — all three need new data collection  |  D) All three equally",11
654,S01-15,Claims and evidence,authored,Written to the LD 810 lecture slides,1,Why Statistics for Leaders,1,,,exam1,lab1,,,,,,,4,2,"A measure, a comparison, and a population and time frame",64,56,23.3,32.7,0,"Q: To turn an opinion into a checkable claim, what has to be added?  ||  A) A confident tone and a senior sponsor  |  B) A measure, a comparison, and a population and time frame [X]  |  C) A larger budget  |  D) A statistical test",15
655,S01-16,Claims and evidence,authored,Written to the LD 810 lecture slides,1,Why Statistics for Leaders,1,,,exam1,lab1,,,,,,,4,2,"Nothing is defined — who was asked, how morale was measured, or compared to when",83,80,26.7,53.3,0,"Q: ""Everyone knows morale is down."" What specifically makes this unusable as evidence?  ||  A) Morale cannot be measured by anyone  |  B) Nothing is defined — who was asked, how morale was measured, or compared to when [X]  |  C) It is probably false  |  D) It uses the word everyone",10
656,S01-17,Claims and evidence,authored,Written to the LD 810 lecture slides,1,Why Statistics for Leaders,1,,,exam1,lab1,,,,,,,4,3,"Compared to what — and what would counting as ""works"" look like?",139,64,29.3,34.7,0,"Q: A colleague says ""the data shows our program works,"" and you get exactly one question before the meeting ends. The most useful question is:  ||  A) How many people were in the study?  |  B) What software did you use?  |  C) Compared to what — and what would counting as ""works"" look like? [X]  |  D) Has this been peer reviewed?",4
657,S01-18,Claims and evidence,authored,Written to the LD 810 lecture slides,1,Why Statistics for Leaders,1,,,exam1,lab1,,,,,,,4,2,The number may measure something other than what the claim asserts,67,66,36.7,29.3,0,"Q: A claim containing a number is not automatically evidence, because:  ||  A) Numbers are usually wrong  |  B) The number may measure something other than what the claim asserts [X]  |  C) Numbers require a statistical test to mean anything  |  D) Only percentages count as evidence",9
658,S01-19,Claims and evidence,authored,Written to the LD 810 lecture slides,1,Why Statistics for Leaders,1,,,exam1,lab1,,,,,,,4,2,"An explanation, which needs far more evidence than the description did",124,70,15.0,55.0,1,"Q: ""Applications fell 12% this year"" versus ""Applications fell 12% because of the tuition increase."" The second statement adds:  ||  A) Precision  |  B) An explanation, which needs far more evidence than the description did [X]  |  C) A larger sample  |  D) A confidence interval",11
659,S01-20,Claims and evidence,authored,Written to the LD 810 lecture slides,1,Why Statistics for Leaders,1,,,exam1,lab1,,,,,,,4,1,"Best by what measure, and compared with which prior semesters",94,61,27.7,33.3,0,"Q: A press release announces ""our best semester ever."" Before believing it you most need to know:  ||  A) Best by what measure, and compared with which prior semesters [X]  |  B) Who wrote the release  |  C) Whether enrollment is up nationally  |  D) The exact enrollment figure",8
660,S01-21,Claims and evidence,authored,Written to the LD 810 lecture slides,1,Why Statistics for Leaders,1,,,exam1,lab1,,,,,,,4,2,"Useful for understanding the mechanism, but it cannot tell you how common the situation is",86,90,47.0,43.0,0,"Q: A vice president supports a policy with a vivid story about one student. The story is:  ||  A) Worthless and should be ignored  |  B) Useful for understanding the mechanism, but it cannot tell you how common the situation is [X]  |  C) Equivalent to survey data from one respondent, so statistically valid  |  D) Stronger than data because it is concrete",28
661,S01-22,Claims and evidence,authored,Written to the LD 810 lecture slides,1,Why Statistics for Leaders,1,,,exam1,lab1,,,,,,,4,3,"""Students who met an advisor twice or more last year re-enrolled at a higher rate than those who met one or fewer.""",72,115,39.3,75.7,0,"Q: Which rewrite turns ""our advising is excellent"" into something testable?  ||  A) ""Our advising is truly excellent.""  |  B) ""Most people agree our advising is excellent.""  |  C) ""Students who met an advisor twice or more last year re-enrolled at a higher rate than those who met one or fewer."" [X]  |  D) ""Advising excellence is a core value.""",19
662,S01-23,The three questions,authored,Written to the LD 810 lecture slides,1,Why Statistics for Leaders,1,,,exam1,lab1,,,,,,,4,2,Where did it come from? How sure are we? What would change my mind?,67,67,42.0,25.0,0,"Q: This course teaches three questions to ask of any number. They are:  ||  A) Who said it? Is it big? Do I like it?  |  B) Where did it come from? How sure are we? What would change my mind? [X]  |  C) Is it significant? Is it valid? Is it reliable?  |  D) What is the mean, the median and the mode?",5
663,S01-24,The three questions,authored,Written to the LD 810 lecture slides,1,Why Statistics for Leaders,1,,,exam1,lab1,,,,,,,4,1,"How the data were produced, and who was and wasn't counted",60,58,27.0,31.0,0,"Q: ""Where did it come from?"" is fundamentally a question about:  ||  A) How the data were produced, and who was and wasn't counted [X]  |  B) Which department owns the dashboard  |  C) Whether the figure is current  |  D) The software used",8
664,S01-25,The three questions,authored,Written to the LD 810 lecture slides,1,Why Statistics for Leaders,1,,,exam1,lab1,,,,,,,4,2,Whether the result would look the same if you collected the data again,53,70,30.7,39.3,0,"Q: ""How sure are we?"" is fundamentally a question about:  ||  A) The confidence of the person presenting  |  B) Whether the result would look the same if you collected the data again [X]  |  C) Whether the number is large  |  D) How long the analysis took",5
665,S01-26,The three questions,authored,Written to the LD 810 lecture slides,1,Why Statistics for Leaders,1,,,exam1,lab1,,,,,,,4,2,Name in advance the evidence that would count against your position,41,67,30.7,36.3,0,"Q: ""What would change my mind?"" asks you to:  ||  A) Remain permanently undecided  |  B) Name in advance the evidence that would count against your position [X]  |  C) Find data supporting your view  |  D) Defer to whoever has the most data",9
666,S01-27,The three questions,authored,Written to the LD 810 lecture slides,1,Why Statistics for Leaders,1,,,exam1,lab1,,,,,,,4,1,"Who is counted as first-generation, and how is retention defined?",98,65,23.3,41.7,1,"Q: Applying ""where did it come from?"" to the 71% versus 78% retention gap, the sharpest follow-up is:  ||  A) Who is counted as first-generation, and how is retention defined? [X]  |  B) Is 7 points a lot?  |  C) Which dean reported it?  |  D) Was this run in SPSS or JASP?",11
667,S01-28,The three questions,authored,Written to the LD 810 lecture slides,1,Why Statistics for Leaders,1,,,exam1,lab1,,,,,,,4,1,Whether the gap would still appear in another year or another cohort,68,68,37.0,31.0,0,"Q: Applying ""how sure are we?"" to that same retention gap means asking:  ||  A) Whether the gap would still appear in another year or another cohort [X]  |  B) Whether the dean believes it  |  C) Whether 71% is below the national average  |  D) Whether the report was formatted correctly",5
668,S01-29,The three questions,authored,Written to the LD 810 lecture slides,1,Why Statistics for Leaders,1,,,exam1,lab1,,,,,,,4,2,It stops you from rewriting the standard of proof after the fact to protect a conclusion,75,88,32.0,56.0,0,Q: Why is naming what would change your mind *before* seeing results valuable?  ||  A) It speeds up the analysis  |  B) It stops you from rewriting the standard of proof after the fact to protect a conclusion [X]  |  C) It is required by APA style  |  D) It guarantees the result will be significant,21
669,S01-30,The three questions,authored,Written to the LD 810 lecture slides,1,Why Statistics for Leaders,1,,,exam1,lab1,,,,,,,4,2,Holding a position that data cannot inform — the claim has stopped being empirical,63,82,38.7,43.3,0,Q: A leader who cannot say what evidence would change her mind is:  ||  A) Demonstrating admirable conviction  |  B) Holding a position that data cannot inform — the claim has stopped being empirical [X]  |  C) Following the scientific method  |  D) Using inferential rather than descriptive reasoning,8
670,S01-31,The three questions,authored,Written to the LD 810 lecture slides,1,Why Statistics for Leaders,1,,,exam1,lab1,,,,,,,4,1,Where did it come from — the comparison window is part of how the number was produced,139,85,26.3,58.7,0,Q: A report compares this year with one unusually bad prior year and declares dramatic improvement. Which of the three questions catches this?  ||  A) Where did it come from — the comparison window is part of how the number was produced [X]  |  B) How sure are we  |  C) What would change my mind  |  D) None; this is not a statistical problem,6
671,S01-32,The three questions,authored,Written to the LD 810 lecture slides,1,Why Statistics for Leaders,1,,,exam1,lab1,,,,,,,4,2,"If the number measures the wrong thing, how precisely it was measured no longer matters",46,87,30.3,56.7,0,"Q: Why does ""where did it come from?"" come first?  ||  A) It is the easiest to answer  |  B) If the number measures the wrong thing, how precisely it was measured no longer matters [X]  |  C) It is required before running any test  |  D) The other two are optional",8
672,S01-33,Descriptive vs inferential,authored,Written to the LD 810 lecture slides,1,Why Statistics for Leaders,1,,,exam1,lab1,,,,,,,4,1,Descriptive — you have every member of the group you are describing,75,67,16.3,50.7,1,"Q: You report the mean GPA of all 412 students enrolled in a program. That is:  ||  A) Descriptive — you have every member of the group you are describing [X]  |  B) Inferential  |  C) Neither  |  D) Inferential, because GPA varies",8
673,S01-34,Descriptive vs inferential,authored,Written to the LD 810 lecture slides,1,Why Statistics for Leaders,1,,,exam1,lab1,,,,,,,4,2,Inferential — you are reasoning beyond the people you actually measured,94,71,13.3,57.7,1,"Q: You survey 200 of 4,000 students and use the result to say something about all 4,000. That is:  ||  A) Descriptive  |  B) Inferential — you are reasoning beyond the people you actually measured [X]  |  C) A census  |  D) Invalid by definition",4
674,S01-35,Descriptive vs inferential,authored,Written to the LD 810 lecture slides,1,Why Statistics for Leaders,1,,,exam1,lab1,,,,,,,4,2,Descriptive summarizes the group you measured; inferential reasons from that group to a larger one,79,98,55.3,42.7,0,"Q: The difference between descriptive and inferential statistics, in one sentence:  ||  A) Descriptive uses percentages; inferential uses decimals  |  B) Descriptive summarizes the group you measured; inferential reasons from that group to a larger one [X]  |  C) Descriptive is for small groups; inferential for large ones  |  D) Descriptive is done by hand; inferential by software",7
675,S01-36,Descriptive vs inferential,authored,Written to the LD 810 lecture slides,1,Why Statistics for Leaders,1,,,exam1,lab1,,,,,,,4,2,Inferential,71,11,10.0,1.0,0,Q: Which of the two depends on assumptions about how people were selected?  ||  A) Descriptive  |  B) Inferential [X]  |  C) Both equally  |  D) Neither,6
676,S01-37,Descriptive vs inferential,authored,Written to the LD 810 lecture slides,1,Why Statistics for Leaders,1,,,exam1,lab1,,,,,,,4,1,Descriptive — it is a census of the group in question,65,53,30.7,22.3,0,"Q: HR reports the average tenure of every current employee. This is:  ||  A) Descriptive — it is a census of the group in question [X]  |  B) Inferential, because employees leave  |  C) Inferential, because tenure is continuous  |  D) Not a statistic",4
677,S01-38,Descriptive vs inferential,authored,Written to the LD 810 lecture slides,1,Why Statistics for Leaders,1,,,exam1,lab1,,,,,,,4,2,Inferential,68,11,10.0,1.0,0,"Q: Which kind of statistic necessarily comes with uncertainty attached?  ||  A) Descriptive  |  B) Inferential [X]  |  C) Both, always  |  D) Neither",10
678,S01-39,Descriptive vs inferential,authored,Written to the LD 810 lecture slides,1,Why Statistics for Leaders,1,,,exam1,lab1,,,,,,,4,1,Descriptive,66,11,13.3,-2.3,0,Q: A dashboard showing last month's exact help desk ticket counts is:  ||  A) Descriptive [X]  |  B) Inferential  |  C) A prediction  |  D) A hypothesis test,3
679,S01-40,Descriptive vs inferential,authored,Written to the LD 810 lecture slides,1,Why Statistics for Leaders,1,,,exam1,lab1,,,,,,,4,2,Reporting a descriptive summary of a self-selected group as if it described everyone,137,84,32.0,52.0,0,Q: Descriptive statistics summarize the group you measured; inferential statistics reason beyond it. Both are useful. The common mistake is:  ||  A) Using descriptive statistics at all  |  B) Reporting a descriptive summary of a self-selected group as if it described everyone [X]  |  C) Using inferential statistics on large samples  |  D) Reporting a mean,14
680,S01-41,Population and sample,authored,Written to the LD 810 lecture slides,1,Why Statistics for Leaders,1,,,exam1,lab1,,,,,,,4,2,The entire group you want to draw a conclusion about,33,52,24.7,27.3,0,"Q: In statistics, a ""population"" is:  ||  A) Everyone in the country  |  B) The entire group you want to draw a conclusion about [X]  |  C) Any group larger than 1,000  |  D) The people who responded",5
681,S01-42,Population and sample,authored,Written to the LD 810 lecture slides,1,Why Statistics for Leaders,1,,,exam1,lab1,,,,,,,4,1,"A subset of the population, used to learn something about it",12,60,25.7,34.3,0,"Q: A sample is:  ||  A) A subset of the population, used to learn something about it [X]  |  B) Always exactly 10% of the population  |  C) The people who volunteered  |  D) A pilot program",8
682,S01-43,Population and sample,authored,Written to the LD 810 lecture slides,1,Why Statistics for Leaders,1,,,exam1,lab1,,,,,,,4,1,A parameter,99,11,10.3,0.7,0,Q: A value computed from a sample is a statistic; the corresponding value for the whole population is:  ||  A) A parameter [X]  |  B) A variable  |  C) A constant  |  D) An estimate,7
683,S01-44,Population and sample,authored,Written to the LD 810 lecture slides,1,Why Statistics for Leaders,1,,,exam1,lab1,,,,,,,4,2,"A population, if that is the group you want to conclude about",76,61,9.7,51.3,1,"Q: ""All students enrolled at Big Tree State in fall 2026"" is best described as:  ||  A) A sample  |  B) A population, if that is the group you want to conclude about [X]  |  C) A parameter  |  D) A variable",18
684,S01-45,Population and sample,authored,Written to the LD 810 lecture slides,1,Why Statistics for Leaders,1,,,exam1,lab1,,,,,,,4,2,"Measuring everyone is often impossible or too costly, and a well-drawn sample answers the question well enough",48,110,33.7,76.3,0,"Q: Why sample at all, rather than measure everyone?  ||  A) Samples are more accurate than censuses  |  B) Measuring everyone is often impossible or too costly, and a well-drawn sample answers the question well enough [X]  |  C) Statistics only works on samples  |  D) Populations cannot be measured",28
685,S01-46,Population and sample,authored,Written to the LD 810 lecture slides,1,Why Statistics for Leaders,1,,,exam1,lab1,,,,,,,4,2,"The number describes the people who chose to respond, who may differ systematically from those who didn't",137,105,35.7,69.3,1,"Q: A satisfaction survey goes out to all staff and the 9% who felt strongly enough to answer report low satisfaction. The safest reading is:  ||  A) Staff satisfaction is low  |  B) The number describes the people who chose to respond, who may differ systematically from those who didn't [X]  |  C) The sample is large enough to generalize  |  D) Satisfaction is high among non-respondents",7
686,S01-47,What statistics cannot do,authored,Written to the LD 810 lecture slides,1,Why Statistics for Leaders,1,,,exam1,lab1,,,,,,,4,2,Whether a goal is worth pursuing in the first place,61,51,23.3,27.7,0,"Q: Statistics can tell you a great deal, but it cannot tell you:  ||  A) What the numbers are  |  B) Whether a goal is worth pursuing in the first place [X]  |  C) How much variation exists  |  D) Whether two groups differ",8
687,S01-48,What statistics cannot do,authored,Written to the LD 810 lecture slides,1,Why Statistics for Leaders,1,,,exam1,lab1,,,,,,,4,2,"No — tools compute; you choose the question, the test and the interpretation",55,76,30.7,45.3,0,"Q: Does the software decide which analysis is appropriate?  ||  A) Yes, modern tools select the correct test automatically  |  B) No — tools compute; you choose the question, the test and the interpretation [X]  |  C) Only SPSS does  |  D) Only for large datasets",4
688,S01-49,What statistics cannot do,authored,Written to the LD 810 lecture slides,1,Why Statistics for Leaders,1,,,exam1,lab1,,,,,,,4,1,Whether the difference is large enough to be worth acting on,112,60,26.0,34.0,0,"Q: Later in the term you will meet results described as ""statistically significant."" That phrase will not tell you:  ||  A) Whether the difference is large enough to be worth acting on [X]  |  B) Whether a calculation was performed  |  C) What was compared  |  D) How many groups there were",2
689,S01-50,What statistics cannot do,authored,Written to the LD 810 lecture slides,1,Why Statistics for Leaders,1,,,exam1,lab1,,,,,,,4,1,"Whether you are ""a stats person"" — that category is mostly self-inflicted",52,73,18.7,54.3,0,"Q: One thing this course explicitly will not settle is:  ||  A) Whether you are ""a stats person"" — that category is mostly self-inflicted [X]  |  B) How to read a table  |  C) What a sample is  |  D) Which software to use",8
691,S05-02,Software and output,authored,Written to the LD 810 lecture slides,5,SPSS and JASP Orientation,5,,,none,none,,,,,,,4,1,Data View,166,9,13.0,-4.0,0,Q: A nonprofit evaluator opens an SPSS file and sees a spreadsheet grid with one row per survey respondent and one column per item. Which part of SPSS is she looking at?  ||  A) Data View [X]  |  B) Output Viewer  |  C) Syntax Editor  |  D) Variable View,1
695,S05-06,Software and output,authored,Written to the LD 810 lecture slides,5,SPSS and JASP Orientation,5,,,none,none,,,,,,,4,4,Analyze > Descriptive Statistics > Frequencies,136,46,33.0,13.0,0,"Q: A program officer needs counts and percentages for the categorical variable ""primary service region"" in SPSS. Which path is appropriate?  ||  A) Analyze > Compare Means > One-Way ANOVA  |  B) Analyze > Correlate > Bivariate  |  C) Analyze > Regression > Linear  |  D) Analyze > Descriptive Statistics > Frequencies [X]",1
697,S05-08,Software and output,authored,Written to the LD 810 lecture slides,5,SPSS and JASP Orientation,5,,,none,none,,,,,,,4,2,Analyze > Compare Means > Independent-Samples T Test,127,52,45.7,6.3,0,Q: A clinic manager compares mean wait times for two scheduling systems using SPSS. Which path fits an independent-samples t-test?  ||  A) Analyze > General Linear Model > Repeated Measures  |  B) Analyze > Compare Means > Independent-Samples T Test [X]  |  C) Analyze > Descriptive Statistics > Crosstabs  |  D) Analyze > Compare Means > One-Sample T Test,1
698,S05-09,Software and output,authored,Written to the LD 810 lecture slides,5,SPSS and JASP Orientation,5,,,none,none,,,,,,,4,3,Analyze > Compare Means > One-Way ANOVA,116,39,38.0,1.0,0,Q: An institutional researcher compares average engagement scores across three campuses in SPSS. Which path is correct?  ||  A) Analyze > Correlate > Partial  |  B) Analyze > Compare Means > Paired-Samples T Test  |  C) Analyze > Compare Means > One-Way ANOVA [X]  |  D) Analyze > Scale > Reliability Analysis,3
699,S05-10,Software and output,authored,Written to the LD 810 lecture slides,5,SPSS and JASP Orientation,5,,,none,none,,,,,,,4,4,Analyze > Correlate > Bivariate,133,31,36.7,-5.7,0,Q: A leadership team wants the Pearson correlation between staff tenure and patient-satisfaction scores in SPSS. Which path do they use?  ||  A) Analyze > Regression > Curve Estimation  |  B) Analyze > Descriptive Statistics > Ratio  |  C) Analyze > Compare Means > Means  |  D) Analyze > Correlate > Bivariate [X],2
701,S05-12,Software and output,authored,Written to the LD 810 lecture slides,5,SPSS and JASP Orientation,5,,,none,none,,,,,,,4,2,They appear in a separate Output Viewer window,111,46,51.0,-5.0,0,"Q: After running an analysis in SPSS, a student cannot find her tables in the data grid. Where did the results go?  ||  A) They were written back into a new column in Data View  |  B) They appear in a separate Output Viewer window [X]  |  C) They are stored silently in the .sav file until exported  |  D) They only display if syntax was pasted first",1
709,S05-20,Reliability,authored,Written to the LD 810 lecture slides,5,SPSS and JASP Orientation,5,,,none,none,,,,,,,4,2,Factor > Reliability Analysis,126,29,31.3,-2.3,1,Q: A student wants Cronbach's alpha in JASP for a 10-item leadership self-efficacy scale. Which menu is the right starting point?  ||  A) Regression > Linear Regression  |  B) Factor > Reliability Analysis [X]  |  C) T-Tests > One Sample T-Test  |  D) Descriptives > Descriptive Statistics,1
711,S05-22,Software and output,authored,Written to the LD 810 lecture slides,5,SPSS and JASP Orientation,5,,,none,none,,,,,,,4,4,The p value associated with the obtained test statistic,117,55,36.7,18.3,1,"Q: A student reads an SPSS t-test output table and sees a column headed ""Sig. (2-tailed)."" What does that column report?  ||  A) The confidence level chosen for the test  |  B) The standard error of the difference  |  C) The effect size for the comparison  |  D) The p value associated with the obtained test statistic [X]",2
712,S05-23,Software and output,authored,Written to the LD 810 lecture slides,5,SPSS and JASP Orientation,5,,,none,none,,,,,,,4,1,The degrees of freedom used to evaluate the test statistic,108,58,42.3,15.7,0,"Q: An SPSS independent-samples t-test table shows a column labeled ""df."" What does this column tell the reader?  ||  A) The degrees of freedom used to evaluate the test statistic [X]  |  B) The difference between the two group means  |  C) The number of variables entered into the analysis  |  D) The proportion of variance explained",1
713,S05-24,Software and output,authored,Written to the LD 810 lecture slides,5,SPSS and JASP Orientation,5,,,none,none,,,,,,,4,2,The proportion of variance in the outcome accounted for by the predictors,105,73,47.0,26.0,1,Q: A regression output in SPSS reports R Square = .18. What does an institutional researcher report this as?  ||  A) The correlation between the two strongest predictors  |  B) The proportion of variance in the outcome accounted for by the predictors [X]  |  C) The probability the model occurred by chance  |  D) The average prediction error in outcome units,4
714,S05-25,Software and output,authored,Written to the LD 810 lecture slides,5,SPSS and JASP Orientation,5,,,none,none,,,,,,,4,3,"Twenty-eight respondents left the first item blank, so it has missing values",158,76,39.3,36.7,1,"Q: A Descriptives table in SPSS reports N = 212 for one item but N = 240 for another in the same dataset of 240 respondents. What is the most likely explanation?  ||  A) The second item was entered twice  |  B) Twenty-eight cases were deleted from the file  |  C) Twenty-eight respondents left the first item blank, so it has missing values [X]  |  D) SPSS rounds N to the nearest even number",2
716,S05-27,Software and output,authored,Written to the LD 810 lecture slides,5,SPSS and JASP Orientation,5,,,none,none,,,,,,,4,1,Valid Percent excludes missing cases from the denominator,130,57,50.7,6.3,0,"Q: A Frequencies table in SPSS shows both ""Percent"" and ""Valid Percent"" columns with different numbers. What explains the difference?  ||  A) Valid Percent excludes missing cases from the denominator [X]  |  B) Percent is rounded while Valid Percent is not  |  C) Valid Percent excludes the modal category  |  D) Percent uses the sample and Valid Percent estimates the population",1
717,S05-28,Levels of measurement,authored,Written to the LD 810 lecture slides,5,SPSS and JASP Orientation,5,,,none,none,,,,,,,4,2,A mean is meaningless for a nominal variable; the Measure level was set wrong,136,77,51.3,25.7,1,"Q: A student codes gender as 1 and 2, leaves Measure set to Scale, and runs Descriptives. SPSS reports a mean of 1.47. What is the problem?  ||  A) The sample is too small for a stable mean  |  B) A mean is meaningless for a nominal variable; the Measure level was set wrong [X]  |  C) SPSS should have returned an error instead of a number  |  D) The codes should have started at 0 for the mean to be valid",1
718,S05-29,Levels of measurement,authored,Written to the LD 810 lecture slides,5,SPSS and JASP Orientation,5,,,none,none,,,,,,,4,3,Some procedures and charts will treat the values as unordered categories,130,72,46.7,25.3,1,Q: An analyst imports a district file and finds that a 1-to-5 satisfaction item was assigned Measure = Nominal. Why does this matter?  ||  A) SPSS will delete the variable during analysis  |  B) The variable can no longer be recoded  |  C) Some procedures and charts will treat the values as unordered categories [X]  |  D) The mean will be computed but reported with the wrong sign,2
722,S05-33,Software and output,authored,Written to the LD 810 lecture slides,5,SPSS and JASP Orientation,5,,,none,none,,,,,,,4,3,Entering value labels for the coded categories,117,46,39.7,6.3,1,"Q: A Crosstabs table in SPSS shows rows labeled 1, 2, and 3 instead of the program names. What was skipped during setup?  ||  A) Setting the Measure column to Nominal  |  B) Turning on the Output Viewer's pivot editor  |  C) Entering value labels for the coded categories [X]  |  D) Declaring the variable's missing values",1
724,S05-35,Statistical software,authored,Written to the LD 810 lecture slides,5,SPSS and JASP Orientation,5,,,none,none,,,,,,,4,1,A roughly $35 six-month student GradPack license through StudentDiscounts,118,73,58.7,14.3,0,Q: A student needs SPSS access longer than the trial allows but has little money. What option is described in the course?  ||  A) A roughly $35 six-month student GradPack license through StudentDiscounts [X]  |  B) A free perpetual academic license from IBM on request  |  C) A department-funded site license available to all students  |  D) A discounted license that requires purchasing the textbook bundle,1
727,S05-38,Software and output,authored,Written to the LD 810 lecture slides,5,SPSS and JASP Orientation,5,,,none,none,,,,,,,4,4,Default output includes columns readers do not need and is not APA-formatted,118,76,42.7,33.3,0,Q: An adviser tells a student not to paste raw SPSS output straight into a dissertation chapter. What is the best reason?  ||  A) Output tables are copyrighted by IBM  |  B) Pasted output loses its numeric values in Word  |  C) Journals prohibit any software-generated table  |  D) Default output includes columns readers do not need and is not APA-formatted [X],1
728,S05-39,What statistics cannot do,authored,Written to the LD 810 lecture slides,5,SPSS and JASP Orientation,5,,,none,none,,,,,,,4,1,Software output cannot establish causation; that depends on the study design,181,76,60.3,15.7,0,"Q: An SPSS regression returns a large, significant coefficient linking tutoring hours to test gains. A board member wants to claim tutoring caused the gains. What is the right caution?  ||  A) Software output cannot establish causation; that depends on the study design [X]  |  B) The coefficient must exceed 1.0 before causation can be claimed  |  C) Causation requires a larger p value than the one reported  |  D) Regression in JASP could establish causation, but SPSS cannot",1
729,S05-40,What statistics cannot do,authored,Written to the LD 810 lecture slides,5,SPSS and JASP Orientation,5,,,none,none,,,,,,,4,2,Clean-looking results that faithfully reflect the bad numbers,133,61,47.0,14.0,0,"Q: A staff member enters survey data with several typos in the scores, then runs a flawless analysis in SPSS. What will the output show?  ||  A) A warning that the data contain implausible values  |  B) Clean-looking results that faithfully reflect the bad numbers [X]  |  C) An automatic correction of out-of-range scores  |  D) A refusal to run until the data are validated",1
730,S05-41,Research methods,authored,Written to the LD 810 lecture slides,5,SPSS and JASP Orientation,5,,,none,none,,,,,,,4,3,The saved SPSS syntax files showing the exact commands each ran,129,63,44.3,18.7,0,Q: Two analysts using the same dataset produce different ANOVA results. Which record would best let a reviewer find the discrepancy?  ||  A) The exported PDF of each analyst's output  |  B) Each analyst's written summary of what they did  |  C) The saved SPSS syntax files showing the exact commands each ran [X]  |  D) The file creation dates on the two .sav files,1
734,S05-45,Statistical software,authored,Written to the LD 810 lecture slides,5,SPSS and JASP Orientation,5,,,none,none,,,,,,,4,3,Students meet the tool common in institutional settings and a free tool they keep after graduation,112,98,59.3,38.7,0,Q: A dean asks why the program teaches both SPSS and JASP rather than only one. What is the most defensible answer?  ||  A) JASP is required for dissertations while SPSS is for coursework  |  B) The two produce different statistical results worth comparing  |  C) Students meet the tool common in institutional settings and a free tool they keep after graduation [X]  |  D) SPSS handles small samples and JASP handles large ones,3
736,S05-47,Software and output,authored,Written to the LD 810 lecture slides,5,SPSS and JASP Orientation,5,,,none,none,,,,,,,4,1,"1.00, because a variable correlates perfectly with itself",106,57,43.3,13.7,0,"Q: An SPSS correlation table shows each variable correlated with itself. What value appears on that diagonal?  ||  A) 1.00, because a variable correlates perfectly with itself [X]  |  B) 0.00, because no variance remains to explain  |  C) The variable's standard deviation  |  D) A blank cell, since SPSS suppresses self-correlations",2
737,S05-48,Research methods,authored,Written to the LD 810 lecture slides,5,SPSS and JASP Orientation,5,,,none,none,,,,,,,4,2,The .sav file with labeled variables plus the syntax used to clean and analyze it,121,81,40.3,40.7,0,Q: A research office is deciding how to store a cleaned survey dataset for future staff. Which combination is best practice?  ||  A) Only a PDF of the output tables  |  B) The .sav file with labeled variables plus the syntax used to clean and analyze it [X]  |  C) A screenshot library of each analysis window  |  D) The original paper surveys plus a summary memo,1
738,S05-49,Levels of measurement,authored,Written to the LD 810 lecture slides,5,SPSS and JASP Orientation,5,,,none,none,,,,,,,4,3,"Happily computes a mean ID number, which has no meaning",132,55,40.0,15.0,0,"Q: An analyst assigns Measure = Scale to a variable holding employee ID numbers and requests descriptive statistics. What does SPSS do?  ||  A) Blocks the request because IDs are not analyzable  |  B) Recodes the IDs into ordered ranks  |  C) Happily computes a mean ID number, which has no meaning [X]  |  D) Reports frequencies instead of a mean",1
739,S05-50,Statistical software,authored,Written to the LD 810 lecture slides,5,SPSS and JASP Orientation,5,,,none,none,,,,,,,4,4,"The test should follow from the question and the data's measurement levels, not from which result looks best",153,108,49.0,59.0,0,"Q: A leadership student says she will decide which statistical test to use after seeing which SPSS output ""comes out significant."" What is the core problem?  ||  A) SPSS cannot run more than one test per session  |  B) Output from multiple tests cannot be exported together  |  C) JASP would be the better tool for that strategy  |  D) The test should follow from the question and the data's measurement levels, not from which result looks best [X]",1
740,S06-01,Normal curve,authored,Written to the LD 810 lecture slides,6,The Normal Curve and z-Scores,6,,,exam1,lab2,,,,,,,4,3,"The mean, median, and mode all fall at the same point.",151,54,44.0,10.0,1,"Q: A district plots 4,000 reading scores and gets a smooth, bell-shaped, symmetric curve. What does that shape imply about the center of the distribution?  ||  A) The median falls above the mean.  |  B) The mode falls above the median.  |  C) The mean, median, and mode all fall at the same point. [X]  |  D) The mean sits at the peak but the median sits out in the right tail.",16
741,S06-02,Normal curve,authored,Written to the LD 810 lecture slides,6,The Normal Curve and z-Scores,6,,,exam1,lab2,,,,,,,4,1,The tails of a normal curve approach the horizontal axis but never touch it.,140,76,74.3,1.7,1,Q: A nurse manager claims no patient could ever wait longer than 60 minutes because the normal curve 'ends' there. Why is that reasoning wrong?  ||  A) The tails of a normal curve approach the horizontal axis but never touch it. [X]  |  B) The normal curve is only defined between the mean and one standard deviation.  |  C) A normal curve has a fixed lower bound but no upper bound at all.  |  D) The tails of a normal curve touch the axis exactly three standard deviations out.,11
742,S06-03,Normal curve,authored,Written to the LD 810 lecture slides,6,The Normal Curve and z-Scores,6,,,exam1,lab2,,,,,,,4,4,The proportion of donors whose gifts fall in that range.,124,56,46.0,10.0,0,"Q: Nonprofit donation amounts are normally distributed. What does the area under the curve between two dollar values represent?  ||  A) The average donation between those two values.  |  B) The number of donors, regardless of sample size.  |  C) The variance of the donations in that range.  |  D) The proportion of donors whose gifts fall in that range. [X]",16
743,S06-04,Normal curve,authored,Written to the LD 810 lecture slides,6,The Normal Curve and z-Scores,6,,,exam1,lab2,,,,,,,4,2,About 50 percent,129,16,31.3,-15.3,1,Q: A hospital's patient satisfaction scores are normally distributed with a mean of 85. What proportion of patients scored above 85?  ||  A) About 34 percent  |  B) About 50 percent [X]  |  C) About 68 percent  |  D) It cannot be estimated without knowing the standard deviation.,10
744,S06-05,Normal curve,authored,Written to the LD 810 lecture slides,6,The Normal Curve and z-Scores,6,,,exam1,lab2,,,,,,,4,3,About 68 percent,185,16,16.0,0.0,1,Q: Staff turnover across 200 clinics is normally distributed with a mean of 18 percent and a standard deviation of 4. Roughly what share of clinics have turnover between 14 and 22 percent?  ||  A) About 34 percent  |  B) About 50 percent  |  C) About 68 percent [X]  |  D) About 95 percent,10
745,S06-06,Normal curve,authored,Written to the LD 810 lecture slides,6,The Normal Curve and z-Scores,6,,,exam1,lab2,,,,,,,4,4,200 and 300,159,11,12.3,-1.3,1,Q: Third-grade math scores are normally distributed with a mean of 250 and a standard deviation of 25. About 95 percent of students fall between which two scores?  ||  A) 225 and 275  |  B) 175 and 325  |  C) 237.5 and 262.5  |  D) 200 and 300 [X],10
746,S06-07,Normal curve,authored,Written to the LD 810 lecture slides,6,The Normal Curve and z-Scores,6,,,exam1,lab2,,,,,,,4,1,15 and 45 minutes,168,17,17.0,0.0,1,Q: Emergency department wait times are normally distributed with a mean of 30 minutes and a standard deviation of 5. About 99.7 percent of waits fall between which values?  ||  A) 15 and 45 minutes [X]  |  B) 20 and 40 minutes  |  C) 25 and 35 minutes  |  D) 10 and 50 minutes,10
747,S06-08,Normal curve,authored,Written to the LD 810 lecture slides,6,The Normal Curve and z-Scores,6,,,exam1,lab2,,,,,,,4,2,About 16 percent,153,16,16.0,0.0,1,Q: Annual giving per donor is normally distributed with a mean of $400 and a standard deviation of $75. About what percentage of donors give more than $475?  ||  A) About 32 percent  |  B) About 16 percent [X]  |  C) About 34 percent  |  D) About 68 percent,14
748,S06-09,Normal curve,authored,Written to the LD 810 lecture slides,6,The Normal Curve and z-Scores,6,,,exam1,lab2,,,,,,,4,4,About 97.5 percent,158,18,16.7,1.3,1,Q: Faculty course evaluation means are normally distributed with a mean of 4.0 and a standard deviation of 0.3. About what percentage of faculty score below 4.6?  ||  A) About 95 percent  |  B) About 68 percent  |  C) About 99.7 percent  |  D) About 97.5 percent [X],10
749,S06-10,Normal curve,authored,Written to the LD 810 lecture slides,6,The Normal Curve and z-Scores,6,,,exam1,lab2,,,,,,,4,3,About 34 percent,191,16,16.0,0.0,1,Q: Enrollment across 300 charter schools is normally distributed with a mean of 480 students and a standard deviation of 60. About what percentage of schools enroll between 480 and 540 students?  ||  A) About 68 percent  |  B) About 50 percent  |  C) About 34 percent [X]  |  D) About 16 percent,30
750,S06-11,Center and spread,authored,Written to the LD 810 lecture slides,6,The Normal Curve and z-Scores,6,,,exam1,lab2,,,,,,,4,2,1.50,126,4,4.7,-0.7,1,Q: A standardized leadership exam has a mean of 500 and a standard deviation of 100. A candidate scores 650. What is her z-score?  ||  A) 0.65  |  B) 1.50 [X]  |  C) 15.00  |  D) -1.50,17
751,S06-12,Center and spread,authored,Written to the LD 810 lecture slides,6,The Normal Curve and z-Scores,6,,,exam1,lab2,,,,,,,4,1,-2.00,144,5,5.0,0.0,1,Q: Average patient wait time on a unit is 24 minutes with a standard deviation of 6. On Tuesday the wait was 12 minutes. What is Tuesday's z-score?  ||  A) -2.00 [X]  |  B) 2.00  |  C) -0.50  |  D) -12.00,27
752,S06-13,Center and spread,authored,Written to the LD 810 lecture slides,6,The Normal Curve and z-Scores,6,,,exam1,lab2,,,,,,,4,3,2.00,135,4,4.3,-0.3,1,"Q: Teacher salaries in a district have a mean of $62,000 and a standard deviation of $8,000. A teacher earns $78,000. What is her z-score?  ||  A) 1.60  |  B) 0.50  |  C) 2.00 [X]  |  D) -2.00",18
753,S06-14,Center and spread,authored,Written to the LD 810 lecture slides,6,The Normal Curve and z-Scores,6,,,exam1,lab2,,,,,,,4,4,-2.00,130,5,4.7,0.3,1,Q: Attendance rates across schools have a mean of 92 percent and a variance of 9. One school reports 86 percent. What is its z-score?  ||  A) -0.67  |  B) -6.00  |  C) 2.00  |  D) -2.00 [X],18
754,S06-15,Center and spread,authored,Written to the LD 810 lecture slides,6,The Normal Curve and z-Scores,6,,,exam1,lab2,,,,,,,4,1,The clinic's rate sits exactly at the mean of all clinics.,103,58,51.0,7.0,1,Q: A program director reports that a clinic's readmission rate has a z-score of 0.00. What does that mean?  ||  A) The clinic's rate sits exactly at the mean of all clinics. [X]  |  B) The clinic recorded no readmissions at all.  |  C) The clinic's rate sits at the 0th percentile of clinics.  |  D) The clinic's rate could not be computed from the data.,13
755,S06-16,Center and spread,authored,Written to the LD 810 lecture slides,6,The Normal Curve and z-Scores,6,,,exam1,lab2,,,,,,,4,2,Retention is 1.5 standard deviations below the peer average.,121,60,56.3,3.7,1,Q: A nonprofit's volunteer retention has a z-score of -1.50 relative to peer agencies. What should the board take from that?  ||  A) Retention is 1.5 percentage points below the peer average.  |  B) Retention is 1.5 standard deviations below the peer average. [X]  |  C) Retention is 1.5 raw points below the peer average.  |  D) Retention is 1.5 standard deviations above the peer average.,13
756,S06-17,Center and spread,authored,Written to the LD 810 lecture slides,6,The Normal Curve and z-Scores,6,,,exam1,lab2,,,,,,,4,4,-1.00,127,5,4.3,0.7,1,Q: Patient satisfaction scores across clinics average 4.2 with a standard deviation of 0.4. One clinic scores 3.8. Its z-score is:  ||  A) 0.40  |  B) -0.40  |  C) 1.00  |  D) -1.00 [X],11
757,S06-18,Center and spread,authored,Written to the LD 810 lecture slides,6,The Normal Curve and z-Scores,6,,,exam1,lab2,,,,,,,4,3,80.00,128,5,5.0,0.0,1,Q: Scores on a writing rubric have a mean of 70 and a standard deviation of 8. A student's z-score is +1.25. What is her raw score?  ||  A) 71.25  |  B) 78.00  |  C) 80.00 [X]  |  D) 88.00,16
758,S06-19,Center and spread,authored,Written to the LD 810 lecture slides,6,The Normal Curve and z-Scores,6,,,exam1,lab2,,,,,,,4,2,"$230,000",134,8,8.0,0.0,1,"Q: Grant awards have a mean of $250,000 and a standard deviation of $40,000. One award has a z-score of -0.50. What was the award amount?  ||  A) $210,000  |  B) $230,000 [X]  |  C) $249,500  |  D) $270,000",25
759,S06-20,Center and spread,authored,Written to the LD 810 lecture slides,6,The Normal Curve and z-Scores,6,,,exam1,lab2,,,,,,,4,1,90 percent,182,10,10.0,0.0,1,Q: Nursing licensure pass rates across programs have a mean of 80 percent and a standard deviation of 5. A program sits exactly two standard deviations above the mean. Its pass rate is:  ||  A) 90 percent [X]  |  B) 85 percent  |  C) 82 percent  |  D) 70 percent,15
760,S06-21,Center and spread,authored,Written to the LD 810 lecture slides,6,The Normal Curve and z-Scores,6,,,exam1,lab2,,,,,,,4,4,"Exam A, because her z-score there is higher.",153,44,47.0,-3.0,1,"Q: A student scores 85 on Exam A (mean 75, standard deviation 5) and 75 on Exam B (mean 60, standard deviation 10). Where did she perform relatively better?  ||  A) Exam B, because her z-score there is higher.  |  B) Neither, because both scores are above the mean.  |  C) Exam B, because its standard deviation is larger.  |  D) Exam A, because her z-score there is higher. [X]",18
761,S06-22,Center and spread,authored,Written to the LD 810 lecture slides,6,The Normal Curve and z-Scores,6,,,exam1,lab2,,,,,,,4,3,Hand hygiene is the stronger of the two relative to peers.,165,58,57.0,1.0,1,"Q: A hospital sits 1.2 standard deviations above the mean on hand hygiene and 0.8 above the mean on medication accuracy. How should the quality director summarize this?  ||  A) The two measures cannot be compared because the units differ.  |  B) Medication accuracy is the stronger of the two measures.  |  C) Hand hygiene is the stronger of the two relative to peers. [X]  |  D) Both are equally strong, since both sit above average.",11
762,S06-23,Center and spread,authored,Written to the LD 810 lecture slides,6,The Normal Curve and z-Scores,6,,,exam1,lab2,,,,,,,4,1,It puts both distributions on a common scale of standard deviation units.,103,73,63.0,10.0,0,Q: Why does converting raw scores to z-scores let a dean compare performance on two different assessments?  ||  A) It puts both distributions on a common scale of standard deviation units. [X]  |  B) It forces both distributions to contain the same number of cases.  |  C) It removes the outliers from both distributions automatically.  |  D) It converts both sets of scores into percentages of the total.,9
763,S06-24,Center and spread,authored,Written to the LD 810 lecture slides,6,The Normal Curve and z-Scores,6,,,exam1,lab2,,,,,,,4,2,Department B stands further above its own department average.,149,61,58.7,2.3,1,Q: Two departments use different satisfaction scales. Department A has a z-score of +0.30; Department B has +1.10. What can the vice president conclude?  ||  A) Department A sits closer to the top of its own distribution.  |  B) Department B stands further above its own department average. [X]  |  C) Department B's raw score must be the numerically larger one.  |  D) The comparison is invalid because the two scales differ.,12
764,S06-25,Normal curve,authored,Written to the LD 810 lecture slides,6,The Normal Curve and z-Scores,6,,,exam1,lab2,,,,,,,4,3,About 84 percent of schools scored at or below this school.,96,59,58.3,0.7,1,Q: A principal is told her school's growth score falls at the 84th percentile. What does that mean?  ||  A) The school answered 84 percent of the indicators correctly.  |  B) The school scored 84 points above the state average score.  |  C) About 84 percent of schools scored at or below this school. [X]  |  D) The school is 84 standard deviations above the state mean.,17
765,S06-26,Normal curve,authored,Written to the LD 810 lecture slides,6,The Normal Curve and z-Scores,6,,,exam1,lab2,,,,,,,4,4,The clinic processed 90 percent more patients than average.,107,59,49.0,10.0,1,Q: A clinic sits at the 90th percentile for patient throughput. Which statement is NOT supported by that fact?  ||  A) About 10 percent of clinics had higher throughput.  |  B) The clinic sits above the median clinic.  |  C) About 90 percent of clinics were at or below this clinic.  |  D) The clinic processed 90 percent more patients than average. [X],10
766,S06-27,Normal curve,authored,Written to the LD 810 lecture slides,6,The Normal Curve and z-Scores,6,,,exam1,lab2,,,,,,,4,2,84th,138,4,4.0,0.0,1,Q: Donor retention rates across agencies are normally distributed. One agency has a z-score of +1.00. Approximately what percentile is it in?  ||  A) 68th  |  B) 84th [X]  |  C) 95th  |  D) 34th,24
767,S06-28,Normal curve,authored,Written to the LD 810 lecture slides,6,The Normal Curve and z-Scores,6,,,exam1,lab2,,,,,,,4,1,16th,141,4,4.0,0.0,0,Q: A nursing program's licensure rate is one standard deviation below the national mean in a normal distribution. Its approximate percentile is:  ||  A) 16th [X]  |  B) 32nd  |  C) 34th  |  D) 84th,9
768,S06-29,Normal curve,authored,Written to the LD 810 lecture slides,6,The Normal Curve and z-Scores,6,,,exam1,lab2,,,,,,,4,3,About 93 percent,89,16,15.7,0.3,1,"Q: Using a z-table, what proportion of a normal distribution falls below a z-score of +1.50?  ||  A) About 43 percent  |  B) About 87 percent  |  C) About 93 percent [X]  |  D) About 7 percent",12
769,S06-30,Normal curve,authored,Written to the LD 810 lecture slides,6,The Normal Curve and z-Scores,6,,,exam1,lab2,,,,,,,4,4,About 31 percent,77,16,16.0,0.0,1,Q: About what proportion of a normal distribution lies above a z-score of +0.50?  ||  A) About 19 percent  |  B) About 69 percent  |  C) About 50 percent  |  D) About 31 percent [X],23
770,S06-31,Normal curve,authored,Written to the LD 810 lecture slides,6,The Normal Curve and z-Scores,6,,,exam1,lab2,,,,,,,4,1,About 82 percent,115,16,16.0,0.0,1,Q: School budgets per pupil are normally distributed. What proportion of schools fall between z = -1.00 and z = +2.00?  ||  A) About 82 percent [X]  |  B) About 95 percent  |  C) About 68 percent  |  D) About 48 percent,9
771,S06-32,Normal curve,authored,Written to the LD 810 lecture slides,6,The Normal Curve and z-Scores,6,,,exam1,lab2,,,,,,,4,2,43.3 percent,101,12,11.7,0.3,1,Q: A z-table reports the area lying between the mean and a z-score of +1.50. That area is approximately:  ||  A) 6.7 percent  |  B) 43.3 percent [X]  |  C) 93.3 percent  |  D) 34.1 percent,11
772,S06-33,Normal curve,authored,Written to the LD 810 lecture slides,6,The Normal Curve and z-Scores,6,,,exam1,lab2,,,,,,,4,4,About 7 percent,111,15,16.0,-1.0,1,Q: Specialty referral wait times are normally distributed. What proportion of cases fall below a z-score of -1.50?  ||  A) About 43 percent  |  B) About 93 percent  |  C) About 15 percent  |  D) About 7 percent [X],35
773,S06-34,Normal curve,authored,Written to the LD 810 lecture slides,6,The Normal Curve and z-Scores,6,,,exam1,lab2,,,,,,,4,3,+1.96,151,5,5.0,0.0,1,Q: A foundation will fund only the top 2.5 percent of applicants on a normally distributed readiness score. Approximately which z-score marks that cutoff?  ||  A) +1.65  |  B) +2.58  |  C) +1.96 [X]  |  D) +2.33,10
774,S06-35,Normal curve,authored,Written to the LD 810 lecture slides,6,The Normal Curve and z-Scores,6,,,exam1,lab2,,,,,,,4,2,"900 and 1,500",144,13,14.3,-1.3,1,"Q: Monthly food bank visits are normally distributed with a mean of 1,200 and a standard deviation of 150. About 95 percent of months fall between:  ||  A) 1,050 and 1,350  |  B) 900 and 1,500 [X]  |  C) 750 and 1,650  |  D) 1,125 and 1,275",12
775,S06-36,Center and spread,authored,Written to the LD 810 lecture slides,6,The Normal Curve and z-Scores,6,,,exam1,lab2,,,,,,,4,1,"Standard scores, which show distance from the district mean in standard deviation units.",160,88,40.7,47.3,0,"Q: A superintendent wants board members to see how each school compares with the district rather than raw point totals. Which reporting choice best fits that goal?  ||  A) Standard scores, which show distance from the district mean in standard deviation units. [X]  |  B) Raw scores, which are already on a common scale.  |  C) The variance of scores for each school.  |  D) The range of scores at each school.",23
776,S06-37,Center and spread,authored,Written to the LD 810 lecture slides,6,The Normal Curve and z-Scores,6,,,exam1,lab2,,,,,,,4,3,"Z-scores lose the original units, so readers cannot see actual minutes or dollars.",81,82,51.0,31.0,0,"Q: What is one real drawback of reporting only z-scores to a lay board of directors?  ||  A) Z-scores cannot be compared across different measures.  |  B) Z-scores always exaggerate the size of differences.  |  C) Z-scores lose the original units, so readers cannot see actual minutes or dollars. [X]  |  D) Z-scores can only be computed for whole numbers.",10
777,S06-38,Center and spread,authored,Written to the LD 810 lecture slides,6,The Normal Curve and z-Scores,6,,,exam1,lab2,,,,,,,4,4,115,151,3,3.0,0.0,1,Q: A testing company rescales scores so the mean is 100 and the standard deviation is 15. A student whose z-score is +1.00 receives which converted score?  ||  A) 101  |  B) 100  |  C) 130  |  D) 115 [X],10
778,S06-39,Center and spread,authored,Written to the LD 810 lecture slides,6,The Normal Curve and z-Scores,6,,,exam1,lab2,,,,,,,4,1,0,106,1,27.0,-26.0,0,"Q: After a dean converts every faculty workload figure to a z-score, what will the mean of those z-scores be?  ||  A) 0 [X]  |  B) 1  |  C) The same as the original mean workload.  |  D) It depends on how many faculty there are.",9
779,S06-40,Center and spread,authored,Written to the LD 810 lecture slides,6,The Normal Curve and z-Scores,6,,,exam1,lab2,,,,,,,4,2,1,105,1,26.3,-25.3,0,"Q: After standardizing a set of clinic wait times, what is the standard deviation of the resulting z-scores?  ||  A) 0  |  B) 1 [X]  |  C) The original standard deviation in minutes.  |  D) The square root of the sample size.",14
780,S06-41,Shape of data,authored,Written to the LD 810 lecture slides,6,The Normal Curve and z-Scores,6,,,exam1,lab2,,,,,,,4,3,The 68-95-99.7 percentages assume a symmetric normal shape this distribution lacks.,115,83,46.3,36.7,0,Q: Household incomes among an agency's clients are strongly right-skewed. Why is the empirical rule a poor guide here?  ||  A) The mean cannot be computed for skewed data.  |  B) Skewed distributions have no standard deviation.  |  C) The 68-95-99.7 percentages assume a symmetric normal shape this distribution lacks. [X]  |  D) Percentiles cannot be computed for skewed data.,9
781,S06-42,Shape of data,authored,Written to the LD 810 lecture slides,6,The Normal Curve and z-Scores,6,,,exam1,lab2,,,,,,,4,4,The mean will be pulled above the median by the large gifts.,107,60,48.0,12.0,0,Q: Donation sizes are heavily right-skewed by a handful of very large gifts. Which statement is most accurate?  ||  A) The mean and the median will be identical.  |  B) The median will be pulled above the mean.  |  C) The distribution is still normal because the sample is large.  |  D) The mean will be pulled above the median by the large gifts. [X],16
782,S06-43,Shape of data,authored,Written to the LD 810 lecture slides,6,The Normal Curve and z-Scores,6,,,exam1,lab2,,,,,,,4,2,That the stay equals the mean length of stay.,133,45,42.0,3.0,1,"Q: In a right-skewed distribution of hospital lengths of stay, a stay at the 50th percentile sits at the median. What is NOT guaranteed?  ||  A) That half of all stays are shorter.  |  B) That the stay equals the mean length of stay. [X]  |  C) That half of all stays are longer.  |  D) That the stay is the middle value when stays are ordered.",14
783,S06-44,Shape of data,authored,Written to the LD 810 lecture slides,6,The Normal Curve and z-Scores,6,,,exam1,lab2,,,,,,,4,1,"The z-scores are computable, but the usual normal-curve percentages do not apply.",109,81,43.0,38.0,0,"Q: A dean computes z-scores for a clearly bimodal set of course grades. What is the main limitation of doing so?  ||  A) The z-scores are computable, but the usual normal-curve percentages do not apply. [X]  |  B) The z-scores cannot be computed at all for bimodal data.  |  C) The z-scores will all come out positive.  |  D) The z-scores will all equal zero.",22
784,S06-45,Shape of data,authored,Written to the LD 810 lecture slides,6,The Normal Curve and z-Scores,6,,,exam1,lab2,,,,,,,4,4,About 0.3 percent of schools,170,28,26.3,1.7,0,"Q: A district flags any school more than three standard deviations from the mean on chronic absence. In a normal distribution, roughly how often would that happen by chance?  ||  A) About 5 percent of schools  |  B) About 32 percent of schools  |  C) About 1 percent of schools  |  D) About 0.3 percent of schools [X]",11
785,S06-46,Shape of data,authored,Written to the LD 810 lecture slides,6,The Normal Curve and z-Scores,6,,,exam1,lab2,,,,,,,4,3,"The rate is an extreme outlier, far beyond what a normal curve predicts.",99,72,56.3,15.7,1,"Q: A clinic's infection rate carries a z-score of +4.20. How should the quality team read that number?  ||  A) The rate is 4.2 percentage points above the average clinic.  |  B) The rate is typical, since z-scores routinely exceed 4.  |  C) The rate is an extreme outlier, far beyond what a normal curve predicts. [X]  |  D) The z-score must have been computed using the variance.",10
786,S06-47,Shape of data,authored,Written to the LD 810 lecture slides,6,The Normal Curve and z-Scores,6,,,exam1,lab2,,,,,,,4,1,About 5 percent,156,15,16.7,-1.7,0,"Q: A hospital defines an outlier as any wait time more than two standard deviations from the mean. In a normal distribution, about what share of waits qualify?  ||  A) About 5 percent [X]  |  B) About 32 percent  |  C) About 2.5 percent  |  D) About 0.3 percent",10
787,S06-48,Shape of data,authored,Written to the LD 810 lecture slides,6,The Normal Curve and z-Scores,6,,,exam1,lab2,,,,,,,4,2,It is an extreme value that would distort the chart's scale and the mean.,124,73,47.3,25.7,1,Q: A board member asks why one school with a z-score of -3.50 was dropped from a summary chart. The best statistical reason is:  ||  A) Negative z-scores are not meaningful in reporting.  |  B) It is an extreme value that would distort the chart's scale and the mean. [X]  |  C) Z-scores below -3.00 cannot be calculated.  |  D) The school's raw score must therefore be an error.,5
788,S06-49,Population and sample,authored,Written to the LD 810 lecture slides,6,The Normal Curve and z-Scores,6,,,exam1,lab2,,,,,,,4,3,A distribution of sample means,141,30,24.7,5.3,1,Q: A researcher repeatedly draws samples of 25 nurses and records each sample's mean overtime hours. The collection of those averages is called:  ||  A) A distribution of raw scores  |  B) A skewed distribution  |  C) A distribution of sample means [X]  |  D) A population distribution,6
789,S06-50,Population and sample,authored,Written to the LD 810 lecture slides,6,The Normal Curve and z-Scores,6,,,exam1,lab2,,,,,,,4,4,"It has a narrower spread, because averaging cancels out extremes.",139,65,59.0,6.0,0,"Q: Compared with the distribution of individual patient wait times, how does a distribution of sample means drawn from that population behave?  ||  A) It has a wider spread, because averaging adds variability.  |  B) It has the same spread, since the population is unchanged.  |  C) It has a very different mean, well above the population mean.  |  D) It has a narrower spread, because averaging cancels out extremes. [X]",7
790,S07-01,Sampling and standard error,authored,Written to the LD 810 lecture slides,7,Confidence Intervals,7,,,exam1,lab2,,,,,,,4,3,2 words per minute,189,18,19.0,-1.0,1,Q: A district pilots a reading program with a random sample of 100 third graders. Their fluency scores have a standard deviation of 20 words per minute. What is the standard error of the mean?  ||  A) 20 words per minute  |  B) 0.2 words per minute  |  C) 2 words per minute [X]  |  D) 4 words per minute,12
791,S07-02,Sampling and standard error,authored,Written to the LD 810 lecture slides,7,Confidence Intervals,7,,,exam1,lab2,,,,,,,4,1,800,234,3,3.7,-0.7,1,"Q: A hospital quality team surveys 200 discharged patients and reports a standard error of 4 points on a satisfaction scale. They want to cut the standard error to 2 points using the same instrument. About how many patients do they need?  ||  A) 800 [X]  |  B) 400  |  C) 100  |  D) 1,600",9
792,S07-03,Confidence intervals,authored,Written to the LD 810 lecture slides,7,Confidence Intervals,7,,,exam1,lab2,,,,,,,4,4,"The interval estimates the population mean, not individual nurses' hours",206,72,68.7,3.3,1,"Q: A hospital board is told, ""The 95% confidence interval for mean weekly nurse overtime is 4.2 to 5.8 hours."" A trustee says, ""So 95% of our nurses work between 4.2 and 5.8 overtime hours."" Why is that wrong?  ||  A) The interval only applies if overtime hours are perfectly normally distributed across all staff  |  B) Confidence intervals describe medians rather than means  |  C) The trustee should have requested a 99% interval instead  |  D) The interval estimates the population mean, not individual nurses' hours [X]",13
793,S07-04,Confidence intervals,authored,Written to the LD 810 lecture slides,7,Confidence Intervals,7,,,exam1,lab2,,,,,,,4,2,The 99% interval will be wider,137,30,34.3,-4.3,1,Q: An analyst computes both a 95% and a 99% confidence interval for the same mean using the same sample. How will the two intervals compare?  ||  A) They will be identical in width  |  B) The 99% interval will be wider [X]  |  C) The 99% interval will be narrower  |  D) The 99% interval will be shifted higher,8
794,S07-05,Confidence intervals,authored,Written to the LD 810 lecture slides,7,Confidence Intervals,7,,,exam1,lab2,,,,,,,4,2,About 5 percentage points,166,25,26.0,-1.0,1,"Q: A city polls a random sample of 400 residents about a school levy, and 50% say yes. Using the usual 95% rule, roughly what is the margin of error for that percentage?  ||  A) About 2 percentage points  |  B) About 5 percentage points [X]  |  C) About 10 percentage points  |  D) About 0.5 percentage points",7
795,S07-06,Confidence intervals,authored,Written to the LD 810 lecture slides,7,Confidence Intervals,7,,,exam1,lab2,,,,,,,4,3,"The true mean is fixed; the 95% describes the procedure, not this interval",189,74,63.3,10.7,1,"Q: A nonprofit's evaluator writes, ""There is a 95% probability that the true mean donation lies between $88 and $104."" A statistician objects. What is the technical problem with that sentence?  ||  A) The dollar range is too narrow for a donation study  |  B) Probability statements require a 99% confidence level  |  C) The true mean is fixed; the 95% describes the procedure, not this interval [X]  |  D) Donations are usually skewed, so no confidence interval can legitimately be built here",12
796,S07-07,Inference,authored,Written to the LD 810 lecture slides,7,Confidence Intervals,7,,,exam1,lab2,,,,,,,4,1,The data do not clearly establish a difference between the clinics,179,66,49.7,16.3,1,"Q: Two clinics report mean patient wait times with 95% intervals: Clinic A 18 to 26 minutes, Clinic B 24 to 33 minutes. The intervals overlap. What is the most defensible conclusion?  ||  A) The data do not clearly establish a difference between the clinics [X]  |  B) The clinics definitely have equal mean wait times  |  C) Clinic B is definitely slower because its numbers are higher  |  D) Overlap proves neither sample was random",12
797,S07-08,Confidence intervals,authored,Written to the LD 810 lecture slides,7,Confidence Intervals,7,,,exam1,lab2,,,,,,,4,3,The width honestly reports how little precision a small sample gives,164,68,56.0,12.0,1,"Q: A small rural district reports a 95% interval for mean teacher retention of 61% to 89% and apologizes for the ""failed"" analysis. How should the width be understood?  ||  A) It shows the analysis was computed incorrectly and must be redone from scratch  |  B) It means the confidence level was set too high  |  C) The width honestly reports how little precision a small sample gives [X]  |  D) A wide interval is a sign of a biased sample",12
798,S07-09,Confidence intervals,authored,Written to the LD 810 lecture slides,7,Confidence Intervals,7,,,exam1,lab2,,,,,,,4,1,14.3 is the point estimate; 12.2 to 16.4 is the interval estimate,167,65,60.7,4.3,1,"Q: A foundation officer reports that average grantee staff size is 14.3 employees, plus or minus 2.1. Which part is the point estimate and which is the interval estimate?  ||  A) 14.3 is the point estimate; 12.2 to 16.4 is the interval estimate [X]  |  B) 2.1 is the point estimate, and 14.3 is the width of the interval estimate  |  C) Both numbers together form a single point estimate  |  D) 14.3 is the interval estimate and 2.1 is the point estimate",6
799,S07-10,What statistics cannot do,authored,Written to the LD 810 lecture slides,7,Confidence Intervals,7,,,exam1,lab2,,,,,,,4,2,The interval assumes a random sample; it cannot fix self-selection,190,66,50.0,16.0,1,Q: A wellness program emails a survey to all employees; only the 60 most enthusiastic participants respond. The analyst builds a 95% confidence interval from those 60. What is the core problem?  ||  A) Sixty cases is too few to use the normal curve  |  B) The interval assumes a random sample; it cannot fix self-selection [X]  |  C) The analyst should have used a 99% level instead of 95%  |  D) Standard error cannot be computed for survey data,9
800,S07-11,Sampling and standard error,authored,Written to the LD 810 lecture slides,7,Confidence Intervals,7,,,exam1,lab2,,,,,,,4,2,"Precision improves with the square root of n, so error drops about 30%, not 50%",150,79,55.7,23.3,1,"Q: A superintendent asks why doubling a survey sample from 500 to 1,000 does not cut the margin of error in half. What is the best plain-language answer?  ||  A) Margin of error depends on population size, not sample size  |  B) Precision improves with the square root of n, so error drops about 30%, not 50% [X]  |  C) Margin of error changes only when the standard deviation changes  |  D) Doubling a sample has no effect on precision",8
801,S07-12,Confidence intervals,authored,Written to the LD 810 lecture slides,7,Confidence Intervals,7,,,exam1,lab2,,,,,,,4,4,"A range, roughly 43% to 49%, that plausibly holds true support",138,62,65.7,-3.7,1,"Q: A news story says a candidate has 46% support with a margin of error of plus or minus 3 percentage points. What does that margin describe?  ||  A) The share of respondents who refused to answer the question  |  B) The percentage of voters who are expected to change their minds before the election  |  C) The amount by which the pollster adjusted the raw model  |  D) A range, roughly 43% to 49%, that plausibly holds true support [X]",8
802,S07-13,Confidence intervals,authored,Written to the LD 810 lecture slides,7,Confidence Intervals,7,,,exam1,lab2,,,,,,,4,4,48.0 to 52.0,158,12,12.0,0.0,1,"Q: A random sample of 100 nursing students has a mean clinical-skills score of 50 with a standard deviation of 10. Using the 95% rule, which interval is correct?  ||  A) 49.0 to 51.0  |  B) 40.0 to 60.0  |  C) 30.4 to 69.6  |  D) 48.0 to 52.0 [X]",11
803,S07-14,Confidence intervals,authored,Written to the LD 810 lecture slides,7,Confidence Intervals,7,,,exam1,lab2,,,,,,,4,2,$69.8 to $80.2,167,14,14.7,-0.7,1,"Q: A random sample of 100 clinic visits has a mean cost of $75 with a standard deviation of $20. Using a 99% level (critical value about 2.58), which interval is correct?  ||  A) $73.00 to $77.00  |  B) $69.8 to $80.2 [X]  |  C) $71.1 to $78.9  |  D) $55.0 to $95.0",15
804,S07-15,Confidence intervals,authored,Written to the LD 810 lecture slides,7,Confidence Intervals,7,,,exam1,lab2,,,,,,,4,3,It becomes about half as wide,164,29,35.0,-6.0,1,"Q: A nonprofit repeats its client survey with four times as many respondents, with everything else unchanged. What happens to the 95% confidence interval for the mean?  ||  A) It stays the same width  |  B) It becomes about four times narrower  |  C) It becomes about half as wide [X]  |  D) It becomes wider because more variation enters",14
805,S07-16,Confidence intervals,authored,Written to the LD 810 lecture slides,7,Confidence Intervals,7,,,exam1,lab2,,,,,,,4,1,District A's interval will be wider,174,35,55.3,-20.3,1,"Q: Two districts each survey 150 teachers about hours spent on paperwork. District A's responses are far more spread out than District B's. How will their 95% intervals compare?  ||  A) District A's interval will be wider [X]  |  B) District B's interval will be wider  |  C) The intervals will be the same width because the samples are the same size  |  D) Spread does not affect interval width, only the mean does",14
806,S07-17,Sampling and standard error,authored,Written to the LD 810 lecture slides,7,Confidence Intervals,7,,,exam1,lab2,,,,,,,4,3,The standard deviation describes individual cases; the standard error describes sample means,133,92,70.3,21.7,0,"Q: A program director confuses the standard deviation with the standard error in a report. Which statement correctly distinguishes them?  ||  A) They are the same quantity under two different names  |  B) The standard error is always larger than the standard deviation  |  C) The standard deviation describes individual cases; the standard error describes sample means [X]  |  D) The standard deviation shrinks as the sample size grows, while the standard error stays constant",13
807,S07-18,Sampling and standard error,authored,Written to the LD 810 lecture slides,7,Confidence Intervals,7,,,exam1,lab2,,,,,,,4,4,A sampling distribution of the mean,198,35,34.7,0.3,1,"Q: In a training exercise, 500 different random samples of 40 patients each are drawn and a mean blood-pressure reading is computed for each sample. The 500 means are then graphed. What has been built?  ||  A) A distribution of the raw patient scores  |  B) A frequency table of the population  |  C) A cumulative percentage curve  |  D) A sampling distribution of the mean [X]",34
808,S07-19,Confidence intervals,authored,Written to the LD 810 lecture slides,7,Confidence Intervals,7,,,exam1,lab2,,,,,,,4,1,About 95% of intervals built this way would contain the true mean,111,65,63.0,2.0,1,"Q: Which sentence correctly states what ""95% confidence"" means for a reported interval on mean student attendance?  ||  A) About 95% of intervals built this way would contain the true mean [X]  |  B) Exactly 95% of students have attendance values inside the reported interval  |  C) There is a 95% chance the sample mean falls outside it  |  D) The result is correct 95% of the time regardless of sampling",15
809,S07-20,Inference,authored,Written to the LD 810 lecture slides,7,Confidence Intervals,7,,,exam1,lab2,,,,,,,4,2,Reasonable evidence that the two regional means genuinely differ,176,64,53.3,10.7,1,"Q: A state report gives 95% intervals for mean per-pupil spending: Region A $9,100 to $9,600 and Region B $10,200 to $10,800. The intervals do not overlap. What does that support?  ||  A) Proof that Region B spends more money on classroom instruction specifically  |  B) Reasonable evidence that the two regional means genuinely differ [X]  |  C) Proof that the samples were the same size  |  D) Evidence that Region A's data are inaccurate",12
810,S07-21,Confidence intervals,authored,Written to the LD 810 lecture slides,7,Confidence Intervals,7,,,exam1,lab2,,,,,,,4,2,It says how often such intervals capture the true value,145,55,49.0,6.0,1,"Q: A pollster reports ""margin of error plus or minus 3.5 points at the 95% confidence level."" What does adding the confidence level tell the reader?  ||  A) It reports the share of respondents who were undecided or refused  |  B) It says how often such intervals capture the true value [X]  |  C) It guarantees that the poll is unbiased  |  D) It reports the poll's overall response rate",31
811,S07-22,Confidence intervals,authored,Written to the LD 810 lecture slides,7,Confidence Intervals,7,,,exam1,lab2,,,,,,,4,1,About 56% to 64%,159,16,16.0,0.0,1,"Q: A health department surveys 600 randomly chosen adults; 60% report having a primary care provider. Using the 95% rule, which interval best reports that result?  ||  A) About 56% to 64% [X]  |  B) About 59% to 61%  |  C) About 50% to 70%  |  D) About 58% to 62%",16
812,S07-23,Inference,authored,Written to the LD 810 lecture slides,7,Confidence Intervals,7,,,exam1,lab2,,,,,,,4,4,The data cannot rule out meeting or missing the target,161,54,46.0,8.0,1,Q: A board sets a target of 30 minutes for average call-center wait time. The 95% interval from a random audit is 22 to 34 minutes. What is the appropriate reading?  ||  A) The center has clearly failed the target and needs corrective action  |  B) The center has clearly met the target  |  C) The average is exactly 28 minutes  |  D) The data cannot rule out meeting or missing the target [X],24
813,S07-24,Sampling and standard error,authored,Written to the LD 810 lecture slides,7,Confidence Intervals,7,,,exam1,lab2,,,,,,,4,3,Quadruple the sample,172,20,24.3,-4.3,1,"Q: A nonprofit's margin of error is currently plus or minus 6 points and leadership wants plus or minus 3. Holding everything else constant, what sample size change is needed?  ||  A) Add 3 more respondents  |  B) Double the sample  |  C) Quadruple the sample [X]  |  D) Reduce the confidence level to 50%",15
814,S07-25,Normal curve,authored,Written to the LD 810 lecture slides,7,Confidence Intervals,7,,,exam1,lab2,,,,,,,4,1,"With a large sample, the distribution of sample means is roughly normal",184,71,52.7,18.3,1,"Q: Clinic visit durations are strongly skewed, yet an analyst still uses the normal curve to build a confidence interval for the mean from 200 randomly chosen visits. What justifies this?  ||  A) With a large sample, the distribution of sample means is roughly normal [X]  |  B) Skewed data become normal when averaged, at any sample size  |  C) Confidence intervals assume nothing about distributions  |  D) The normal curve applies only to proportions",7
815,S07-26,Confidence intervals,authored,Written to the LD 810 lecture slides,7,Confidence Intervals,7,,,exam1,lab2,,,,,,,4,4,The interval communicates the real precision readers need to judge the finding,251,78,54.7,23.3,1,"Q: A small nonprofit surveys 18 randomly selected clients and gets a 95% interval of 2.1 to 4.7 on a 5-point satisfaction scale. The director wants to drop the interval from the annual report because it ""looks bad."" What is the strongest counterargument?  ||  A) Removing it would make the reported mean more accurate  |  B) Intervals belong in a report only when they are narrow  |  C) The interval can be recomputed at 99% so it looks better  |  D) The interval communicates the real precision readers need to judge the finding [X]",29
816,S07-27,Confidence intervals,authored,Written to the LD 810 lecture slides,7,Confidence Intervals,7,,,exam1,lab2,,,,,,,4,3,Higher confidence buys certainty at the cost of a wider interval,114,64,51.7,12.3,1,"Q: A researcher can report a 90%, 95%, or 99% interval from the same data. What is the tradeoff across these choices?  ||  A) Higher confidence gives more certainty and more precision  |  B) Lower confidence always produces a more accurate estimate  |  C) Higher confidence buys certainty at the cost of a wider interval [X]  |  D) The choice changes the sample mean itself",12
817,S07-28,What statistics cannot do,authored,Written to the LD 810 lecture slides,7,Confidence Intervals,7,,,exam1,lab2,,,,,,,4,2,Systematic bias from families who could never be reached,178,56,46.0,10.0,0,"Q: A district's satisfaction survey reaches only families with working email addresses, but the report includes a tight margin of error. What does the narrow margin fail to capture?  ||  A) The standard deviation of the responses that were actually received  |  B) Systematic bias from families who could never be reached [X]  |  C) The size of the sample that responded  |  D) The mean of the responses received",13
818,S07-29,Confidence intervals,authored,Written to the LD 810 lecture slides,7,Confidence Intervals,7,,,exam1,lab2,,,,,,,4,4,About 2 percentage points,140,25,25.3,-0.3,1,"Q: A statewide poll of 2,400 randomly selected residents finds 40% support a new bond. Using the 95% rule, roughly what is the margin of error?  ||  A) About 10 percentage points  |  B) About 6 percentage points  |  C) About 4 percentage points  |  D) About 2 percentage points [X]",26
819,S07-30,Confidence intervals,authored,Written to the LD 810 lecture slides,7,Confidence Intervals,7,,,exam1,lab2,,,,,,,4,3,"The interval estimates the average across schools, not one school",193,65,54.3,10.7,1,"Q: A 95% interval for mean daily absences across a random sample of schools is 12.4 to 15.6 students. A principal asks whether her own school will fall in that range. What is the correct response?  ||  A) Yes, since 95% of schools fall inside it  |  B) Yes, but only if her school happened to be one of those included in the sample  |  C) The interval estimates the average across schools, not one school [X]  |  D) No school's value can fall inside an interval",8
820,S07-31,Sampling and standard error,authored,Written to the LD 810 lecture slides,7,Confidence Intervals,7,,,exam1,lab2,,,,,,,4,2,"Large sample, small standard deviation",113,38,38.0,0.0,1,"Q: Four teams each estimate a mean using a random sample. Which combination will produce the narrowest 95% interval?  ||  A) Small sample, large standard deviation  |  B) Large sample, small standard deviation [X]  |  C) Small sample, small standard deviation  |  D) Large sample, large standard deviation",33
821,S07-32,Confidence intervals,authored,Written to the LD 810 lecture slides,7,Confidence Intervals,7,,,exam1,lab2,,,,,,,4,1,Roughly 64% to 72%,149,18,27.0,-9.0,1,"Q: A board report states: ""68% of participants completed the program (margin of error plus or minus 4 points)."" What range should trustees keep in mind?  ||  A) Roughly 64% to 72% [X]  |  B) Roughly 66% to 70%  |  C) Roughly 60% to 76%  |  D) Exactly 68%, since that is the measured value",9
822,S07-33,Inference,authored,Written to the LD 810 lecture slides,7,Confidence Intervals,7,,,exam1,lab2,,,,,,,4,3,"Too close to call, since the plausible ranges overlap",172,53,48.0,5.0,1,"Q: A pre-election poll shows Candidate A at 48% and Candidate B at 45%, with a margin of error of plus or minus 3.5 points on each. How should a news editor describe the race?  ||  A) Candidate A has clearly pulled ahead in the race  |  B) Candidate B is certain to lose  |  C) Too close to call, since the plausible ranges overlap [X]  |  D) The poll is invalid because the two reported numbers are different",12
823,S07-34,Confidence intervals,authored,Written to the LD 810 lecture slides,7,Confidence Intervals,7,,,exam1,lab2,,,,,,,4,2,"No, higher confidence requires casting a wider net",147,50,51.7,-1.7,1,"Q: An analyst recomputes an interval at the 99% level and it gets wider. A supervisor asks whether something went wrong. What is the correct response?  ||  A) Yes, higher confidence should tighten the estimate  |  B) No, higher confidence requires casting a wider net [X]  |  C) Yes, the sample size was probably entered wrong  |  D) No, but only because the standard deviation also increased",15
824,S07-35,Sampling and standard error,authored,Written to the LD 810 lecture slides,7,Confidence Intervals,7,,,exam1,lab2,,,,,,,4,1,The standard deviation stays about the same; the standard error shrinks,175,71,44.0,27.0,1,"Q: A researcher increases a random sample from 100 to 400 patients, drawn from the same population. What should happen to the sample standard deviation and to the standard error?  ||  A) The standard deviation stays about the same; the standard error shrinks [X]  |  B) Both should get smaller by half  |  C) The standard deviation should shrink; the standard error stays fixed  |  D) Both should stay exactly the same",15
825,S07-36,Sampling and standard error,authored,Written to the LD 810 lecture slides,7,Confidence Intervals,7,,,exam1,lab2,,,,,,,4,4,It falls from 3 to 1.5,179,22,19.3,2.7,1,Q: Scores on a leadership inventory have a standard deviation of 15. An evaluator expands a random sample from 25 to 100 participants. What happens to the standard error of the mean?  ||  A) It stays at 3  |  B) It falls from 3 to 0.75  |  C) It rises from 1.5 to 3  |  D) It falls from 3 to 1.5 [X],11
826,S07-37,What statistics cannot do,authored,Written to the LD 810 lecture slides,7,Confidence Intervals,7,,,exam1,lab2,,,,,,,4,2,"Nothing; intervals capture sampling error, not measurement bias",190,63,50.3,12.7,1,"Q: A hospital's pain-rating instrument is known to read consistently two points too low. The team reports a tight 95% interval for the mean rating. What does the interval do about that problem?  ||  A) It corrects for the instrument's bias automatically  |  B) Nothing; intervals capture sampling error, not measurement bias [X]  |  C) It widens automatically when instruments are biased  |  D) It converts the biased scores to a standard scale",10
827,S07-38,Confidence intervals,authored,Written to the LD 810 lecture slides,7,Confidence Intervals,7,,,exam1,lab2,,,,,,,4,3,Values from 3.2 to 4.6 are plausible for the population mean,133,60,61.0,-1.0,1,Q: A doctoral student must choose one sentence to interpret a 95% interval of 3.2 to 4.6 for mean staff engagement. Which is defensible?  ||  A) Ninety-five percent of staff scored between 3.2 and 4.6  |  B) The probability that this specific interval holds the true mean is exactly 0.95  |  C) Values from 3.2 to 4.6 are plausible for the population mean [X]  |  D) The true population mean is 3.9 with 95% accuracy,14
828,S07-39,Confidence intervals,authored,Written to the LD 810 lecture slides,7,Confidence Intervals,7,,,exam1,lab2,,,,,,,4,4,The range of plausible values lets the committee plan for uncertainty,165,69,51.7,17.3,0,Q: A finance committee is deciding a staffing budget from survey-based caseload estimates. Why is an interval estimate more useful to them than a single point estimate?  ||  A) Interval estimates are always closer to the true value  |  B) Point estimates cannot be computed from samples  |  C) Interval estimates remove the need for random sampling  |  D) The range of plausible values lets the committee plan for uncertainty [X],9
829,S07-40,Inference,authored,Written to the LD 810 lecture slides,7,Confidence Intervals,7,,,exam1,lab2,,,,,,,4,1,Slight overlap does not prove the two programs are equivalent,141,61,51.0,10.0,1,Q: Two programs' 95% intervals for mean gain scores overlap slightly. A director concludes the programs are equally effective. What is the flaw?  ||  A) Slight overlap does not prove the two programs are equivalent [X]  |  B) Overlapping intervals always indicate a large difference between groups  |  C) Overlap means one sample was too large  |  D) Intervals cannot be compared across programs,7
830,S07-41,Population and sample,authored,Written to the LD 810 lecture slides,7,Confidence Intervals,7,,,exam1,lab2,,,,,,,4,1,No interval is needed; the population mean is known exactly,143,59,55.7,3.3,0,"Q: A registrar computes the mean GPA using every single enrolled student's record, then asks for a confidence interval. What is the best response?  ||  A) No interval is needed; the population mean is known exactly [X]  |  B) Use a 99% interval since the group is large  |  C) Compute the interval using the population size as the sample size  |  D) Draw a random sample first and report that interval instead",5
831,S07-42,Confidence intervals,authored,Written to the LD 810 lecture slides,7,Confidence Intervals,7,,,exam1,lab2,,,,,,,4,2,The result is consistent with meeting the standard,138,50,52.3,-2.3,1,"Q: A clinic's 95% interval for mean minutes to triage is 8.5 to 11.5, and the published standard is 10 minutes. What can leadership conclude?  ||  A) The clinic definitely beats the published standard  |  B) The result is consistent with meeting the standard [X]  |  C) The clinic definitely violates the standard  |  D) The interval must be recomputed because it contains the standard",18
832,S07-43,Confidence intervals,authored,Written to the LD 810 lecture slides,7,Confidence Intervals,7,,,exam1,lab2,,,,,,,4,4,A larger sample and less variability in the measure,118,51,39.3,11.7,0,Q: A grant reviewer asks what makes one applicant's confidence interval narrower than another's. Which answer is correct?  ||  A) A higher confidence level  |  B) A larger population living in the organization's service area  |  C) A smaller number of survey items  |  D) A larger sample and less variability in the measure [X],9
833,S07-44,Confidence intervals,authored,Written to the LD 810 lecture slides,7,Confidence Intervals,7,,,exam1,lab2,,,,,,,4,3,36.1 to 43.9,153,12,12.0,0.0,1,"Q: A random sample of 36 case managers reports a mean caseload of 40 clients with a standard deviation of 12. Using the 95% rule, which interval is correct?  ||  A) 38.0 to 42.0  |  B) 28.0 to 52.0  |  C) 36.1 to 43.9 [X]  |  D) 39.7 to 40.3",14
834,S07-45,Sampling and standard error,authored,Written to the LD 810 lecture slides,7,Confidence Intervals,7,,,exam1,lab2,,,,,,,4,4,1,146,1,1.0,0.0,1,Q: A workforce study draws a random sample of 64 employees; hours of training have a standard deviation of 8. What is the standard error of the mean?  ||  A) 8  |  B) 4  |  C) 2  |  D) 1 [X],8
835,S07-46,Sampling and standard error,authored,Written to the LD 810 lecture slides,7,Confidence Intervals,7,,,exam1,lab2,,,,,,,4,2,"Margin of error depends mainly on sample size, not population size",185,66,54.0,12.0,1,"Q: A trustee asks how a national poll of 1,000 adults can have the same margin of error as a state poll of 1,000 adults when the national population is far larger. What is the best answer?  ||  A) The national poll actually has a larger margin of error  |  B) Margin of error depends mainly on sample size, not population size [X]  |  C) The two polls must have used different confidence levels  |  D) National polls rely on a different formula entirely",10
836,S07-47,Confidence intervals,authored,Written to the LD 810 lecture slides,7,Confidence Intervals,7,,,exam1,lab2,,,,,,,4,2,About 95 will contain the true value; about 5 will miss,139,55,45.0,10.0,1,Q: An agency builds 95% intervals for 100 different program measures using proper random samples. What should it expect about those intervals?  ||  A) All 100 intervals will contain their true population values  |  B) About 95 will contain the true value; about 5 will miss [X]  |  C) About 5 will be computed incorrectly  |  D) Roughly half will contain the true value,14
837,S07-48,Confidence intervals,authored,Written to the LD 810 lecture slides,7,Confidence Intervals,7,,,exam1,lab2,,,,,,,4,2,"We estimate satisfaction near 72%, plausibly 68% to 76%",139,55,51.3,3.7,0,"Q: A communications officer must summarize a survey finding for a lay board. Which sentence conveys the uncertainty best without overclaiming?  ||  A) Satisfaction is 72%, and that number is final  |  B) We estimate satisfaction near 72%, plausibly 68% to 76% [X]  |  C) Satisfaction is between 68% and 76% for 95% of our clients  |  D) Satisfaction is 72%, give or take an unknown amount",12
838,S07-49,Confidence intervals,authored,Written to the LD 810 lecture slides,7,Confidence Intervals,7,,,exam1,lab2,,,,,,,4,3,"It lowers the chance the range misses the true value, but widens it",171,67,41.3,25.7,1,"Q: A hospital is deciding whether to change a medication protocol, where an error would be costly. Compared with a 95% interval, what does choosing a 99% interval accomplish?  ||  A) It guarantees the decision will be correct  |  B) It shrinks the range of plausible values  |  C) It lowers the chance the range misses the true value, but widens it [X]  |  D) It increases the sample size automatically",10
839,S07-50,Confidence intervals,authored,Written to the LD 810 lecture slides,7,Confidence Intervals,7,,,exam1,lab2,,,,,,,4,1,The size of the population studied,118,34,26.3,7.7,0,Q: Which factor has essentially no effect on the width of a confidence interval for a mean drawn from a large population?  ||  A) The size of the population studied [X]  |  B) The sample size  |  C) The standard deviation of the measure  |  D) The confidence level chosen,32
840,S08-01,Hypothesis testing,authored,Written to the LD 810 lecture slides,8,Hypothesis Testing and Sampling Error,8,,,exam2,lab3,,,,,,,4,2,Advisory attendance equals prior-cohort attendance,176,50,80.0,-30.0,0,Q: A district pilots a new advisory program and wants to know whether ninth-grade attendance differs from the prior cohort. Which statement is the null hypothesis stated in words?  ||  A) Advisory students will show better attendance than the prior ninth-grade cohort did  |  B) Advisory attendance equals prior-cohort attendance [X]  |  C) Advisory improves attendance for most of the students who were enrolled in it  |  D) Any attendance difference here is too small to be worth the district's attention,12
841,S08-02,Hypothesis testing,authored,Written to the LD 810 lecture slides,8,Hypothesis Testing and Sampling Error,8,,,exam2,lab3,,,,,,,4,3,"Non-directional, predicting only that readmission rates differ",162,62,67.7,-5.7,1,"Q: A hospital tests whether a new discharge checklist changes 30-day readmission rates. Staff have no theory about direction. What should the research hypothesis be?  ||  A) Directional, predicting lower readmissions, because that is the hoped-for result  |  B) Directional, predicting higher readmissions, to be conservative  |  C) Non-directional, predicting only that readmission rates differ [X]  |  D) Non-directional, predicting that readmission rates are equal",11
842,S08-03,Inference,authored,Written to the LD 810 lecture slides,8,Hypothesis Testing and Sampling Error,8,,,exam2,lab3,,,,,,,4,3,A difference this large would be rare if the null were true,132,59,81.7,-22.7,1,Q: A nonprofit reports p = .03 for a difference in job-placement rates between two program sites. What does that p-value actually mean?  ||  A) There is only a 3 percent chance that the null hypothesis of no difference is true  |  B) There is a 97 percent chance the program itself caused the site-to-site difference  |  C) A difference this large would be rare if the null were true [X]  |  D) The difference is large enough to change how the nonprofit should run the program,8
843,S08-04,Inference,authored,Written to the LD 810 lecture slides,8,Hypothesis Testing and Sampling Error,8,,,exam2,lab3,,,,,,,4,4,"The p-value already assumes the null is true, so it cannot be that probability",115,78,78.7,-0.7,1,"Q: A dean says, 'Our p of .04 means there is only a 4 percent chance the result was due to chance.' Why is this wrong?  ||  A) It gives the odds against chance only when the sample was drawn at random from a list  |  B) Chance probabilities can never be estimated from the data of one single study  |  C) The p-value should have been doubled first because the test was two-tailed  |  D) The p-value already assumes the null is true, so it cannot be that probability [X]",7
844,S08-05,Hypothesis testing,authored,Written to the LD 810 lecture slides,8,Hypothesis Testing and Sampling Error,8,,,exam2,lab3,,,,,,,4,2,"The accepted risk of a Type I error, fixed in advance",112,53,76.7,-23.7,1,"Q: A public health team sets alpha at .05 before collecting data on a vaccination outreach campaign. What is alpha?  ||  A) The probability that the outreach campaign had no effect on vaccination rates  |  B) The accepted risk of a Type I error, fixed in advance [X]  |  C) The size of the difference in vaccination rates the team considers meaningful  |  D) The proportion of the sampled population expected to respond to the outreach",4
845,S08-06,Hypothesis testing,authored,Written to the LD 810 lecture slides,8,Hypothesis Testing and Sampling Error,8,,,exam2,lab3,,,,,,,4,3,Type I error; the network scaled a program that does not work,130,61,74.7,-13.7,0,Q: A charter network scales a tutoring model after a study rejected a true null hypothesis. What error occurred and what did it cost?  ||  A) Type II error; a program that actually works was abandoned by the network  |  B) Sampling error; the network drew its comparison sample in the wrong way  |  C) Type I error; the network scaled a program that does not work [X]  |  D) Measurement error; the outcome test used was not reliable enough to detect gains,5
846,S08-07,Hypothesis testing,authored,Written to the LD 810 lecture slides,8,Hypothesis Testing and Sampling Error,8,,,exam2,lab3,,,,,,,4,2,"A Type II error, because a real effect was missed",141,49,50.0,-1.0,1,"Q: A clinic's small pilot of a nurse-navigator program finds p = .21 and the program is cancelled. The program does in fact help. What happened?  ||  A) A Type I error, because the null was rejected wrongly  |  B) A Type II error, because a real effect was missed [X]  |  C) A power gain, because the sample was efficient  |  D) A p-hacking problem, because too few tests were run",6
847,S08-08,Sampling and standard error,authored,Written to the LD 810 lecture slides,8,Hypothesis Testing and Sampling Error,8,,,exam2,lab3,,,,,,,4,2,Ordinary sampling error,143,23,70.0,-47.0,0,Q: Two randomly drawn samples of teachers from the same district report slightly different mean satisfaction scores. What is the best explanation?  ||  A) One of the two samples of teachers must have been drawn incorrectly  |  B) Ordinary sampling error [X]  |  C) The satisfaction survey instrument is not reliable enough for repeated use  |  D) The district teaching population changed between the two sample draws,8
848,S08-09,Population and sample,authored,Written to the LD 810 lecture slides,8,Hypothesis Testing and Sampling Error,8,,,exam2,lab3,,,,,,,4,4,"Description of those respondents only, with generalization not supported",120,72,57.0,15.0,0,"Q: A researcher surveys students who happen to be in the student union at lunch. What does this convenience sample license?  ||  A) Generalization to all enrolled students, since the union is central  |  B) Causal claims, because the setting was natural  |  C) Inference to the population as long as the sample is large  |  D) Description of those respondents only, with generalization not supported [X]",7
849,S08-10,Sampling and standard error,authored,Written to the LD 810 lecture slides,8,Hypothesis Testing and Sampling Error,8,,,exam2,lab3,,,,,,,4,1,Random selection from the full licensure roster,128,47,50.3,-3.3,0,Q: A state agency wants results that generalize to all licensed home health aides. Which sampling approach best supports that goal?  ||  A) Random selection from the full licensure roster [X]  |  B) Recruiting volunteers through an agency newsletter  |  C) Surveying aides at a voluntary training conference  |  D) Asking supervisors to nominate representative aides,9
850,S08-11,Effect size,authored,Written to the LD 810 lecture slides,8,Hypothesis Testing and Sampling Error,8,,,exam2,lab3,,,,,,,4,2,The result is statistically significant but likely trivial in practice,126,70,49.3,20.7,1,"Q: With 40,000 student records, a district finds a 0.4-point difference on a 100-point test, p < .001. What is the right reading?  ||  A) The difference is both statistically and practically important  |  B) The result is statistically significant but likely trivial in practice [X]  |  C) The p-value proves the difference is large  |  D) The huge sample makes the p-value unreliable",10
851,S08-12,Effect size,authored,Written to the LD 810 lecture slides,8,Hypothesis Testing and Sampling Error,8,,,exam2,lab3,,,,,,,4,3,"An effect size such as Cohen's d, plus the raw gain",122,51,74.0,-23.0,0,"Q: A grant reviewer asks how big the reading gain was, not just whether it was significant. What should the evaluator report?  ||  A) The exact p-value carried out to several more decimal places than reported  |  B) The alpha level the evaluation team decided on before collecting any data  |  C) An effect size such as Cohen's d, plus the raw gain [X]  |  D) The total number of statistical tests performed across all program outcomes",8
852,S08-13,Hypothesis testing,authored,Written to the LD 810 lecture slides,8,Hypothesis Testing and Sampling Error,8,,,exam2,lab3,,,,,,,4,4,Fail to reject the null,95,23,73.0,-50.0,1,Q: A study of a wellness program yields p = .18 with alpha at .05. What is the correct conclusion?  ||  A) Accept the null and report that the wellness program simply has no effect  |  B) Conclude that the program has now been proven ineffective for these employees  |  C) Reject the null by moving to a more forgiving alpha level such as .10  |  D) Fail to reject the null [X],4
853,S08-14,What statistics cannot do,authored,Written to the LD 810 lecture slides,8,Hypothesis Testing and Sampling Error,8,,,exam2,lab3,,,,,,,4,3,"No, absence of evidence is not evidence of absence",124,50,75.7,-25.7,0,"Q: A board member asks whether a nonsignificant result proves a mentoring program does nothing. How should the analyst respond?  ||  A) Yes, a nonsignificant result is direct evidence that the program does nothing  |  B) Yes, as long as alpha was properly set at .05 before the data were collected  |  C) No, absence of evidence is not evidence of absence [X]  |  D) No, because p-values can only be interpreted in studies with large samples",6
854,S08-15,Research methods,authored,Written to the LD 810 lecture slides,8,Hypothesis Testing and Sampling Error,8,,,exam2,lab3,,,,,,,4,4,Some results will be significant by chance,113,42,74.0,-32.0,1,Q: An evaluator runs 20 subgroup comparisons on one dataset and reports the two with p < .05. Why is this a problem?  ||  A) Subgroups in program data are always too small to support a significance test  |  B) Alpha has to be raised as the number of comparisons in a study increases  |  C) Effect sizes cannot be computed for subgroups drawn from a single dataset  |  D) Some results will be significant by chance [X],8
855,S08-16,Hypothesis testing,authored,Written to the LD 810 lecture slides,8,Hypothesis Testing and Sampling Error,8,,,exam2,lab3,,,,,,,4,2,The direction was predicted in advance on solid grounds,144,55,77.3,-22.3,0,"Q: A hospital has strong prior evidence and a clear stake only in whether infection rates go down, never up. What justifies a one-tailed test here?  ||  A) A one-tailed test will always return the smaller of the two possible p-values  |  B) The direction was predicted in advance on solid grounds [X]  |  C) The sample of patient records is too small to support a two-tailed comparison  |  D) Two-tailed tests can only be used when cases were randomly sampled from a list",5
856,S08-17,Hypothesis testing,authored,Written to the LD 810 lecture slides,8,Hypothesis Testing and Sampling Error,8,,,exam2,lab3,,,,,,,4,2,The direction must be set before seeing data,130,44,78.0,-34.0,1,"Q: A researcher runs a two-tailed test, sees the result fall just short, then switches to one-tailed to get under .05. What is wrong?  ||  A) Nothing is wrong; one-tailed tests are simply more powerful than two-tailed ones  |  B) The direction must be set before seeing data [X]  |  C) One-tailed tests are never appropriate in any education or health research study  |  D) The alpha level should have been lowered to .01 before the switch was made",7
857,S08-18,Inference,authored,Written to the LD 810 lecture slides,8,Hypothesis Testing and Sampling Error,8,,,exam2,lab3,,,,,,,4,1,"A small p-value says the data are surprising under the null, not that the effect matters",101,88,84.0,4.0,1,"Q: A superintendent reads p = .002 and concludes the intervention is highly important. What is the flaw?  ||  A) A small p-value says the data are surprising under the null, not that the effect matters [X]  |  B) P-values below .01 usually indicate a computational error somewhere in the analysis  |  C) Importance can only be established by running a properly justified one-tailed test  |  D) P-values cannot be interpreted at all without first conducting a full population census",4
858,S08-19,Hypothesis testing,authored,Written to the LD 810 lecture slides,8,Hypothesis Testing and Sampling Error,8,,,exam2,lab3,,,,,,,4,3,"Lower alpha to .01, accepting more missed effects",108,49,78.0,-29.0,0,"Q: A foundation wants to reduce the chance of funding a program that does not work. What should it do to alpha?  ||  A) Raise alpha to .10 so that more promising programs clear the bar for funding  |  B) Leave alpha unspecified until the evaluation results have actually come back in  |  C) Lower alpha to .01, accepting more missed effects [X]  |  D) Replace the fixed alpha with whatever p-value the evaluation happens to produce",8
859,S08-20,Inference,authored,Written to the LD 810 lecture slides,8,Hypothesis Testing and Sampling Error,8,,,exam2,lab3,,,,,,,4,4,Low statistical power from a small sample,152,41,28.3,12.7,1,Q: A pilot of a care-coordination model has 18 patients and shows a moderate but nonsignificant improvement. What most likely explains the nonsignificance?  ||  A) The effect size is zero  |  B) The outcome measure was two-tailed  |  C) Alpha was set too low at .05  |  D) Low statistical power from a small sample [X],5
860,S08-21,Hypothesis testing,authored,Written to the LD 810 lecture slides,8,Hypothesis Testing and Sampling Error,8,,,exam2,lab3,,,,,,,4,1,Increase the sample size,89,24,34.7,-10.7,0,Q: A team wants to increase the power of an upcoming evaluation. Which change would do that?  ||  A) Increase the sample size [X]  |  B) Lower alpha from .05 to .01  |  C) Use a less reliable outcome measure  |  D) Add more outcome variables to the analysis,24
861,S08-22,Sampling and standard error,authored,Written to the LD 810 lecture slides,8,Hypothesis Testing and Sampling Error,8,,,exam2,lab3,,,,,,,4,4,"It gets smaller, so estimates are more precise",107,46,26.0,20.0,1,"Q: A survey of parents increases its sample from 400 to 1,600. What happens to the standard error of the mean?  ||  A) It doubles  |  B) It stays the same because the population is unchanged  |  C) It becomes zero  |  D) It gets smaller, so estimates are more precise [X]",8
862,S08-23,Population and sample,authored,Written to the LD 810 lecture slides,8,Hypothesis Testing and Sampling Error,8,,,exam2,lab3,,,,,,,4,4,"Little, since the whole population was measured",92,47,76.7,-29.7,1,"Q: A nonprofit surveys all 62 of its current staff, not a sample. What does a p-value add here?  ||  A) It confirms that the findings can be generalized to nonprofit staff nationally  |  B) It converts the descriptive results into statements about cause and effect  |  C) It corrects the estimates for the small number of staff members on the payroll  |  D) Little, since the whole population was measured [X]",9
863,S08-24,Hypothesis testing,authored,Written to the LD 810 lecture slides,8,Hypothesis Testing and Sampling Error,8,,,exam2,lab3,,,,,,,4,3,Mean time-to-degree differs between the two models,94,50,78.3,-28.3,0,Q: Which is a properly stated alternative hypothesis in words for a study of two advising models?  ||  A) Students advised under the new model will turn out to be happier people overall  |  B) The new advising model is worth what the institution is spending to run it  |  C) Mean time-to-degree differs between the two models [X]  |  D) The sample of advised students is representative of all students at the university,6
864,S08-25,What statistics cannot do,authored,Written to the LD 810 lecture slides,8,Hypothesis Testing and Sampling Error,8,,,exam2,lab3,,,,,,,4,3,Attending after-school programming causes grades to rise,135,56,52.7,3.3,0,Q: An analyst finds a significant association between after-school attendance and grades in observational data. What claim is unsupported?  ||  A) Attendance and grades are related in this sample  |  B) The association is unlikely under the null of no relationship  |  C) Attending after-school programming causes grades to rise [X]  |  D) Further study with random assignment is warranted,8
865,S08-26,Inference,authored,Written to the LD 810 lecture slides,8,Hypothesis Testing and Sampling Error,8,,,exam2,lab3,,,,,,,4,4,The same p-value can come from a big effect in a small sample or the reverse,100,76,74.3,1.7,1,"Q: Two evaluators both report p = .04 but one studied 30 clients and the other 3,000. What can be said?  ||  A) The two studies must be reporting effects of roughly the same practical size  |  B) The larger of the two studies is the one with the bigger underlying effect  |  C) The smaller study has probably violated the assumption of random sampling  |  D) The same p-value can come from a big effect in a small sample or the reverse [X]",7
866,S08-27,Hypothesis testing,authored,Written to the LD 810 lecture slides,8,Hypothesis Testing and Sampling Error,8,,,exam2,lab3,,,,,,,4,2,That any observed difference is just sampling variation,113,55,75.3,-20.3,1,Q: A researcher writes: 'H0: the mean burnout score of clinic nurses equals the hospital mean.' What does H0 assert?  ||  A) That the study is unlikely to find anything interesting about clinic nurses  |  B) That any observed difference is just sampling variation [X]  |  C) That burnout among clinic nurses is not an important thing to be measuring  |  D) That the sample of clinic nurses was drawn at random from the hospital roster,9
867,S08-28,Research methods,authored,Written to the LD 810 lecture slides,8,Hypothesis Testing and Sampling Error,8,,,exam2,lab3,,,,,,,4,1,Specify one or two primary outcomes in advance and adjust for the rest,103,70,47.3,22.7,1,Q: A state office plans 15 outcome tests on one program. What is the most defensible step before analysis?  ||  A) Specify one or two primary outcomes in advance and adjust for the rest [X]  |  B) Report only the outcomes that reach p < .05  |  C) Raise alpha to .10 so more tests can pass  |  D) Combine all outcomes into one p-value after seeing results,4
868,S08-29,Effect size,authored,Written to the LD 810 lecture slides,8,Hypothesis Testing and Sampling Error,8,,,exam2,lab3,,,,,,,4,3,Whether the gain justifies the cost,181,35,79.0,-44.0,1,Q: A district reports a statistically significant 2-percentage-point rise in graduation rate for a program costing $1.4 million a year. What question does practical significance raise?  ||  A) Whether the significance test behind the result was one-tailed or two-tailed  |  B) Whether the alpha level for the evaluation should have been set at .01 instead  |  C) Whether the gain justifies the cost [X]  |  D) Whether graduation outcomes in the district are normally distributed across schools,7
869,S08-30,Hypothesis testing,authored,Written to the LD 810 lecture slides,8,Hypothesis Testing and Sampling Error,8,,,exam2,lab3,,,,,,,4,1,It accepts more Type I error risk to reduce Type II error risk,116,62,52.3,9.7,0,Q: A safety board would rather wrongly flag a risk than miss a real one. How does that preference map onto error types?  ||  A) It accepts more Type I error risk to reduce Type II error risk [X]  |  B) It accepts more Type II error risk to reduce Type I error risk  |  C) It eliminates both errors by raising the sample size  |  D) It removes the need to set alpha in advance,6
870,S08-31,Sampling and standard error,authored,Written to the LD 810 lecture slides,8,Hypothesis Testing and Sampling Error,8,,,exam2,lab3,,,,,,,4,4,Expected sampling variation around the estimate,114,47,36.0,11.0,1,Q: A polling firm reports a candidate at 52 percent with a margin of error of 3 points. What does the margin reflect?  ||  A) The interviewers' error rate  |  B) The bias introduced by question wording  |  C) The share of voters who refused to answer  |  D) Expected sampling variation around the estimate [X],12
871,S08-32,Population and sample,authored,Written to the LD 810 lecture slides,8,Hypothesis Testing and Sampling Error,8,,,exam2,lab3,,,,,,,4,3,Nonresponse bias,125,16,79.0,-63.0,1,"Q: A university emails a climate survey to all employees; 19 percent respond, mostly from one division. What is the main threat?  ||  A) Type I error arising from repeated significance testing on the same survey data  |  B) Insufficient statistical power to detect any real difference between divisions  |  C) Nonresponse bias [X]  |  D) Violation of the rule that alpha must be fixed before the survey is administered",20
872,S08-33,Inference,authored,Written to the LD 810 lecture slides,8,Hypothesis Testing and Sampling Error,8,,,exam2,lab3,,,,,,,4,1,"Alpha is a decision rule fixed in advance, and .06 does not meet it",95,67,79.7,-12.7,1,"Q: A report states, 'p = .06, so the result is trending toward significance.' What is the problem?  ||  A) Alpha is a decision rule fixed in advance, and .06 does not meet it [X]  |  B) P-values are not mathematically able to fall between the values of .05 and .10  |  C) The test should simply have been rerun using a larger and more forgiving alpha  |  D) Describing a trend requires measurements at a minimum of three separate time points",5
873,S08-34,Hypothesis testing,authored,Written to the LD 810 lecture slides,8,Hypothesis Testing and Sampling Error,8,,,exam2,lab3,,,,,,,4,4,"Two-tailed, because change in either direction matters",138,54,78.0,-24.0,0,"Q: A quality team tests whether a huddle protocol changes medication error counts and expects change could go either way. Which test and why?  ||  A) One-tailed, because everyone involved expects medication errors to go down  |  B) One-tailed, because that makes it easier to reach the .05 significance threshold  |  C) Two-tailed, because the number of medication records in the study is quite large  |  D) Two-tailed, because change in either direction matters [X]",11
874,S08-35,Research methods,authored,Written to the LD 810 lecture slides,8,Hypothesis Testing and Sampling Error,8,,,exam2,lab3,,,,,,,4,1,Random sampling supports generalizing; random assignment supports causal comparison,110,83,83.0,0.0,0,"Q: A program officer says random sampling and random assignment are the same thing. How should this be corrected?  ||  A) Random sampling supports generalizing; random assignment supports causal comparison [X]  |  B) Random sampling supports causal claims, while random assignment supports generalization  |  C) The two procedures become equivalent once the study sample is sufficiently large  |  D) Neither procedure is really needed as long as the reported p-value is small enough",7
875,S08-36,Hypothesis testing,authored,Written to the LD 810 lecture slides,8,Hypothesis Testing and Sampling Error,8,,,exam2,lab3,,,,,,,4,3,The chance of detecting a real effect of the assumed size,96,57,75.0,-18.0,1,Q: An evaluation is designed with 80 percent power at alpha .05. What does the 80 percent describe?  ||  A) The probability that the null hypothesis is false for this particular program  |  B) The proportion of outcome variance that the program is expected to explain  |  C) The chance of detecting a real effect of the assumed size [X]  |  D) The confidence that the evaluation sample represents the served population,4
876,S08-37,Effect size,authored,Written to the LD 810 lecture slides,8,Hypothesis Testing and Sampling Error,8,,,exam2,lab3,,,,,,,4,1,A reliably detected but small difference that may not justify a full rollout,107,76,51.7,24.3,1,"Q: A new curriculum shows d = 0.12, p = .04, in a study of 5,000 students. How should a leader summarize this?  ||  A) A reliably detected but small difference that may not justify a full rollout [X]  |  B) A large difference that clearly justifies replacing the curriculum  |  C) An unreliable result because d is below 0.20  |  D) An inconclusive result because p is above .01",5
877,S08-38,What statistics cannot do,authored,Written to the LD 810 lecture slides,8,Hypothesis Testing and Sampling Error,8,,,exam2,lab3,,,,,,,4,2,"No; the test weighs evidence, while worth depends on size, cost, and values",118,75,76.7,-1.7,0,"Q: A team asks whether a significance test can tell them if their program is worth continuing. What is the honest answer?  ||  A) Yes, if the p-value falls below .05 then the program is worth continuing to fund  |  B) No; the test weighs evidence, while worth depends on size, cost, and values [X]  |  C) Yes, as long as the evaluation was designed with at least 80 percent power  |  D) No, because significance tests can only be applied to randomized experiments",15
878,S08-39,Sampling and standard error,authored,Written to the LD 810 lecture slides,8,Hypothesis Testing and Sampling Error,8,,,exam2,lab3,,,,,,,4,3,A sampling distribution of the mean,108,35,74.0,-39.0,1,Q: A researcher repeatedly draws samples of 50 from a district and plots the sample means. What is being built?  ||  A) The distribution of scores for every student in the whole district population  |  B) A distribution of the individual student scores collected across the samples  |  C) A sampling distribution of the mean [X]  |  D) A distribution of p-values generated under the alternative hypothesis,3
879,S08-40,Hypothesis testing,authored,Written to the LD 810 lecture slides,8,Hypothesis Testing and Sampling Error,8,,,exam2,lab3,,,,,,,4,4,H0: no difference in follow-up completion; H1: a difference exists,85,66,71.0,-5.0,1,Q: Which statement correctly pairs H0 and H1 for a study of a telehealth follow-up call?  ||  A) H0: telehealth follow-up is better; H1: usual care follow-up is better  |  B) H0: the p-value is less than .05; H1: the p-value is greater than .05  |  C) H0: the patient sample is representative; H1: the patient sample is biased  |  D) H0: no difference in follow-up completion; H1: a difference exists [X],7
880,S08-41,Inference,authored,Written to the LD 810 lecture slides,8,Hypothesis Testing and Sampling Error,8,,,exam2,lab3,,,,,,,4,2,"P-values describe these data under the null, not future replication",107,67,77.7,-10.7,1,"Q: An analyst claims a p-value of .001 means the finding will replicate 999 times out of 1,000. What is wrong?  ||  A) Replication probabilities can only be computed from a properly one-tailed test  |  B) P-values describe these data under the null, not future replication [X]  |  C) The claim only holds for studies whose samples are larger than 1,000 people  |  D) Replication rates are given by the alpha level chosen, not by the p-value itself",20
881,S08-42,Research methods,authored,Written to the LD 810 lecture slides,8,Hypothesis Testing and Sampling Error,8,,,exam2,lab3,,,,,,,4,1,"The groups selected themselves, so differences may reflect who enrolled",117,71,77.7,-6.7,0,"Q: A study of a food-bank program compares volunteers who signed up with clients who did not. What limits the inference?  ||  A) The groups selected themselves, so differences may reflect who enrolled [X]  |  B) A p-value simply cannot be computed when the two groups are of unequal size  |  C) Effect sizes are only meaningful when the cases were randomly sampled from a list  |  D) Comparisons of nonrandom groups will always produce a Type I error in the end",4
882,S08-43,Hypothesis testing,authored,Written to the LD 810 lecture slides,8,Hypothesis Testing and Sampling Error,8,,,exam2,lab3,,,,,,,4,3,Alpha is set in advance; choosing it afterward guarantees the wanted answer,123,75,79.0,-4.0,0,"Q: A leadership team debates setting alpha after seeing the p-value so the study 'reaches significance.' Why is this improper?  ||  A) Alpha is fixed by convention at .05 and can never be altered by a research team  |  B) Alpha is only relevant when the significance test being conducted is two-tailed  |  C) Alpha is set in advance; choosing it afterward guarantees the wanted answer [X]  |  D) Alpha cannot be changed once data collection starts, though it may be set later",9
883,S08-44,Population and sample,authored,Written to the LD 810 lecture slides,8,Hypothesis Testing and Sampling Error,8,,,exam2,lab3,,,,,,,4,2,It is a sample from a larger conceptual population of graduates,115,63,76.7,-13.7,1,"Q: A nursing school studies its 120 graduates to say something about future graduates. What role does the sample play?  ||  A) It is the entire population of interest, so no statistical inference is needed  |  B) It is a sample from a larger conceptual population of graduates [X]  |  C) It is only a convenience sample and therefore cannot be analyzed statistically  |  D) It qualifies as a random sample simply because every graduate was included",6
884,S08-45,Sampling and standard error,authored,Written to the LD 810 lecture slides,8,Hypothesis Testing and Sampling Error,8,,,exam2,lab3,,,,,,,4,3,That the difference is unlikely under the null,135,46,70.3,-24.3,0,Q: A county compares two clinics and finds a difference much larger than typical sampling variation would produce. What does that support?  ||  A) That measurement error in the two clinics' records is unusually high  |  B) That the numbers of patients sampled at the two clinics were equal  |  C) That the difference is unlikely under the null [X]  |  D) That the difference between the clinics is large enough to matter in practice,6
885,S08-46,Hypothesis testing,authored,Written to the LD 810 lecture slides,8,Hypothesis Testing and Sampling Error,8,,,exam2,lab3,,,,,,,4,1,"More real effects detected, but more false alarms",105,49,39.3,9.7,1,"Q: A superintendent asks what would change if the team doubled alpha from .05 to .10. What is the trade-off?  ||  A) More real effects detected, but more false alarms [X]  |  B) Fewer false alarms, but more missed effects  |  C) Greater power with no change in error risk  |  D) Smaller p-values across the board",11
886,S08-47,Research methods,authored,Written to the LD 810 lecture slides,8,Hypothesis Testing and Sampling Error,8,,,exam2,lab3,,,,,,,4,2,"P-hacking, since the analysis choice followed the results",132,57,71.7,-14.7,0,"Q: An evaluator drops three low-performing sites from the analysis after seeing the results, which then turn significant. What is this?  ||  A) A legitimate outlier adjustment of the kind evaluators routinely make  |  B) P-hacking, since the analysis choice followed the results [X]  |  C) A standard power calculation performed after the data have been collected  |  D) An appropriate statistical correction for the sampling error across sites",21
887,S08-48,Effect size,authored,Written to the LD 810 lecture slides,8,Hypothesis Testing and Sampling Error,8,,,exam2,lab3,,,,,,,4,4,"Replicate with a larger sample, since power was low",129,51,73.3,-22.3,1,"Q: A wellness pilot shows no significant difference but a moderate effect size with 25 participants. What is the sensible next step?  ||  A) Conclude that the wellness program does not work for these participants  |  B) Report only the p-value, since that is the formal test of the hypothesis  |  C) Switch to a one-tailed test on the same data to see whether p drops below .05  |  D) Replicate with a larger sample, since power was low [X]",10
888,S08-49,What statistics cannot do,authored,Written to the LD 810 lecture slides,8,Hypothesis Testing and Sampling Error,8,,,exam2,lab3,,,,,,,4,4,Statistics can inform the comparison but cannot set the priority,136,64,77.7,-13.7,0,Q: A board wants the analysis to decide whether equity or cost should be the deciding criterion for a program. What should the analyst say?  ||  A) Statistics can weight the two criteria automatically if both are measured well  |  B) A significance test can rank competing program criteria by their importance  |  C) Effect sizes computed for each criterion will settle the value question directly  |  D) Statistics can inform the comparison but cannot set the priority [X],9
889,S08-50,Inference,authored,Written to the LD 810 lecture slides,8,Hypothesis Testing and Sampling Error,8,,,exam2,lab3,,,,,,,4,1,We failed to reject the null and found no evidence of a difference,122,66,77.3,-11.3,0,"Q: A report concludes, 'We accept the null hypothesis: the two training formats are identical.' How should this be rewritten?  ||  A) We failed to reject the null and found no evidence of a difference [X]  |  B) We reject the alternative hypothesis with something close to 95 percent certainty  |  C) We have proved that the two training formats produce the very same outcomes  |  D) We accept the null hypothesis because the p-value turned out to exceed alpha",6
890,S09-01,Test selection,authored,Written to the LD 810 lecture slides,9,Which Test · t-Tests,9,,,exam2,lab3,,,,,,,4,1,Paired-samples t-test,201,21,24.7,-3.7,1,Q: A principal measures reading fluency for the same 30 third graders in September and again after a semester of tutoring. She wants to know whether the average score changed. Which test fits this design?  ||  A) Paired-samples t-test [X]  |  B) One-sample t-test  |  C) Independent-samples t-test  |  D) Chi-square test of independence,4
891,S09-02,Test selection,authored,Written to the LD 810 lecture slides,9,Which Test · t-Tests,9,,,exam2,lab3,,,,,,,4,4,Independent-samples t-test,207,26,18.3,7.7,0,Q: A health system compares mean burnout scores for nurses at Hospital A with mean burnout scores for a different set of nurses at Hospital B. Each nurse appears in only one hospital. Which test is appropriate?  ||  A) Paired-samples t-test  |  B) One-sample t-test  |  C) One-sample z test  |  D) Independent-samples t-test [X],8
892,S09-03,Test selection,authored,Written to the LD 810 lecture slides,9,Which Test · t-Tests,9,,,exam2,lab3,,,,,,,4,3,One-sample t-test,225,17,21.3,-4.3,1,Q: A nonprofit surveys 40 of its volunteers on a civic engagement scale and wants to know whether their average differs from the published national average of 52. The national standard deviation is not known. Which test applies?  ||  A) Paired-samples t-test  |  B) Independent-samples t-test  |  C) One-sample t-test [X]  |  D) One-sample z test,3
893,S09-04,Test selection,authored,Written to the LD 810 lecture slides,9,Which Test · t-Tests,9,,,exam2,lab3,,,,,,,4,4,One-sample z test,242,17,21.3,-4.3,1,Q: A district uses a standardized exam for which the publisher reports both the population mean and the population standard deviation. The district wants to know whether its 200 students differ from that population. Which test is the best match?  ||  A) One-sample t-test  |  B) Paired-samples t-test  |  C) Independent-samples t-test  |  D) One-sample z test [X],9
894,S09-05,Test selection,authored,Written to the LD 810 lecture slides,9,Which Test · t-Tests,9,,,exam2,lab3,,,,,,,4,3,Run a one-way analysis of variance,178,34,52.7,-18.7,0,"Q: A county compares average wait times across three separate clinics, with different patients in each clinic. A colleague suggests running three t-tests. What is the better choice?  ||  A) Run the three t-tests but report only the smallest p value  |  B) Run a paired-samples t-test on the three clinics  |  C) Run a one-way analysis of variance [X]  |  D) Run a one-sample t-test for each clinic against zero",5
895,S09-06,Test selection,authored,Written to the LD 810 lecture slides,9,Which Test · t-Tests,9,,,exam2,lab3,,,,,,,4,1,"The outcome is nominal, not interval or ratio",184,45,46.7,-1.7,0,"Q: A workforce program records whether each participant did or did not earn a credential (yes/no) and compares two program sites. Why is an independent-samples t-test the wrong tool here?  ||  A) The outcome is nominal, not interval or ratio [X]  |  B) The sample size is too small for any t-test  |  C) The two sites are related rather than independent  |  D) A t-test cannot handle more than 20 participants",8
896,S09-07,Test selection,authored,Written to the LD 810 lecture slides,9,Which Test · t-Tests,9,,,exam2,lab3,,,,,,,4,4,"Dependent-samples t-test, because the observations are matched",197,62,60.3,1.7,0,"Q: A researcher pairs each teacher in a coaching program with a similar teacher at another school on years of experience and grade level, then compares stress scores within each pair. Which test fits?  ||  A) Independent-samples t-test, because the teachers work at different schools  |  B) Chi-square, because teachers were assigned to pairs  |  C) One-sample t-test, because there is one coaching program  |  D) Dependent-samples t-test, because the observations are matched [X]",5
897,S09-08,Test selection,authored,Written to the LD 810 lecture slides,9,Which Test · t-Tests,9,,,exam2,lab3,,,,,,,4,1,Whether it asks about relationships or group differences,142,56,50.3,5.7,0,Q: A leadership student is working through a test-selection flowchart. What is the first question the flowchart asks about the research question?  ||  A) Whether it asks about relationships or group differences [X]  |  B) Whether the sample size is above or below 30  |  C) Whether the software available is JASP or SPSS  |  D) Whether the p value will be reported to two or three decimals,11
898,S09-09,Test selection,authored,Written to the LD 810 lecture slides,9,Which Test · t-Tests,9,,,exam2,lab3,,,,,,,4,1,Pearson correlation coefficient,199,31,21.3,9.7,1,Q: A hospital administrator asks whether nurse staffing ratio and patient satisfaction score move together across 60 units. Both are measured on continuous scales. Which procedure answers this question?  ||  A) Pearson correlation coefficient [X]  |  B) Paired-samples t-test  |  C) Independent-samples t-test  |  D) One-sample z test,2
899,S09-10,Test selection,authored,Written to the LD 810 lecture slides,9,Which Test · t-Tests,9,,,exam2,lab3,,,,,,,4,2,The t-test assumes an interval or ratio outcome,158,47,54.3,-7.3,0,Q: A program evaluator has two independent groups and an outcome recorded only as a rank order of preference. Why should she avoid an independent-samples t-test?  ||  A) The t-test requires at least three groups to be meaningful  |  B) The t-test assumes an interval or ratio outcome [X]  |  C) The t-test cannot be computed when groups are independent  |  D) Ranks always violate the independence assumption,15
900,S09-11,Test selection,authored,Written to the LD 810 lecture slides,9,Which Test · t-Tests,9,,,exam2,lab3,,,,,,,4,3,Comparing the same employees' ratings before and after training,59,63,64.0,-1.0,0,Q: Which described study calls for a dependent-samples t-test?  ||  A) Comparing average donations from first-time donors and repeat donors  |  B) Comparing average salaries of staff at two different nonprofits  |  C) Comparing the same employees' ratings before and after training [X]  |  D) Comparing one clinic's average wait time to a state benchmark,6
901,S09-12,Test selection,authored,Written to the LD 810 lecture slides,9,Which Test · t-Tests,9,,,exam2,lab3,,,,,,,4,3,Being in one group has no bearing on who is in the other group,45,62,48.7,13.3,0,Q: Two groups are described as independent when:  ||  A) Both groups are measured on the same outcome variable  |  B) The two group means are close in value  |  C) Being in one group has no bearing on who is in the other group [X]  |  D) Both groups were recruited in the same calendar quarter,20
902,S09-13,t-tests,authored,Written to the LD 810 lecture slides,9,Which Test · t-Tests,9,,,exam2,lab3,,,,,,,4,3,24,166,2,2.0,0.0,1,Q: A superintendent tests whether her district's 25 schools average differs from the state mean climate score. What are the degrees of freedom for her one-sample t-test?  ||  A) 23  |  B) 25  |  C) 24 [X]  |  D) 26,8
903,S09-14,t-tests,authored,Written to the LD 810 lecture slides,9,Which Test · t-Tests,9,,,exam2,lab3,,,,,,,4,1,38,156,2,2.0,0.0,1,Q: A clinic compares 18 patients in a telehealth arm with 22 patients in an in-person arm using an independent-samples t-test. What are the degrees of freedom?  ||  A) 38 [X]  |  B) 39  |  C) 40  |  D) 20,7
904,S09-15,t-tests,authored,Written to the LD 810 lecture slides,9,Which Test · t-Tests,9,,,exam2,lab3,,,,,,,4,1,30,157,2,2.0,0.0,1,Q: A nonprofit measures 31 staff members on a trust scale before and after a restructuring and runs a dependent-samples t-test. What are the degrees of freedom?  ||  A) 30 [X]  |  B) 31  |  C) 60  |  D) 29,8
905,S09-16,t-tests,authored,Written to the LD 810 lecture slides,9,Which Test · t-Tests,9,,,exam2,lab3,,,,,,,4,3,30,126,2,2.0,0.0,1,Q: A grant report shows t(58) = 2.11 for a two-group comparison with equal group sizes. How many participants were in each group?  ||  A) 29  |  B) 58  |  C) 30 [X]  |  D) 59,7
906,S09-17,t-tests,authored,Written to the LD 810 lecture slides,9,Which Test · t-Tests,9,,,exam2,lab3,,,,,,,4,4,The paired test analyzes one set of difference scores,108,53,56.3,-3.3,1,Q: Why does the independent-samples t-test use n1 + n2 - 2 degrees of freedom while the paired test uses n - 1?  ||  A) The paired test always has smaller samples than the independent test  |  B) Degrees of freedom are set by the alpha level chosen  |  C) The paired test does not estimate any variability  |  D) The paired test analyzes one set of difference scores [X],11
907,S09-18,t-tests,authored,Written to the LD 810 lecture slides,9,Which Test · t-Tests,9,,,exam2,lab3,,,,,,,4,1,She discards the pairing and usually loses power,182,48,49.3,-1.3,1,Q: A quality director analyzes 40 patients measured at admission and discharge. She mistakenly runs an independent-samples t-test instead of a paired test. What is the main consequence?  ||  A) She discards the pairing and usually loses power [X]  |  B) The degrees of freedom drop below what the paired test allows  |  C) The mean difference is reversed in sign  |  D) The outcome becomes nominal rather than interval,8
908,S09-19,t-tests,authored,Written to the LD 810 lecture slides,9,Which Test · t-Tests,9,,,exam2,lab3,,,,,,,4,2,A known or hypothesized population mean,87,39,39.7,-0.7,0,"Q: In the one-sample t-test, what is the comparison value in the numerator of the formula?  ||  A) The standard deviation of the sample  |  B) A known or hypothesized population mean [X]  |  C) The difference between two sample means  |  D) The correlation between the two measurements",4
909,S09-20,t-tests,authored,Written to the LD 810 lecture slides,9,Which Test · t-Tests,9,,,exam2,lab3,,,,,,,4,4,The mean of the difference scores for each person,122,49,41.7,7.3,0,Q: A director reports a paired t-test of pre- and post-training confidence scores. What exactly is being tested against zero?  ||  A) The average of the post-training scores  |  B) The standard deviation of the change scores  |  C) The correlation between pre and post scores  |  D) The mean of the difference scores for each person [X],6
910,S09-21,t-tests,authored,Written to the LD 810 lecture slides,9,Which Test · t-Tests,9,,,exam2,lab3,,,,,,,4,4,A larger difference between the two group means,133,47,30.3,16.7,0,"Q: Everything else held constant, which change would make the calculated t value in an independent-samples test larger in absolute size?  ||  A) A larger alpha level  |  B) A larger standard error of the difference  |  C) A smaller sample in each group  |  D) A larger difference between the two group means [X]",27
911,S09-22,t-tests,authored,Written to the LD 810 lecture slides,9,Which Test · t-Tests,9,,,exam2,lab3,,,,,,,4,3,"As n grows, the t distribution approaches the normal curve",141,58,58.0,0.0,0,"Q: A public health analyst has a large sample and knows the population standard deviation. How do the z test and the t-test relate in this case?  ||  A) They are unrelated procedures with different research questions  |  B) The t-test is only valid when the population standard deviation is known  |  C) As n grows, the t distribution approaches the normal curve [X]  |  D) The z test requires paired observations",7
912,S09-23,Assumptions and diagnostics,authored,Written to the LD 810 lecture slides,9,Which Test · t-Tests,9,,,exam2,lab3,,,,,,,4,2,The two groups have exactly equal sample sizes,70,46,47.0,-1.0,0,Q: Which of these is NOT an assumption of the independent-samples t-test?  ||  A) Observations are independent of one another  |  B) The two groups have exactly equal sample sizes [X]  |  C) The two groups have similar variances  |  D) The outcome is roughly normally distributed in the population,25
913,S09-24,Assumptions and diagnostics,authored,Written to the LD 810 lecture slides,9,Which Test · t-Tests,9,,,exam2,lab3,,,,,,,4,4,The equal-variances assumption looks tenable,121,44,40.7,3.3,1,Q: A JASP output shows Levene's test with p = .68 for a comparison of two school districts. What does this tell the analyst?  ||  A) The two district means are not significantly different  |  B) The effect size is small  |  C) The outcome variable is normally distributed  |  D) The equal-variances assumption looks tenable [X],1
914,S09-25,Assumptions and diagnostics,authored,Written to the LD 810 lecture slides,9,Which Test · t-Tests,9,,,exam2,lab3,,,,,,,4,4,Use the adjusted t-test that does not assume equal variances,130,60,42.0,18.0,1,Q: Levene's test comes back significant (p = .004) for two groups with very different sample sizes. What is the reasonable next step?  ||  A) Abandon the comparison and report descriptive statistics only  |  B) Raise alpha to .10 to compensate  |  C) Switch to a paired-samples t-test  |  D) Use the adjusted t-test that does not assume equal variances [X],8
915,S09-26,Assumptions and diagnostics,authored,Written to the LD 810 lecture slides,9,Which Test · t-Tests,9,,,exam2,lab3,,,,,,,4,3,Independence of observations,142,28,25.3,2.7,1,Q: A researcher surveys three staff members from each of 20 clinics and treats all 60 responses as independent. Which assumption is most at risk?  ||  A) Homogeneity of variance  |  B) Normality of the outcome  |  C) Independence of observations [X]  |  D) Interval level of measurement,6
916,S09-27,Assumptions and diagnostics,authored,Written to the LD 810 lecture slides,9,Which Test · t-Tests,9,,,exam2,lab3,,,,,,,4,2,Whether the group variances are equal,39,37,40.3,-3.3,0,Q: What is Levene's test actually testing?  ||  A) Whether the group means are equal  |  B) Whether the group variances are equal [X]  |  C) Whether the sample is large enough for a t-test  |  D) Whether the difference scores sum to zero,10
917,S09-28,Assumptions and diagnostics,authored,Written to the LD 810 lecture slides,9,Which Test · t-Tests,9,,,exam2,lab3,,,,,,,4,2,The t-test is fairly robust to mild non-normality,161,49,51.3,-2.3,1,Q: A dean's outcome variable is mildly skewed but each group has about 50 people. What is the most defensible statement about running an independent-samples t-test?  ||  A) Any skew makes the t-test invalid regardless of sample size  |  B) The t-test is fairly robust to mild non-normality [X]  |  C) Skew is corrected automatically by Levene's test  |  D) Skew only matters for the paired-samples t-test,17
918,S09-29,Software and output,authored,Written to the LD 810 lecture slides,9,Which Test · t-Tests,9,,,exam2,lab3,,,,,,,4,1,"The difference is statistically significant, and the CI excludes zero",130,69,65.7,3.3,1,"Q: Output reads: t(46) = 2.48, p = .017, mean difference = 5.30, 95% CI [1.00, 9.60]. Using alpha = .05, what is the correct reading?  ||  A) The difference is statistically significant, and the CI excludes zero [X]  |  B) The difference is not statistically significant because the CI is wide  |  C) The difference is significant only if Levene's test is also significant  |  D) The result cannot be interpreted without the effect size",6
919,S09-30,Software and output,authored,Written to the LD 810 lecture slides,9,Which Test · t-Tests,9,,,exam2,lab3,,,,,,,4,2,"Zero is a plausible value, so the result is not significant",141,59,52.7,6.3,1,"Q: A t-test of program cost per client yields a 95% confidence interval for the mean difference of [-120, 340]. What does this interval suggest?  ||  A) The true difference is definitely near 110 dollars  |  B) Zero is a plausible value, so the result is not significant [X]  |  C) The result is significant because the interval is mostly positive  |  D) The interval shows the effect size is large",1
920,S09-31,Software and output,authored,Written to the LD 810 lecture slides,9,Which Test · t-Tests,9,,,exam2,lab3,,,,,,,4,1,"The gap between the two means, in raw units",69,43,39.3,3.7,0,"Q: In a t-test output line, what does the mean difference column report?  ||  A) The gap between the two means, in raw units [X]  |  B) The probability the null hypothesis is true  |  C) The standardized effect size  |  D) The pooled standard deviation of the two groups",14
921,S09-32,Software and output,authored,Written to the LD 810 lecture slides,9,Which Test · t-Tests,9,,,exam2,lab3,,,,,,,4,4,The first group's mean was lower,121,32,42.0,-10.0,1,"Q: An analyst sees t(38) = -2.90, p = .006 comparing a control group with a coached group. What does the negative sign mean?  ||  A) The result is not statistically significant  |  B) An error occurred in the data entry  |  C) The effect size must also be negative in meaning  |  D) The first group's mean was lower [X]",12
922,S09-33,Software and output,authored,Written to the LD 810 lecture slides,9,Which Test · t-Tests,9,,,exam2,lab3,,,,,,,4,1,"It reflects evidence against the null, not effect size",101,54,62.0,-8.0,1,"Q: A board member reads p = .0004 and says the program effect must be huge. What is the best correction?  ||  A) It reflects evidence against the null, not effect size [X]  |  B) A very small p value means the sample must have been small  |  C) A very small p value indicates the assumptions were violated  |  D) A very small p value means the confidence interval must contain zero",8
923,S09-34,Software and output,authored,Written to the LD 810 lecture slides,9,Which Test · t-Tests,9,,,exam2,lab3,,,,,,,4,3,The variability or the sample size,130,34,34.3,-0.3,1,"Q: Two paired t-test outputs both show a 4-point mean gain, but one reports p = .32 and the other p = .002. What most likely differs?  ||  A) The number of groups compared  |  B) The level of measurement of the outcome  |  C) The variability or the sample size [X]  |  D) Whether Levene's test was requested",26
924,S09-35,Effect size,authored,Written to the LD 810 lecture slides,9,Which Test · t-Tests,9,,,exam2,lab3,,,,,,,4,4,A small effect,121,14,15.0,-1.0,1,Q: A memo reports Cohen's d = 0.22 for a difference in average attendance between two schools. How should this be described?  ||  A) No effect at all  |  B) A medium effect  |  C) A large effect  |  D) A small effect [X],7
925,S09-36,Effect size,authored,Written to the LD 810 lecture slides,9,Which Test · t-Tests,9,,,exam2,lab3,,,,,,,4,2,The mean difference expressed in standard deviation units,28,57,46.0,11.0,0,Q: What does Cohen's d express?  ||  A) The probability of a Type I error  |  B) The mean difference expressed in standard deviation units [X]  |  C) The proportion of variance explained by group membership  |  D) The width of the confidence interval in raw units,21
926,S09-37,Effect size,authored,Written to the LD 810 lecture slides,9,Which Test · t-Tests,9,,,exam2,lab3,,,,,,,4,3,0.50,113,4,4.0,0.0,1,Q: Two clinics differ by 6 points on a satisfaction scale with a pooled standard deviation of 12. What is Cohen's d?  ||  A) 0.25  |  B) 2.00  |  C) 0.50 [X]  |  D) 6.00,10
927,S09-38,Effect size,authored,Written to the LD 810 lecture slides,9,Which Test · t-Tests,9,,,exam2,lab3,,,,,,,4,2,Effect size describes how big the difference is,74,47,53.7,-6.7,0,Q: Why do reviewers ask for an effect size alongside the p value in a t-test?  ||  A) Effect size confirms that the sample was randomly selected  |  B) Effect size describes how big the difference is [X]  |  C) Effect size replaces the need to check assumptions  |  D) Effect size is required to compute degrees of freedom,7
928,S09-39,Effect size,authored,Written to the LD 810 lecture slides,9,Which Test · t-Tests,9,,,exam2,lab3,,,,,,,4,1,The difference is significant but so small it is unlikely to matter in practice,157,79,60.0,19.0,1,"Q: A very large district study finds a statistically significant difference of 0.8 points on a 100-point scale, d = 0.05. What is the most honest memo sentence?  ||  A) The difference is significant but so small it is unlikely to matter in practice [X]  |  B) The difference is significant, so the program should be scaled immediately  |  C) The result is invalid because the effect size is small  |  D) A small d means the p value was computed incorrectly",8
929,S09-40,Effect size,authored,Written to the LD 810 lecture slides,9,Which Test · t-Tests,9,,,exam2,lab3,,,,,,,4,2,Cohen's d is not driven by sample size,60,38,43.7,-5.7,0,Q: Which statement about sample size and Cohen's d is accurate?  ||  A) Cohen's d rises automatically as the sample grows  |  B) Cohen's d is not driven by sample size [X]  |  C) Cohen's d can only be computed for paired designs  |  D) Cohen's d must be between 0 and 1,9
930,S09-41,Effect size,authored,Written to the LD 810 lecture slides,9,Which Test · t-Tests,9,,,exam2,lab3,,,,,,,4,2,d = 0.51,145,8,7.0,1.0,0,Q: A nonprofit director writes that a training produced a medium effect on staff retention intent. Which reported value best supports that phrasing?  ||  A) p = .05  |  B) d = 0.51 [X]  |  C) t = 5.10  |  D) n = 50,6
931,S09-42,Hypothesis testing,authored,Written to the LD 810 lecture slides,9,Which Test · t-Tests,9,,,exam2,lab3,,,,,,,4,4,The chance of at least one false positive rises well above 5 percent,101,68,53.7,14.3,1,"Q: A team runs three separate t-tests comparing three clinics, each at alpha = .05. What is the problem?  ||  A) Degrees of freedom can no longer be computed for any of the three comparisons  |  B) The outcome variable becomes ordinal  |  C) Each individual test loses all statistical power  |  D) The chance of at least one false positive rises well above 5 percent [X]",4
932,S09-43,Hypothesis testing,authored,Written to the LD 810 lecture slides,9,Which Test · t-Tests,9,,,exam2,lab3,,,,,,,4,3,About 14 percent,107,16,15.7,0.3,1,Q: Running three independent tests each at alpha = .05 gives roughly what chance of at least one Type I error?  ||  A) About 5 percent  |  B) About 10 percent  |  C) About 14 percent [X]  |  D) About 50 percent,6
933,S09-44,Hypothesis testing,authored,Written to the LD 810 lecture slides,9,Which Test · t-Tests,9,,,exam2,lab3,,,,,,,4,3,It holds the overall Type I error at alpha,138,42,39.7,2.3,0,Q: A reviewer suggests running one analysis of variance instead of several pairwise t-tests across four programs. What is the main advantage?  ||  A) It makes the effect size larger  |  B) It removes the need for a normality assumption  |  C) It holds the overall Type I error at alpha [X]  |  D) It converts the outcome to a nominal scale,6
934,S09-45,Hypothesis testing,authored,Written to the LD 810 lecture slides,9,Which Test · t-Tests,9,,,exam2,lab3,,,,,,,4,1,A directional hypothesis tested with a one-tailed test,113,54,36.0,18.0,0,Q: A researcher predicts specifically that the mentoring group will score HIGHER than the comparison group. This is:  ||  A) A directional hypothesis tested with a one-tailed test [X]  |  B) A nondirectional hypothesis tested with a two-tailed test  |  C) A null hypothesis  |  D) A statement about effect size only,7
935,S09-46,Hypothesis testing,authored,Written to the LD 810 lecture slides,9,Which Test · t-Tests,9,,,exam2,lab3,,,,,,,4,4,When theory justifies a direction beforehand,39,44,44.0,0.0,0,Q: When is a one-tailed t-test defensible?  ||  A) Whenever the two-tailed result just misses significance  |  B) Whenever Levene's test is not significant  |  C) Whenever the sample size is under 30  |  D) When theory justifies a direction beforehand [X],4
936,S09-47,Hypothesis testing,authored,Written to the LD 810 lecture slides,9,Which Test · t-Tests,9,,,exam2,lab3,,,,,,,4,2,The two population means are equal,93,34,32.3,1.7,0,Q: What is the null hypothesis for an independent-samples t-test comparing two training formats?  ||  A) The two sample means are exactly equal  |  B) The two population means are equal [X]  |  C) The effect size is large  |  D) The variances differ between groups,9
937,S09-48,What statistics cannot do,authored,Written to the LD 810 lecture slides,9,Which Test · t-Tests,9,,,exam2,lab3,,,,,,,4,2,That the program caused the difference in outcomes,146,50,63.3,-13.3,0,Q: A significant independent-samples t-test compares volunteers who chose a wellness program with staff who did not enroll. What cannot be concluded?  ||  A) That the two group means differ more than chance would readily explain  |  B) That the program caused the difference in outcomes [X]  |  C) That the observed difference has an associated confidence interval  |  D) That an effect size can be computed for the comparison,8
938,S09-49,What statistics cannot do,authored,Written to the LD 810 lecture slides,9,Which Test · t-Tests,9,,,exam2,lab3,,,,,,,4,2,It is the probability of data this extreme if the null were true,106,64,52.3,11.7,1,Q: A dean writes that p = .03 means there is a 3 percent chance the program had no effect. Why is that wrong?  ||  A) The p value should have been reported as .30  |  B) It is the probability of data this extreme if the null were true [X]  |  C) The p value only applies to paired designs  |  D) The p value measures how large the difference between the two groups is,6
939,S09-50,What statistics cannot do,authored,Written to the LD 810 lecture slides,9,Which Test · t-Tests,9,,,exam2,lab3,,,,,,,4,1,Evidence is insufficient to conclude a change,134,45,41.7,3.3,1,Q: A nonsignificant paired t-test on 12 patients is described as proof the intervention does not work. What is the better interpretation?  ||  A) Evidence is insufficient to conclude a change [X]  |  B) The intervention has been shown to have no effect  |  C) The null hypothesis has been accepted as true  |  D) The effect size must equal zero,10
940,S10-01,Test selection,authored,Written to the LD 810 lecture slides,10,ANOVA and Post-Hoc Comparisons,10,,,exam2,lab3,,,,,,,4,1,One-way ANOVA,185,13,25.3,-12.3,0,"Q: A district compares average reading gain scores across four elementary schools. Each student attends one school, and the outcome is a continuous gain score. Which test fits this design?  ||  A) One-way ANOVA [X]  |  B) Chi-square test of independence  |  C) Pearson correlation  |  D) Independent-samples t-test",6
941,S10-02,Test selection,authored,Written to the LD 810 lecture slides,10,ANOVA and Post-Hoc Comparisons,10,,,exam2,lab3,,,,,,,4,3,Multiple t-tests inflate the familywise Type I error rate,214,57,58.0,-1.0,0,Q: A hospital quality director wants to compare mean patient-satisfaction scores across three clinics. A colleague suggests running three separate t-tests instead of one ANOVA. What is the main problem with that plan?  ||  A) Multiple t-tests reduce statistical power to zero  |  B) The t-test cannot handle continuous outcomes  |  C) Multiple t-tests inflate the familywise Type I error rate [X]  |  D) The t-test requires every group to have exactly the same sample size and variance,5
942,S10-03,ANOVA,authored,Written to the LD 810 lecture slides,10,ANOVA and Post-Hoc Comparisons,10,,,exam2,lab3,,,,,,,4,4,Variance between groups divided by variance within groups,110,57,57.3,-0.3,0,Q: A nonprofit director asks what the F ratio in a one-way ANOVA actually compares. Which description is correct?  ||  A) The total sum of squares divided by the number of groups  |  B) The pooled standard deviation divided by the standard error  |  C) The largest group mean divided by the smallest group mean  |  D) Variance between groups divided by variance within groups [X],9
943,S10-04,ANOVA,authored,Written to the LD 810 lecture slides,10,ANOVA and Post-Hoc Comparisons,10,,,exam2,lab3,,,,,,,4,2,4,141,1,17.0,-16.0,0,Q: A state agency compares job-placement rates across five regional offices using one-way ANOVA. How many degrees of freedom are between groups?  ||  A) The number of offices minus the total sample size  |  B) 4 [X]  |  C) 5  |  D) 6,11
944,S10-05,ANOVA,authored,Written to the LD 810 lecture slides,10,ANOVA and Post-Hoc Comparisons,10,,,exam2,lab3,,,,,,,4,3,44,125,2,1.7,0.3,1,Q: A researcher compares burnout scores across four clinics with 48 nurses total. What are the within-groups degrees of freedom?  ||  A) 48  |  B) 3  |  C) 44 [X]  |  D) 47,8
945,S10-06,ANOVA,authored,Written to the LD 810 lecture slides,10,ANOVA and Post-Hoc Comparisons,10,,,exam2,lab3,,,,,,,4,1,40,111,2,3.7,-1.7,1,Q: An ANOVA source table shows SS between = 120 with 3 degrees of freedom. What is the mean square between groups?  ||  A) 40 [X]  |  B) 0.025  |  C) 360  |  D) 123,13
946,S10-07,ANOVA,authored,Written to the LD 810 lecture slides,10,ANOVA and Post-Hoc Comparisons,10,,,exam2,lab3,,,,,,,4,2,4.00,75,4,5.0,-1.0,1,"Q: In a source table, MS between = 40 and MS within = 10. What is the F ratio?  ||  A) 0.25  |  B) 4.00 [X]  |  C) 30.00  |  D) 400.00",5
947,S10-08,ANOVA,authored,Written to the LD 810 lecture slides,10,ANOVA and Post-Hoc Comparisons,10,,,exam2,lab3,,,,,,,4,4,450,78,3,3.3,-0.3,1,Q: A source table reports SS total = 600 and SS between = 150. What is SS within?  ||  A) 250  |  B) 4.00  |  C) 750  |  D) 450 [X],9
948,S10-09,Effect size,authored,Written to the LD 810 lecture slides,10,ANOVA and Post-Hoc Comparisons,10,,,exam2,lab3,,,,,,,4,4,.25,121,3,3.0,0.0,1,Q: An evaluator reports SS between = 150 and SS total = 600 for a program comparison across four sites. What is eta squared?  ||  A) .33  |  B) .50  |  C) .75  |  D) .25 [X],10
949,S10-10,Hypothesis testing,authored,Written to the LD 810 lecture slides,10,ANOVA and Post-Hoc Comparisons,10,,,exam2,lab3,,,,,,,4,2,At least one pair of school means differs somewhere,119,51,51.0,0.0,0,Q: A superintendent runs a one-way ANOVA across four high schools and gets a significant omnibus F. What may she conclude?  ||  A) The highest-scoring school differs from the lowest-scoring school  |  B) At least one pair of school means differs somewhere [X]  |  C) All four schools have equal population means  |  D) Every school differs from every other school,6
950,S10-11,ANOVA,authored,Written to the LD 810 lecture slides,10,ANOVA and Post-Hoc Comparisons,10,,,exam2,lab3,,,,,,,4,1,Run a post-hoc multiple comparison test such as Tukey HSD,152,57,54.7,2.3,0,Q: A public health team gets a significant F comparing vaccination rates across three counties. What should they do next to identify which counties differ?  ||  A) Run a post-hoc multiple comparison test such as Tukey HSD [X]  |  B) Rerun the ANOVA with a smaller alpha level  |  C) Convert the outcome to ranks and rerun the F test  |  D) Report the largest mean difference as significant without further testing,9
951,S10-12,ANOVA,authored,Written to the LD 810 lecture slides,10,ANOVA and Post-Hoc Comparisons,10,,,exam2,lab3,,,,,,,4,3,Tukey HSD controls the familywise error rate across all pairwise comparisons,139,76,65.7,10.3,0,Q: A nonprofit analyst asks why Tukey HSD is used after a significant ANOVA rather than a series of ordinary t-tests. What is the best answer?  ||  A) Tukey HSD retests the omnibus null hypothesis using a more sensitive sampling distribution  |  B) Tukey HSD uses a larger sample than the t-test does  |  C) Tukey HSD controls the familywise error rate across all pairwise comparisons [X]  |  D) Tukey HSD does not require a continuous outcome variable,7
952,S10-13,ANOVA,authored,Written to the LD 810 lecture slides,10,ANOVA and Post-Hoc Comparisons,10,,,exam2,lab3,,,,,,,4,2,A planned contrast,171,18,16.3,1.7,0,"Q: Before collecting data, a researcher specifies that she will compare the two rural clinics against the two urban clinics, and nothing else. What is this comparison called?  ||  A) A post-hoc test  |  B) A planned contrast [X]  |  C) An omnibus test  |  D) A homogeneity check",6
953,S10-14,Assumptions and diagnostics,authored,Written to the LD 810 lecture slides,10,ANOVA and Post-Hoc Comparisons,10,,,exam2,lab3,,,,,,,4,4,Whether group variances are approximately equal,130,47,36.0,11.0,0,Q: A hospital analyst runs Levene's test before a one-way ANOVA comparing wait times at four sites. What does Levene's test evaluate?  ||  A) Whether observations are independent  |  B) Whether group means are equal  |  C) Whether the outcome is normally distributed  |  D) Whether group variances are approximately equal [X],7
954,S10-15,Assumptions and diagnostics,authored,Written to the LD 810 lecture slides,10,ANOVA and Post-Hoc Comparisons,10,,,exam2,lab3,,,,,,,4,3,The homogeneity of variance assumption appears violated,117,55,56.0,-1.0,1,Q: Levene's test comes back with p = .003 for an ANOVA comparing four program cohorts. How should the analyst read this?  ||  A) The outcome variable is significantly skewed  |  B) The group means differ so much that the ANOVA result cannot be interpreted at all  |  C) The homogeneity of variance assumption appears violated [X]  |  D) The group means are significantly different,14
955,S10-16,Assumptions and diagnostics,authored,Written to the LD 810 lecture slides,10,ANOVA and Post-Hoc Comparisons,10,,,exam2,lab3,,,,,,,4,1,Independence of observations,171,28,26.0,2.0,0,Q: A program evaluator surveys the same teachers three times and treats the three sets of scores as three independent groups in a one-way ANOVA. Which assumption is violated?  ||  A) Independence of observations [X]  |  B) Homogeneity of variance  |  C) Continuous level of measurement  |  D) Normality of the outcome,9
956,S10-17,Test selection,authored,Written to the LD 810 lecture slides,10,ANOVA and Post-Hoc Comparisons,10,,,exam2,lab3,,,,,,,4,1,Repeated-measures ANOVA,129,23,28.0,-5.0,1,"Q: A training office measures the same 40 supervisors at baseline, three months, and six months. Which analysis matches this design?  ||  A) Repeated-measures ANOVA [X]  |  B) Chi-square goodness of fit  |  C) Independent-samples t-test  |  D) One-way independent-groups ANOVA",10
957,S10-18,ANOVA,authored,Written to the LD 810 lecture slides,10,ANOVA and Post-Hoc Comparisons,10,,,exam2,lab3,,,,,,,4,4,Variation among faculty inside the same college,123,47,47.3,-0.3,0,Q: A dean compares faculty workload across four colleges. What does the within-groups (error) variance in the ANOVA represent?  ||  A) The total variation across all faculty combined  |  B) The difference between the largest and smallest college  |  C) Differences among the four college means  |  D) Variation among faculty inside the same college [X],9
958,S10-19,ANOVA,authored,Written to the LD 810 lecture slides,10,ANOVA and Post-Hoc Comparisons,10,,,exam2,lab3,,,,,,,4,2,Between-groups variance is about the same size as within-groups variance,102,72,52.0,20.0,1,Q: A clinic manager sees an F ratio close to 1.00 in her ANOVA output. What does that generally indicate?  ||  A) The homogeneity assumption was violated  |  B) Between-groups variance is about the same size as within-groups variance [X]  |  C) The group means are separated by exactly one pooled standard deviation unit  |  D) The sample size was too small to compute F,7
959,S10-20,Software and output,authored,Written to the LD 810 lecture slides,10,ANOVA and Post-Hoc Comparisons,10,,,exam2,lab3,,,,,,,4,3,4,138,1,1.7,-0.7,1,"Q: Software reports F(3, 76) = 5.12, p = .003 for a comparison of case-closure times across agency branches. How many branches were compared?  ||  A) 80  |  B) 3  |  C) 4 [X]  |  D) 76",4
960,S10-21,Software and output,authored,Written to the LD 810 lecture slides,10,ANOVA and Post-Hoc Comparisons,10,,,exam2,lab3,,,,,,,4,4,60,120,2,2.0,0.0,1,"Q: An output line reads F(2, 57) = 3.44, p = .039 for satisfaction scores at three clinics. What was the total sample size?  ||  A) 62  |  B) 57  |  C) 59  |  D) 60 [X]",23
961,S10-22,ANOVA,authored,Written to the LD 810 lecture slides,10,ANOVA and Post-Hoc Comparisons,10,,,exam2,lab3,,,,,,,4,2,4.0,88,3,3.7,-0.7,1,Q: A source table shows SS within = 180 and df within = 45. What is the mean square within?  ||  A) 2.0  |  B) 4.0 [X]  |  C) 8.0  |  D) 225.0,6
962,S10-23,ANOVA,authored,Written to the LD 810 lecture slides,10,ANOVA and Post-Hoc Comparisons,10,,,exam2,lab3,,,,,,,4,3,39,105,2,2.0,0.0,1,Q: A study compares four nonprofit cohorts with 10 participants each. What are the total degrees of freedom?  ||  A) 43  |  B) 36  |  C) 39 [X]  |  D) 40,5
963,S10-24,Hypothesis testing,authored,Written to the LD 810 lecture slides,10,ANOVA and Post-Hoc Comparisons,10,,,exam2,lab3,,,,,,,4,1,All five population means are equal,106,35,36.7,-1.7,0,Q: What is the null hypothesis for a one-way ANOVA comparing mean retention rates at five community colleges?  ||  A) All five population means are equal [X]  |  B) At least two of the five means differ  |  C) The five variances are equal  |  D) The correlation among the five groups is zero,12
964,S10-25,Hypothesis testing,authored,Written to the LD 810 lecture slides,10,ANOVA and Post-Hoc Comparisons,10,,,exam2,lab3,,,,,,,4,2,There is not enough evidence to conclude the format means differ,109,64,57.3,6.7,1,"Q: An ANOVA comparing four training formats yields F(3, 96) = 1.21, p = .31. What is the appropriate conclusion?  ||  A) The four formats produce identical outcomes  |  B) There is not enough evidence to conclude the format means differ [X]  |  C) One format is significantly better, but the omnibus test cannot say which one it is  |  D) The assumption of equal variances was violated",11
965,S10-26,Effect size,authored,Written to the LD 810 lecture slides,10,ANOVA and Post-Hoc Comparisons,10,,,exam2,lab3,,,,,,,4,1,"The grouping variable explains about 2 percent of the variance, a small effect",157,78,69.0,9.0,1,"Q: A researcher reports a statistically significant ANOVA with eta squared = .02 across four large districts. How should this be described in a leadership memo?  ||  A) The grouping variable explains about 2 percent of the variance, a small effect [X]  |  B) The grouping variable explains about 20 percent of the variance  |  C) The result is significant, so the effect is necessarily large  |  D) An eta squared of .02 means the finding carries essentially no risk of Type I error",6
966,S10-27,Effect size,authored,Written to the LD 810 lecture slides,10,ANOVA and Post-Hoc Comparisons,10,,,exam2,lab3,,,,,,,4,4,Eta squared indicates how much outcome variance the grouping explains,116,69,60.0,9.0,0,Q: Why should an evaluator report eta squared alongside the F test when comparing outcomes across six regional offices?  ||  A) Eta squared converts the obtained p value into a confidence interval around the mean  |  B) Eta squared replaces the need for post-hoc tests  |  C) Eta squared corrects for unequal group variances  |  D) Eta squared indicates how much outcome variance the grouping explains [X],9
967,S10-28,ANOVA,authored,Written to the LD 810 lecture slides,10,ANOVA and Post-Hoc Comparisons,10,,,exam2,lab3,,,,,,,4,3,6,104,1,1.3,-0.3,0,Q: A quality team plans all pairwise comparisons among four clinics. How many pairwise comparisons is that?  ||  A) 3  |  B) 4  |  C) 6 [X]  |  D) 12,4
968,S10-29,Hypothesis testing,authored,Written to the LD 810 lecture slides,10,ANOVA and Post-Hoc Comparisons,10,,,exam2,lab3,,,,,,,4,1,.0083,165,5,3.3,1.7,1,Q: An analyst will run six pairwise comparisons among four sites and wants a Bonferroni-adjusted alpha with an overall alpha of .05. What adjusted alpha should she use?  ||  A) .0083 [X]  |  B) .30  |  C) .05  |  D) .025,10
969,S10-30,Hypothesis testing,authored,Written to the LD 810 lecture slides,10,ANOVA and Post-Hoc Comparisons,10,,,exam2,lab3,,,,,,,4,3,About 26 percent,121,16,15.7,0.3,1,"Q: If a researcher ran six independent tests each at alpha = .05, roughly what is the chance of at least one false positive?  ||  A) About 5 percent  |  B) About 10 percent  |  C) About 26 percent [X]  |  D) About 50 percent",3
970,S10-31,Software and output,authored,Written to the LD 810 lecture slides,10,ANOVA and Post-Hoc Comparisons,10,,,exam2,lab3,,,,,,,4,2,"F(2, 87) = 4.61, p = .013, eta squared = .10",138,44,21.7,22.3,0,"Q: An APA-style sentence for a memo reads: 'Mean wait time differed across the three clinics.' Which reporting format completes it correctly?  ||  A) chi-square(2) = 4.61, p = .013  |  B) F(2, 87) = 4.61, p = .013, eta squared = .10 [X]  |  C) F = 4.61, sig  |  D) t(87) = 4.61, p = .013",4
971,S10-32,ANOVA,authored,Written to the LD 810 lecture slides,10,ANOVA and Post-Hoc Comparisons,10,,,exam2,lab3,,,,,,,4,4,The omnibus F alone does not identify which programs differ; post-hoc comparisons are needed,133,92,68.7,23.3,0,Q: A board member reads a significant ANOVA across four programs and asks which program is best. What is the statistically honest reply?  ||  A) The program with the highest sample mean is by definition significantly better than the rest  |  B) The F ratio ranks the programs from strongest to weakest  |  C) A significant F means all programs differ from one another  |  D) The omnibus F alone does not identify which programs differ; post-hoc comparisons are needed [X],7
972,S10-33,ANOVA,authored,Written to the LD 810 lecture slides,10,ANOVA and Post-Hoc Comparisons,10,,,exam2,lab3,,,,,,,4,3,SS between plus SS within equals SS total,55,41,41.7,-0.7,0,"Q: In an ANOVA source table, which relationship must hold?  ||  A) MS between plus MS within equals MS total  |  B) df between times df within equals df total  |  C) SS between plus SS within equals SS total [X]  |  D) SS between minus SS within equals SS total",6
973,S10-34,ANOVA,authored,Written to the LD 810 lecture slides,10,ANOVA and Post-Hoc Comparisons,10,,,exam2,lab3,,,,,,,4,2,5.14,112,4,4.3,-0.3,1,"Q: A source table for four regions reports SS between = 90, SS within = 210, and total N = 40. What is the F ratio?  ||  A) 2.19  |  B) 5.14 [X]  |  C) 15.43  |  D) 0.43",9
974,S10-35,Assumptions and diagnostics,authored,Written to the LD 810 lecture slides,10,ANOVA and Post-Hoc Comparisons,10,,,exam2,lab3,,,,,,,4,1,ANOVA assumes roughly normal within-group distributions and is fairly robust with adequate group sizes,150,102,64.7,37.3,0,"Q: A grant officer worries that outcome scores at one of four sites are strongly skewed. Which statement best reflects the normality assumption in ANOVA?  ||  A) ANOVA assumes roughly normal within-group distributions and is fairly robust with adequate group sizes [X]  |  B) Normality applies only to the between-groups sum of squares, never to the error term  |  C) Normality is only required when sample sizes are equal  |  D) ANOVA requires perfectly normal data or it cannot be run",20
975,S10-36,Test selection,authored,Written to the LD 810 lecture slides,10,ANOVA and Post-Hoc Comparisons,10,,,exam2,lab3,,,,,,,4,4,"The outcome is categorical, not continuous",165,42,36.3,5.7,0,"Q: A researcher compares proportions of clients who completed a program across four agencies, using a yes-or-no completion variable. Why is one-way ANOVA a poor choice?  ||  A) ANOVA requires a repeated-measures design  |  B) There are too many groups for ANOVA  |  C) ANOVA can only compare two groups  |  D) The outcome is categorical, not continuous [X]",6
976,S10-37,ANOVA,authored,Written to the LD 810 lecture slides,10,ANOVA and Post-Hoc Comparisons,10,,,exam2,lab3,,,,,,,4,4,Scheffe,119,7,15.0,-8.0,0,"Q: Which post-hoc procedure is generally the most conservative, making significant pairwise differences hardest to detect?  ||  A) Independent-samples t-test  |  B) Tukey HSD  |  C) Fisher LSD  |  D) Scheffe [X]",7
977,S10-38,ANOVA,authored,Written to the LD 810 lecture slides,10,ANOVA and Post-Hoc Comparisons,10,,,exam2,lab3,,,,,,,4,1,"They generally have more power because fewer, theory-driven comparisons are tested",171,82,55.0,27.0,0,"Q: A director wants to compare three specific program pairs identified before data collection, based on theory. What advantage do planned contrasts offer over post-hoc tests?  ||  A) They generally have more power because fewer, theory-driven comparisons are tested [X]  |  B) They eliminate Type II error entirely  |  C) They do not require fitting an overall ANOVA model or checking its assumptions first  |  D) They avoid the need for a continuous outcome",8
978,S10-39,Software and output,authored,Written to the LD 810 lecture slides,10,ANOVA and Post-Hoc Comparisons,10,,,exam2,lab3,,,,,,,4,3,Only Clinics A and B differ significantly,127,41,37.3,3.7,1,"Q: Tukey HSD output shows Clinic A versus Clinic B p = .004, A versus C p = .19, and B versus C p = .42. What should the memo say?  ||  A) No pairwise differences are significant  |  B) All three clinics differ from one another  |  C) Only Clinics A and B differ significantly [X]  |  D) Clinic C is significantly lowest",20
979,S10-40,What statistics cannot do,authored,Written to the LD 810 lecture slides,10,ANOVA and Post-Hoc Comparisons,10,,,exam2,lab3,,,,,,,4,2,The school attended caused the differences in graduation rate,137,61,62.7,-1.7,0,Q: A significant ANOVA shows mean graduation rates differ across four high schools that families chose themselves. What cannot be concluded?  ||  A) The schools differ on average graduation rate  |  B) The school attended caused the differences in graduation rate [X]  |  C) The differences are larger than expected by chance alone  |  D) Post-hoc comparisons are still needed to locate exactly which schools differ from which,9
980,S10-41,ANOVA,authored,Written to the LD 810 lecture slides,10,ANOVA and Post-Hoc Comparisons,10,,,exam2,lab3,,,,,,,4,2,Decrease it,109,11,15.0,-4.0,0,Q: Increasing within-group variability while holding group means constant will generally do what to the F ratio?  ||  A) Increase it  |  B) Decrease it [X]  |  C) Leave it unchanged  |  D) Make it negative,10
981,S10-42,ANOVA,authored,Written to the LD 810 lecture slides,10,ANOVA and Post-Hoc Comparisons,10,,,exam2,lab3,,,,,,,4,3,"Because it is based on variances, which cannot be negative",57,58,60.7,-2.7,0,"Q: Why can the F ratio never be negative in a one-way ANOVA?  ||  A) Because the null hypothesis is always false  |  B) Because software rounds negative values to zero  |  C) Because it is based on variances, which cannot be negative [X]  |  D) Because sample sizes are always positive integers, which keeps every sum of squares positive",5
982,S10-43,Test selection,authored,Written to the LD 810 lecture slides,10,ANOVA and Post-Hoc Comparisons,10,,,exam2,lab3,,,,,,,4,1,Independent-samples t-test,174,26,19.0,7.0,0,"Q: A nonprofit compares average donation size across three donor tiers using one-way ANOVA, then later compares only two of those tiers. What test fits the two-group comparison?  ||  A) Independent-samples t-test [X]  |  B) Repeated-measures ANOVA  |  C) Pearson correlation  |  D) Chi-square test",8
983,S10-44,Software and output,authored,Written to the LD 810 lecture slides,10,ANOVA and Post-Hoc Comparisons,10,,,exam2,lab3,,,,,,,4,4,5.0,85,3,4.3,-1.3,1,"Q: An ANOVA table lists df between = 3, MS between = 25, and F = 5.0. What is MS within?  ||  A) 15.0  |  B) 75.0  |  C) 125.0  |  D) 5.0 [X]",9
984,S10-45,Assumptions and diagnostics,authored,Written to the LD 810 lecture slides,10,ANOVA and Post-Hoc Comparisons,10,,,exam2,lab3,,,,,,,4,4,The equal-variance assumption is reasonable,94,43,32.0,11.0,1,Q: Levene's test for an ANOVA across four hospital units returns p = .62. What does this suggest?  ||  A) The outcome is not normally distributed  |  B) The ANOVA will not be significant  |  C) The unit means are equal  |  D) The equal-variance assumption is reasonable [X],4
985,S10-46,ANOVA,authored,Written to the LD 810 lecture slides,10,ANOVA and Post-Hoc Comparisons,10,,,exam2,lab3,,,,,,,4,2,"It uses each person as their own control, reducing error variance",141,65,54.7,10.3,0,"Q: In a repeated-measures ANOVA on three waves of employee-engagement scores, what is the conceptual advantage over an independent-groups ANOVA?  ||  A) It removes the need to check any assumptions  |  B) It uses each person as their own control, reducing error variance [X]  |  C) It allows categorical outcome variables  |  D) It eliminates the need for post-hoc comparisons among the three measurement waves",8
986,S10-47,Effect size,authored,Written to the LD 810 lecture slides,10,ANOVA and Post-Hoc Comparisons,10,,,exam2,lab3,,,,,,,4,1,The second study's grouping accounts for a much larger share of outcome variance,156,80,59.0,21.0,1,"Q: Two evaluations across four sites both report p = .04, but one has eta squared = .03 and the other eta squared = .22. What does this tell a leadership team?  ||  A) The second study's grouping accounts for a much larger share of outcome variance [X]  |  B) The first study must have violated an assumption of the analysis of variance model  |  C) Eta squared and p value always move together  |  D) The two studies found equally important differences",5
987,S10-48,Software and output,authored,Written to the LD 810 lecture slides,10,ANOVA and Post-Hoc Comparisons,10,,,exam2,lab3,,,,,,,4,3,6.40,113,4,4.3,-0.3,1,"Q: A source table is missing one value: df between = 2, df within = 42, SS between = 64, SS within = 210. What is F?  ||  A) 0.16  |  B) 2.56  |  C) 6.40 [X]  |  D) 32.00",7
988,S10-49,What statistics cannot do,authored,Written to the LD 810 lecture slides,10,ANOVA and Post-Hoc Comparisons,10,,,exam2,lab3,,,,,,,4,3,The study may have lacked power to detect real differences,143,58,56.0,2.0,0,Q: An ANOVA across six county programs is nonsignificant with very small samples per county. What is the most defensible statement for the report?  ||  A) Post-hoc comparisons will still reveal the true differences among the six county programs  |  B) The programs are proven equally effective  |  C) The study may have lacked power to detect real differences [X]  |  D) The null hypothesis has been confirmed,7
989,S10-50,ANOVA,authored,Written to the LD 810 lecture slides,10,ANOVA and Post-Hoc Comparisons,10,,,exam2,lab3,,,,,,,4,1,It locates which specific group differences drive the significant omnibus result,207,80,55.7,24.3,1,"Q: A memo states: 'A one-way ANOVA compared mean scores across four colleges, F(3, 116) = 6.02, p < .001. Tukey HSD showed College A scored higher than Colleges B and C.' What is the role of the Tukey sentence?  ||  A) It locates which specific group differences drive the significant omnibus result [X]  |  B) It verifies that the homogeneity of variance assumption held across the four colleges  |  C) It corrects the degrees of freedom in the F test  |  D) It substitutes for the effect size",24
990,S11-01,Correlation,authored,Written to the LD 810 lecture slides,11,Correlation and Regression,11,,,exam2,lab4,,,,,,,4,1,"Higher absence days tend to go with lower reading scores, and the relationship is moderately strong",167,99,80.7,18.3,1,"Q: A district analyst reports that the correlation between staff absence days and school-level reading scores is r = -0.62. What does this value tell the leadership team?  ||  A) Higher absence days tend to go with lower reading scores, and the relationship is moderately strong [X]  |  B) Staff absence days are responsible for 62 percent of the observed decline in school reading scores  |  C) The relationship is weak because the value is negative  |  D) Reading scores drop by exactly 0.62 points for every additional staff absence day recorded",16
991,S11-02,Correlation,authored,Written to the LD 810 lecture slides,11,Correlation and Regression,11,,,exam2,lab4,,,,,,,4,2,The value is impossible; Pearson r cannot fall outside -1 to +1,136,63,55.7,7.3,1,"Q: A clinic manager says the correlation between nurse staffing levels and patient wait times is r = -1.4. What should a reviewer conclude?  ||  A) The relationship is extremely strong and negative, stronger than a perfect inverse relationship  |  B) The value is impossible; Pearson r cannot fall outside -1 to +1 [X]  |  C) The sign should be dropped, making it 1.4  |  D) The relationship is curvilinear",12
992,S11-03,Correlation,authored,Written to the LD 810 lecture slides,11,Correlation and Regression,11,,,exam2,lab4,,,,,,,4,3,Essentially no meaningful linear relationship between the two,144,61,58.3,2.7,1,"Q: A nonprofit finds r = 0.12 between volunteer hours logged and donor renewal rate. In plain language, what is the best description for the board?  ||  A) A strong positive link that justifies expanding the volunteer program  |  B) A moderate positive link worth acting on immediately  |  C) Essentially no meaningful linear relationship between the two [X]  |  D) Evidence that volunteer hours slightly reduce renewals",9
993,S11-04,Correlation,authored,Written to the LD 810 lecture slides,11,Correlation and Regression,11,,,exam2,lab4,,,,,,,4,4,"The work-hours relationship, because 0.71 is farther from zero",180,62,62.7,-0.7,1,"Q: Two correlations are reported for a nursing program: r = 0.55 between study hours and exam scores, and r = -0.71 between work hours and exam scores. Which relationship is stronger?  ||  A) The study-hours relationship, because positive correlations are always stronger than negative ones  |  B) Neither; opposite signs cannot be compared  |  C) They are equally strong once the sign is ignored  |  D) The work-hours relationship, because 0.71 is farther from zero [X]",4
994,S11-05,Effect size,authored,Written to the LD 810 lecture slides,11,Correlation and Regression,11,,,exam2,lab4,,,,,,,4,2,16 percent,157,10,10.0,0.0,1,Q: A superintendent reports r = 0.40 between attendance rate and end-of-year math scores. What percent of the variance in math scores is shared with attendance?  ||  A) 40 percent  |  B) 16 percent [X]  |  C) 20 percent  |  D) 64 percent,29
995,S11-06,Effect size,authored,Written to the LD 810 lecture slides,11,Correlation and Regression,11,,,exam2,lab4,,,,,,,4,1,r-squared = 0.49; about 49 percent of the variance in satisfaction is shared with engagement,168,92,70.0,22.0,1,"Q: A hospital quality team finds r = 0.70 between staff engagement scores and patient satisfaction scores. What is the coefficient of determination, and what does it mean?  ||  A) r-squared = 0.49; about 49 percent of the variance in satisfaction is shared with engagement [X]  |  B) r-squared = 0.70; engagement explains 70 percent of satisfaction  |  C) r-squared = 0.84; engagement accounts for the large majority of differences in patient satisfaction  |  D) r-squared = 0.30; the rest is measurement error",8
996,S11-07,Effect size,authored,Written to the LD 810 lecture slides,11,Correlation and Regression,11,,,exam2,lab4,,,,,,,4,3,36 percent,136,10,30.0,-20.0,1,"Q: A workforce study reports r = -0.60 between caseload size and caseworker job satisfaction. How much variance do the two variables share?  ||  A) 60 percent  |  B) Zero, because the correlation is negative  |  C) 36 percent [X]  |  D) It cannot be computed from a negative r",9
997,S11-08,Effect size,authored,Written to the LD 810 lecture slides,11,Correlation and Regression,11,,,exam2,lab4,,,,,,,4,4,r = 0.50 in absolute value,152,26,8.0,18.0,1,Q: A program officer says a grant outcome variable shares 25 percent of its variance with hours of coaching received. What is the correlation between them?  ||  A) r = 0.06  |  B) r = 0.25  |  C) r = 0.75  |  D) r = 0.50 in absolute value [X],11
998,S11-09,Effect size,authored,Written to the LD 810 lecture slides,11,Correlation and Regression,11,,,exam2,lab4,,,,,,,4,1,"25 percent versus 9 percent, a difference of 16 percentage points",194,65,64.3,0.7,1,"Q: A dean is comparing two predictors of first-year GPA: high school GPA (r = 0.50) and an admissions essay rating (r = 0.30). How much more variance does high school GPA share with first-year GPA?  ||  A) 25 percent versus 9 percent, a difference of 16 percentage points [X]  |  B) 20 percentage points more, matching the difference in r  |  C) Twice as much, because 0.50 is twice 0.30  |  D) The two predictors cannot be compared until the sample sizes and significance levels are reported",36
999,S11-10,What statistics cannot do,authored,Written to the LD 810 lecture slides,11,Correlation and Regression,11,,,exam2,lab4,,,,,,,4,3,Tutoring hours caused the reading gains,144,39,70.3,-31.3,1,Q: A district finds r = 0.58 between hours of after-school tutoring and reading gains. Which conclusion is NOT supported by this correlation alone?  ||  A) Students with more tutoring hours tended to show larger reading gains  |  B) The two variables move together in a moderately strong positive pattern  |  C) Tutoring hours caused the reading gains [X]  |  D) About 34 percent of the variance in gains is shared with tutoring hours,12
1000,S11-11,What statistics cannot do,authored,Written to the LD 810 lecture slides,11,Correlation and Regression,11,,,exam2,lab4,,,,,,,4,2,Units with sicker patients are assigned more social workers and also have more readmissions,176,91,78.3,12.7,0,"Q: A health system reports a positive correlation between the number of social workers on a unit and patient readmission rates. Which third-variable explanation is most plausible?  ||  A) Social workers increase readmissions through poor discharge planning  |  B) Units with sicker patients are assigned more social workers and also have more readmissions [X]  |  C) Readmissions cause hospitals to hire social workers instantly  |  D) The correlation must be a computational error, because more social work staffing should lower readmissions",15
1001,S11-12,What statistics cannot do,authored,Written to the LD 810 lecture slides,11,Correlation and Regression,11,,,exam2,lab4,,,,,,,4,3,Having more savings may be what frees people to attend workshops,180,64,62.3,1.7,0,"Q: A nonprofit finds that clients who attend more financial-literacy workshops have higher savings balances. A skeptical board member raises reverse causation. What is she suggesting?  ||  A) A hidden third variable, such as household income, is driving both workshop attendance and savings  |  B) The sample was too small to trust  |  C) Having more savings may be what frees people to attend workshops [X]  |  D) The correlation should be squared before interpreting it",26
1002,S11-13,What statistics cannot do,authored,Written to the LD 810 lecture slides,11,Correlation and Regression,11,,,exam2,lab4,,,,,,,4,4,"Higher-spending districts tend to have higher graduation rates, but the reason is not established",141,97,68.3,28.7,1,"Q: A city reports r = 0.66 between per-pupil spending and graduation rates across districts. What does this justify saying at a council meeting?  ||  A) Raising per-pupil spending by a fixed amount will raise each district's graduation rate proportionally  |  B) Spending is the primary driver of graduation rates  |  C) Districts differ in spending for no systematic reason  |  D) Higher-spending districts tend to have higher graduation rates, but the reason is not established [X]",14
1003,S11-14,What statistics cannot do,authored,Written to the LD 810 lecture slides,11,Correlation and Regression,11,,,exam2,lab4,,,,,,,4,1,"Larger fires draw more trucks and also cause more damage, so fire size is a lurking third variable",154,98,78.0,20.0,0,"Q: An analyst finds a strong correlation between the number of fire trucks sent to a call and the dollar damage of the fire. What is the best interpretation?  ||  A) Larger fires draw more trucks and also cause more damage, so fire size is a lurking third variable [X]  |  B) Sending fewer trucks to each call would reduce the average dollar damage that fires cause  |  C) Trucks cause damage while maneuvering at the scene  |  D) The correlation is spurious and should therefore be reported to the council as effectively zero",11
1004,S11-15,What statistics cannot do,authored,Written to the LD 810 lecture slides,11,Correlation and Regression,11,,,exam2,lab4,,,,,,,4,2,Random assignment of students to the advisory program or a comparison condition,221,79,44.7,34.3,1,"Q: A principal wants to claim that a new advisory program caused higher retention, citing r = 0.61 between advisory sessions attended and staying enrolled. What additional design feature would most strengthen a causal claim?  ||  A) Reporting r-squared alongside r  |  B) Random assignment of students to the advisory program or a comparison condition [X]  |  C) Increasing the sample from 200 to 2,000 students  |  D) Converting the variables to z scores before correlating",18
1005,S11-16,Assumptions and diagnostics,authored,Written to the LD 810 lecture slides,11,Correlation and Regression,11,,,exam2,lab4,,,,,,,4,2,"Restriction of range: admitted students have similar GRE scores, shrinking the observed correlation",156,99,72.7,26.3,1,"Q: A graduate program correlates GRE scores with graduate GPA among admitted students only and finds r = 0.09. Why might this understate the true relationship?  ||  A) GRE scores are not interval data  |  B) Restriction of range: admitted students have similar GRE scores, shrinking the observed correlation [X]  |  C) Graduate GPA is reported to too many decimal places for a Pearson correlation to be meaningful  |  D) The sample contains extreme outliers that are inflating the size of the observed correlation",28
1006,S11-17,Assumptions and diagnostics,authored,Written to the LD 810 lecture slides,11,Correlation and Regression,11,,,exam2,lab4,,,,,,,4,3,The narrow band of experience restricts the range and weakens r,176,63,58.7,4.3,1,"Q: A hospital correlates years of experience with error rates using only nurses with 8 to 10 years of experience and finds almost no relationship. What is the most likely problem?  ||  A) Reverse causation, in which making more errors somehow produces additional years of experience  |  B) Error rates are a nominal variable  |  C) The narrow band of experience restricts the range and weakens r [X]  |  D) Pearson r cannot be used with counts of any kind",9
1007,S11-18,Assumptions and diagnostics,authored,Written to the LD 810 lecture slides,11,Correlation and Regression,11,,,exam2,lab4,,,,,,,4,1,"Whether that extreme outlier is distorting the size of r, using a scatterplot",184,77,54.3,22.7,1,"Q: A nonprofit with 30 donors computes r = 0.71 between years of giving and total gift amount. One donor gave a single gift of $2 million in her first year. What should the analyst check?  ||  A) Whether that extreme outlier is distorting the size of r, using a scatterplot [X]  |  B) Whether the sample is large enough for a t test  |  C) Whether the variables should be converted to ranks before plotting  |  D) Whether the intercept is statistically significant",8
1008,S11-19,Assumptions and diagnostics,authored,Written to the LD 810 lecture slides,11,Correlation and Regression,11,,,exam2,lab4,,,,,,,4,2,"There is a relationship, but it is curvilinear, so Pearson r near zero is misleading",153,84,55.3,28.7,1,"Q: A district scatterplot of class size against teacher-rated engagement shows a clear inverted-U shape, yet Pearson r is 0.03. What is the best conclusion?  ||  A) The two variables are unrelated  |  B) There is a relationship, but it is curvilinear, so Pearson r near zero is misleading [X]  |  C) The scatterplot must have been drawn incorrectly, since r and the plot always agree exactly  |  D) Sample size is too small for any correlation",15
1009,S11-20,Assumptions and diagnostics,authored,Written to the LD 810 lecture slides,11,Correlation and Regression,11,,,exam2,lab4,,,,,,,4,4,"Outliers, curvilinearity, and restricted range can all mislead r, and only a plot reveals them",90,94,59.0,35.0,0,"Q: Why is it a mistake to report a Pearson correlation without first examining a scatterplot?  ||  A) Pearson r cannot be computed without a plot  |  B) APA style requires a scatterplot to accompany every correlation reported in a published table  |  C) Scatterplots replace the need to report r  |  D) Outliers, curvilinearity, and restricted range can all mislead r, and only a plot reveals them [X]",22
1010,S11-21,Chart choice,authored,Written to the LD 810 lecture slides,11,Correlation and Regression,11,,,exam2,lab4,,,,,,,4,2,A scatterplot with advising contacts on the x axis and retention outcome on the y axis,152,86,55.3,30.7,1,Q: A leadership team wants to display the relationship between advising contacts and student retention for 240 students. Which display is most appropriate?  ||  A) A pie chart of retention categories  |  B) A scatterplot with advising contacts on the x axis and retention outcome on the y axis [X]  |  C) A stacked bar chart showing counts of advising contacts by academic term and student class year  |  D) A box plot of advising contacts only,30
1011,S11-22,Chart choice,authored,Written to the LD 810 lecture slides,11,Correlation and Regression,11,,,exam2,lab4,,,,,,,4,3,"Direction of the cloud, how tightly points hug a line, curvature, and any stray points",109,86,65.7,20.3,0,"Q: When reading a scatterplot of nurse staffing against patient wait times, what should a leader look for first?  ||  A) Whether the axes are labeled in alphabetical order  |  B) The exact value of the correlation printed on the plot  |  C) Direction of the cloud, how tightly points hug a line, curvature, and any stray points [X]  |  D) The mean of each variable, marked with a vertical and a horizontal reference line on the plot",8
1012,S11-23,Chart choice,authored,Written to the LD 810 lecture slides,11,Correlation and Regression,11,,,exam2,lab4,,,,,,,4,1,A weak positive relationship,139,28,29.7,-1.7,0,Q: A scatterplot of tutoring hours and reading gains shows points scattered widely with a slight upward drift. What does this pattern suggest?  ||  A) A weak positive relationship [X]  |  B) A strong positive relationship  |  C) A perfect linear relationship  |  D) A strong negative relationship,12
1013,S11-24,Chart choice,authored,Written to the LD 810 lecture slides,11,Correlation and Regression,11,,,exam2,lab4,,,,,,,4,3,Close to -1.00,142,14,19.3,-5.3,0,"Q: On a scatterplot, points fall almost exactly along a line running from the upper left to the lower right. What is the approximate correlation?  ||  A) Close to zero  |  B) Close to +1.00  |  C) Close to -1.00 [X]  |  D) Cannot be estimated from a plot",28
1014,S11-25,Test selection,authored,Written to the LD 810 lecture slides,11,Correlation and Regression,11,,,exam2,lab4,,,,,,,4,2,"Spearman rank-order correlation, because both variables are ordinal",140,67,55.7,11.3,0,"Q: A dean wants to relate faculty rank order on a teaching award ballot to rank order on student evaluations. Which correlation is appropriate?  ||  A) Pearson r, because ranks are numbers  |  B) Spearman rank-order correlation, because both variables are ordinal [X]  |  C) Chi-square, because ranks are categories  |  D) A point-biserial correlation, which is designed for pairs of ranked faculty ballot outcomes",15
1015,S11-26,Test selection,authored,Written to the LD 810 lecture slides,11,Correlation and Regression,11,,,exam2,lab4,,,,,,,4,3,"Use Spearman rank-order correlation, which is less sensitive to extreme values and suits ordinal data",172,101,67.0,34.0,1,"Q: A clinic director has patient satisfaction measured on a 5-point ordinal scale and wait time in minutes, with several extreme wait times. Which approach is most defensible?  ||  A) Report Pearson r and ignore the extreme values  |  B) Convert wait times into high and low categories and compare satisfaction with a t test  |  C) Use Spearman rank-order correlation, which is less sensitive to extreme values and suits ordinal data [X]  |  D) Drop every case above the median wait time and correlate what remains",12
1016,S11-27,Test selection,authored,Written to the LD 810 lecture slides,11,Correlation and Regression,11,,,exam2,lab4,,,,,,,4,1,"Both variables are continuous and roughly linearly related, such as attendance rate and test score",57,98,62.3,35.7,0,"Q: Which situation calls for Pearson r rather than Spearman?  ||  A) Both variables are continuous and roughly linearly related, such as attendance rate and test score [X]  |  B) One variable is a rank order of schools  |  C) Both variables are ordinal satisfaction ratings  |  D) One variable is a nominal grouping of academic departments within the organization being studied here",10
1017,S11-28,Test selection,authored,Written to the LD 810 lecture slides,11,Correlation and Regression,11,,,exam2,lab4,,,,,,,4,4,"Regression, because it produces an equation that generates a predicted value",181,76,53.3,22.7,0,"Q: A nonprofit director asks whether correlation or regression fits her goal of predicting next year's donation amount from this year's contact count. Which is the better tool and why?  ||  A) Correlation, because it produces a single easy number  |  B) Correlation, because regression requires experimental data  |  C) Either one, because they produce identical output  |  D) Regression, because it produces an equation that generates a predicted value [X]",7
1018,S11-29,Regression,authored,Written to the LD 810 lecture slides,11,Correlation and Regression,11,,,exam2,lab4,,,,,,,4,1,Each one-point increase in attendance rate is associated with a predicted increase of 2.4 points in math score,174,110,86.0,24.0,1,"Q: A district's regression equation for predicting math score from attendance rate is Y-hat = 180 + 2.4X, where X is attendance rate in percent. What does the slope of 2.4 mean?  ||  A) Each one-point increase in attendance rate is associated with a predicted increase of 2.4 points in math score [X]  |  B) Attendance explains 2.4 percent of the variance in math scores  |  C) The average math score across all students in the district is 2.4 points above the state target  |  D) Students must attend 2.4 more school days than they currently do in order to pass the state math test",12
1019,S11-30,Regression,authored,Written to the LD 810 lecture slides,11,Correlation and Regression,11,,,exam2,lab4,,,,,,,4,2,Each additional nurse is associated with a predicted decrease of 4.5 minutes in wait time,146,89,57.0,32.0,1,"Q: A clinic uses Y-hat = 62 - 4.5X, where X is the number of nurses on a shift and Y-hat is predicted wait time in minutes. What does the slope mean?  ||  A) Wait time drops 4.5 percent per nurse  |  B) Each additional nurse is associated with a predicted decrease of 4.5 minutes in wait time [X]  |  C) The correlation between number of nurses and patient wait time is -4.5, a very strong relationship  |  D) Adding 4.5 nurses eliminates waiting",12
1020,S11-31,Regression,authored,Written to the LD 810 lecture slides,11,Correlation and Regression,11,,,exam2,lab4,,,,,,,4,3,The predicted retention likelihood when a student has zero advising contacts,177,76,63.0,13.0,1,"Q: A retention model is Y-hat = 48 + 6X, where X is the number of advising contacts and Y-hat is predicted retention likelihood in percent. What does the intercept of 48 represent?  ||  A) The average number of advising contacts received by students across the whole entering cohort  |  B) The strength of the relationship between contacts and retention  |  C) The predicted retention likelihood when a student has zero advising contacts [X]  |  D) The percent of variance explained",14
1021,S11-32,Regression,authored,Written to the LD 810 lecture slides,11,Correlation and Regression,11,,,exam2,lab4,,,,,,,4,4,Zero donors contacted may fall outside the range of X actually observed,152,71,47.3,23.7,1,"Q: In a nonprofit model Y-hat = 1500 + 35X, where X is donors contacted and Y-hat is dollars raised, why might the intercept have little practical meaning?  ||  A) Intercepts are never interpretable in regression  |  B) The intercept is always equal to the mean of Y  |  C) The intercept should be reported as a percentage  |  D) Zero donors contacted may fall outside the range of X actually observed [X]",14
1022,S11-33,Regression,authored,Written to the LD 810 lecture slides,11,Correlation and Regression,11,,,exam2,lab4,,,,,,,4,1,26 minutes,139,10,10.0,0.0,1,"Q: Using Y-hat = 62 - 4.5X for predicted wait time in minutes from number of nurses, what is the predicted wait time on a shift with 8 nurses?  ||  A) 26 minutes [X]  |  B) 36 minutes  |  C) 44 minutes  |  D) 17 minutes",12
1023,S11-34,Regression,authored,Written to the LD 810 lecture slides,11,Correlation and Regression,11,,,exam2,lab4,,,,,,,4,2,3.90,178,4,4.0,0.0,1,"Q: A registrar predicts GPA from attendance rate with Y-hat = 2.10 + 0.03X, where X is attendance rate in percent. What GPA is predicted for a student with an attendance rate of 60?  ||  A) 2.70  |  B) 3.90 [X]  |  C) 4.10  |  D) 1.80",14
1024,S11-35,Regression,authored,Written to the LD 810 lecture slides,11,Correlation and Regression,11,,,exam2,lab4,,,,,,,4,3,78 percent,171,10,10.0,0.0,1,"Q: A retention model is Y-hat = 48 + 6X, where X is advising contacts and Y-hat is predicted retention likelihood in percent. What is predicted for a student with 5 contacts?  ||  A) 54 percent  |  B) 30 percent  |  C) 78 percent [X]  |  D) 60 percent",15
1025,S11-36,Regression,authored,Written to the LD 810 lecture slides,11,Correlation and Regression,11,,,exam2,lab4,,,,,,,4,4,"$2,900",159,6,6.0,0.0,1,"Q: A development office uses Y-hat = 1500 + 35X, where X is the number of donors contacted and Y-hat is dollars raised. What is predicted for 40 donors contacted?  ||  A) $1,540  |  B) $3,500  |  C) $1,400  |  D) $2,900 [X]",12
1026,S11-37,Regression,authored,Written to the LD 810 lecture slides,11,Correlation and Regression,11,,,exam2,lab4,,,,,,,4,1,240,153,3,3.0,0.0,1,"Q: A reading model is Y-hat = 180 + 2.4X, where X is daily minutes of independent reading. What score is predicted for a student who reads 25 minutes a day?  ||  A) 240 [X]  |  B) 205  |  C) 300  |  D) 216",9
1027,S11-38,Regression,authored,Written to the LD 810 lecture slides,11,Correlation and Regression,11,,,exam2,lab4,,,,,,,4,2,24.5 percent,152,12,12.0,0.0,1,Q: A staffing model predicts turnover percent from supervisor span of control: Y-hat = 12.5 + 0.8X. What is predicted for a supervisor overseeing 15 staff?  ||  A) 20.0 percent  |  B) 24.5 percent [X]  |  C) 13.3 percent  |  D) 27.5 percent,16
1028,S11-39,Regression,authored,Written to the LD 810 lecture slides,11,Correlation and Regression,11,,,exam2,lab4,,,,,,,4,3,"This is extrapolation far beyond the observed range of X, so the prediction is not trustworthy",154,94,59.7,34.3,1,"Q: A model built on schools with attendance rates from 80 to 98 percent is used to predict scores for a school at 45 percent attendance. What is the problem?  ||  A) The slope must be recalculated in z scores  |  B) The intercept is too large  |  C) This is extrapolation far beyond the observed range of X, so the prediction is not trustworthy [X]  |  D) Regression equations cannot legitimately be used at all when the predictor variable is measured as a percentage",5
1029,S11-40,Regression,authored,Written to the LD 810 lecture slides,11,Correlation and Regression,11,,,exam2,lab4,,,,,,,4,4,The equation should not be used that far outside the data it was built on,160,73,52.0,21.0,1,"Q: A clinic's wait-time model was built on shifts staffed with 4 to 10 nurses. A director asks what the equation predicts for 25 nurses. What is the best response?  ||  A) Report the predicted value, since the equation is linear  |  B) Recompute the equation using Spearman correlation  |  C) Report the value but square it to correct for range  |  D) The equation should not be used that far outside the data it was built on [X]",15
1030,S11-41,Regression,authored,Written to the LD 810 lecture slides,11,Correlation and Regression,11,,,exam2,lab4,,,,,,,4,1,"The residual, or error in prediction, for that case",115,51,25.0,26.0,1,"Q: A regression predicts a student will earn a 3.4 GPA; the student actually earns 3.1. What is the value -0.3 called?  ||  A) The residual, or error in prediction, for that case [X]  |  B) The standard error of the estimate  |  C) The slope  |  D) The coefficient of determination",14
1031,S11-42,Regression,authored,Written to the LD 810 lecture slides,11,Correlation and Regression,11,,,exam2,lab4,,,,,,,4,2,"The typical size of the gap between predicted and actual values, in the units of the outcome",84,92,73.0,19.0,0,"Q: What does the standard error of the estimate tell a leader using a regression model?  ||  A) How many cases were in the sample  |  B) The typical size of the gap between predicted and actual values, in the units of the outcome [X]  |  C) The percent of variance in the outcome that is explained by the predictor variable in the model  |  D) Whether the slope is statistically significant at the conventional .05 level of probability",10
1032,S11-43,Regression,authored,Written to the LD 810 lecture slides,11,Correlation and Regression,11,,,exam2,lab4,,,,,,,4,3,"Model A produces more accurate predictions, with actual values falling closer to predicted ones",142,95,37.0,58.0,1,"Q: Two regression models predict patient wait time. Model A has a standard error of the estimate of 4 minutes; Model B, 15 minutes. What follows?  ||  A) Model B has the stronger correlation  |  B) Model B uses a larger sample  |  C) Model A produces more accurate predictions, with actual values falling closer to predicted ones [X]  |  D) The models cannot be compared without r-squared",17
1033,S11-44,Regression,authored,Written to the LD 810 lecture slides,11,Correlation and Regression,11,,,exam2,lab4,,,,,,,4,4,The standard error of the estimate shrinks and predictions get more accurate,125,76,51.0,25.0,0,"Q: As the correlation between a predictor and an outcome gets stronger, what happens to prediction from the regression equation?  ||  A) The slope always approaches 1.00  |  B) The intercept approaches zero  |  C) Predictions become less useful, because a larger r shrinks r-squared and the shared variance  |  D) The standard error of the estimate shrinks and predictions get more accurate [X]",7
1034,S11-45,Correlation,authored,Written to the LD 810 lecture slides,11,Correlation and Regression,11,,,exam2,lab4,,,,,,,4,1,"Statistically significant but trivially small, explaining well under 1 percent of the variance",157,94,46.3,47.7,1,"Q: With 5,000 students, a district reports that the correlation between library visits and GPA is r = 0.04, p < .001. How should this be described to the board?  ||  A) Statistically significant but trivially small, explaining well under 1 percent of the variance [X]  |  B) Strong evidence that library visits raise GPA  |  C) A moderate relationship that merits new investment  |  D) Not significant, so the relationship is zero",12
1035,S11-46,Correlation,authored,Written to the LD 810 lecture slides,11,Correlation and Regression,11,,,exam2,lab4,,,,,,,4,2,"Significance testing reflects how unlikely the result is by chance, and large samples make even tiny effects unlikely by chance",82,127,76.7,50.3,0,"Q: Why can a very small correlation reach statistical significance in a large sample?  ||  A) Large samples mathematically inflate the size of r itself, pushing weak relationships upward  |  B) Significance testing reflects how unlikely the result is by chance, and large samples make even tiny effects unlikely by chance [X]  |  C) p values are computed from r-squared, not r  |  D) Large samples eliminate measurement error entirely, so every observed relationship becomes real",11
1036,S11-47,Correlation,authored,Written to the LD 810 lecture slides,11,Correlation and Regression,11,,,exam2,lab4,,,,,,,4,3,"The sample is too small to rule out chance, though the observed relationship is moderate and worth studying further",198,115,68.7,46.3,1,"Q: A small clinic of 18 staff finds r = 0.42 between wellness program participation and reported burnout relief, but the result is not statistically significant. What is the most reasonable conclusion?  ||  A) The relationship is definitely zero in the population  |  B) Participation clearly reduces burnout  |  C) The sample is too small to rule out chance, though the observed relationship is moderate and worth studying further [X]  |  D) Nonsignificant correlations should never be reported in a program evaluation submitted to an outside funder or board",29
1037,S11-48,Correlation,authored,Written to the LD 810 lecture slides,11,Correlation and Regression,11,,,exam2,lab4,,,,,,,4,4,"The relationship is unlikely to be chance, but it explains only about 8 percent of the variance",156,95,52.0,43.0,1,"Q: A grant report states that a correlation of r = 0.28 was significant at p < .05 with n = 400. Which statement best reflects both significance and magnitude?  ||  A) The relationship is strong because p is small  |  B) Significance and magnitude are the same property  |  C) Because p < .05, about 5 percent of the variance is unexplained  |  D) The relationship is unlikely to be chance, but it explains only about 8 percent of the variance [X]",14
1038,S11-49,Correlation,authored,Written to the LD 810 lecture slides,11,Correlation and Regression,11,,,exam2,lab4,,,,,,,4,1,"There is no linear relationship in these data, though a curved relationship or a restricted range could hide one",126,112,58.3,53.7,1,"Q: A state agency finds r = 0.00 between county funding per resident and immunization rates. What is the most careful conclusion?  ||  A) There is no linear relationship in these data, though a curved relationship or a restricted range could hide one [X]  |  B) County funding has no effect of any kind on immunization rates anywhere in the state, now or later  |  C) The data must contain an error  |  D) Immunization rates are constant across counties",11
1039,S11-50,Assumptions and diagnostics,authored,Written to the LD 810 lecture slides,11,Correlation and Regression,11,,,exam2,lab4,,,,,,,4,2,Report both results and discuss the influence of that one district on the correlation,221,85,65.0,20.0,1,"Q: An analyst computes r = 0.81 between school budget and enrollment for 12 districts, but one very large urban district sits far from the rest of the points. Removing it drops r to 0.22. What is the honest reporting choice?  ||  A) Report only the higher value, since more data is always better than less when estimating r  |  B) Report both results and discuss the influence of that one district on the correlation [X]  |  C) Report only the lower value and delete the district permanently  |  D) Report the average of the two correlations",12
1040,S12-01,Multiple regression,authored,Written to the LD 810 lecture slides,12,Multiple Regression and Diagnostics,12,,,exam2,lab4,,,,,,,4,3,"Each added mentoring hour predicts 0.8 more months, experience held constant.",179,77,72.0,5.0,1,"Q: A district predicts teacher retention in months from years of experience and mentoring hours. The unstandardized coefficient for mentoring hours is 0.8. What does that value mean?  ||  A) The correlation between mentoring hours and months of retention is 0.8.  |  B) Mentoring hours matter 0.8 standard deviations more than experience does.  |  C) Each added mentoring hour predicts 0.8 more months, experience held constant. [X]  |  D) Mentoring hours explain 80 percent of the variance in teacher retention.",13
1041,S12-02,Multiple regression,authored,Written to the LD 810 lecture slides,12,Multiple Regression and Diagnostics,12,,,exam2,lab4,,,,,,,4,3,34,192,2,2.0,0.0,1,"Q: A nonprofit predicts annual gift size with Y' = 12 + 0.5(volunteer hours) + 3(events attended). A donor logged 20 volunteer hours and attended 4 events. What is the predicted gift, in dollars?  ||  A) 26  |  B) 30  |  C) 34 [X]  |  D) 38",17
1042,S12-03,Effect size,authored,Written to the LD 810 lecture slides,12,Multiple Regression and Diagnostics,12,,,exam2,lab4,,,,,,,4,4,The new predictor is not worth the degrees of freedom it costs.,161,63,64.3,-1.3,1,"Q: An analyst adds a sixth predictor to a donor renewal model. R-squared rises from .41 to .42, but adjusted R-squared falls from .38 to .36. What is the best read?  ||  A) The model clearly improved, because the raw R-squared went up.  |  B) Adjusted R-squared was almost certainly computed incorrectly here.  |  C) The new predictor is significant but carries only a small effect.  |  D) The new predictor is not worth the degrees of freedom it costs. [X]",14
1043,S12-04,Multiple regression,authored,Written to the LD 810 lecture slides,12,Multiple Regression and Diagnostics,12,,,exam2,lab4,,,,,,,4,4,The four predictors together predict stay better than chance.,136,61,58.0,3.0,1,"Q: A hospital regresses length of stay on four admission variables and reports F(4, 195) = 6.31, p = .001. What does that F test establish?  ||  A) Every one of the four admission predictors is significant.  |  B) The single strongest predictor in the model is significant.  |  C) The model satisfies the homoscedasticity assumption well.  |  D) The four predictors together predict stay better than chance. [X]",12
1044,S12-05,Multiple regression,authored,Written to the LD 810 lecture slides,12,Multiple Regression and Diagnostics,12,,,exam2,lab4,,,,,,,4,2,The predictors are heavily correlated with one another.,150,55,55.3,-0.3,0,"Q: In a model of time to degree, the overall F is significant but not one individual predictor reaches significance. What is the most likely explanation?  ||  A) The analyst used the wrong alpha level for the F test.  |  B) The predictors are heavily correlated with one another. [X]  |  C) The sample size is far too large for this many predictors.  |  D) The outcome variable is not normally distributed here.",32
1045,S12-06,Multiple regression,authored,Written to the LD 810 lecture slides,12,Multiple Regression and Diagnostics,12,,,exam2,lab4,,,,,,,4,1,The standardized beta weights,169,29,30.3,-1.3,0,"Q: A dean wants to know which of three predictors matters most in a model where predictors are measured in dollars, years, and test points. Which values should she compare?  ||  A) The standardized beta weights [X]  |  B) The intercepts for each predictor  |  C) The unstandardized b values  |  D) The p values for each predictor",19
1046,S12-07,Multiple regression,authored,Written to the LD 810 lecture slides,12,Multiple Regression and Diagnostics,12,,,exam2,lab4,,,,,,,4,4,The unstandardized b for follow-up calls,144,40,38.7,1.3,0,Q: A clinic director must tell her board how many fewer readmission days to expect for each added follow-up call. Which number belongs in the memo?  ||  A) The model's adjusted R-squared value  |  B) The standardized beta for follow-up calls  |  C) The tolerance value for follow-up calls  |  D) The unstandardized b for follow-up calls [X],10
1047,S12-08,Multiple regression,authored,Written to the LD 810 lecture slides,12,Multiple Regression and Diagnostics,12,,,exam2,lab4,,,,,,,4,2,3,145,1,1.0,0.0,0,"Q: A researcher wants campus site, which has four levels, as a predictor of student persistence. How many dummy variables should enter the equation?  ||  A) 2  |  B) 3 [X]  |  C) 4  |  D) 5",16
1048,S12-09,Multiple regression,authored,Written to the LD 810 lecture slides,12,Multiple Regression and Diagnostics,12,,,exam2,lab4,,,,,,,4,1,"As differences from rural, the reference group",147,46,47.7,-1.7,0,"Q: Region has three levels: urban, suburban, and rural. The analyst enters two dummies and omits rural. How should the two dummy coefficients be read?  ||  A) As differences from rural, the reference group [X]  |  B) As the correlation of region with the outcome  |  C) As the effect of region ignoring other predictors  |  D) As the average outcome within each of the regions",15
1049,S12-10,Multiple regression,authored,Written to the LD 810 lecture slides,12,Multiple Regression and Diagnostics,12,,,exam2,lab4,,,,,,,4,2,"Four, with the fifth serving as the reference group",139,51,50.3,0.7,0,"Q: A nonprofit codes donor acquisition channel into five categories for a renewal model. How many dummy variables enter the equation, and why?  ||  A) One, coded 1 through 5 to preserve all categories  |  B) Four, with the fifth serving as the reference group [X]  |  C) Two, because dummy variables are always binary ones  |  D) Five, one dummy variable for each of the categories",22
1050,S12-11,Assumptions and diagnostics,authored,Written to the LD 810 lecture slides,12,Multiple Regression and Diagnostics,12,,,exam2,lab4,,,,,,,4,2,Multicollinearity among the predictors,159,38,37.0,1.0,0,"Q: A donor renewal model includes total giving, average gift, and number of gifts. Coefficients flip sign and standard errors balloon. What is the likely problem?  ||  A) An alpha level that was set too low  |  B) Multicollinearity among the predictors [X]  |  C) Heteroscedasticity in the residual plot  |  D) A violation of independence of errors",12
1051,S12-12,Assumptions and diagnostics,authored,Written to the LD 810 lecture slides,12,Multiple Regression and Diagnostics,12,,,exam2,lab4,,,,,,,4,4,That predictor is largely redundant with the others.,94,52,51.0,1.0,1,Q: Output for a nurse staffing model shows a VIF of 8.6 for one predictor. What does that signal?  ||  A) That predictor explains 8.6 percent of the variance.  |  B) That predictor has unusual influence on the intercept.  |  C) The residuals depart noticeably from normality.  |  D) That predictor is largely redundant with the others. [X],15
1052,S12-13,Assumptions and diagnostics,authored,Written to the LD 810 lecture slides,12,Multiple Regression and Diagnostics,12,,,exam2,lab4,,,,,,,4,2,Only 9 percent of its variance is independent of the others.,102,60,57.3,2.7,1,Q: Tolerance for one predictor in a persistence model is reported as .09. How should the analyst read it?  ||  A) The predictor accounts for 9 percent of outcome variance.  |  B) Only 9 percent of its variance is independent of the others. [X]  |  C) The predictor is significant only at the .09 alpha level.  |  D) Nine percent of the cases in the model are clear outliers.,15
1053,S12-14,Assumptions and diagnostics,authored,Written to the LD 810 lecture slides,12,Multiple Regression and Diagnostics,12,,,exam2,lab4,,,,,,,4,1,Drop one of them or combine them into a composite.,119,50,49.7,0.3,1,"Q: Two predictors in a staff retention model correlate .93, and both carry high VIF values. What is a reasonable response?  ||  A) Drop one of them or combine them into a composite. [X]  |  B) Raise alpha to .10 so that both stay significant.  |  C) Transform the outcome variable and rerun the model.  |  D) Report both coefficients without further comment.",34
1054,S12-15,Assumptions and diagnostics,authored,Written to the LD 810 lecture slides,12,Multiple Regression and Diagnostics,12,,,exam2,lab4,,,,,,,4,4,Linearity of the predictor and outcome relations,168,48,42.3,5.7,0,"Q: Before modeling length of stay on age and comorbidity count, a resident inspects a scatterplot of each predictor against the outcome. Which assumption is being checked?  ||  A) Equality of sample sizes across predictors  |  B) Independence of the errors across the cases  |  C) Normality of each predictor's distribution  |  D) Linearity of the predictor and outcome relations [X]",11
1055,S12-16,Assumptions and diagnostics,authored,Written to the LD 810 lecture slides,12,Multiple Regression and Diagnostics,12,,,exam2,lab4,,,,,,,4,4,Independence of errors,147,22,27.0,-5.0,1,"Q: Students in a persistence model are clustered in 20 advising cohorts, and outcomes within a cohort move together. Which assumption is most at risk?  ||  A) Homoscedasticity of residuals  |  B) Normality of the residuals  |  C) Linearity of relationships  |  D) Independence of errors [X]",15
1056,S12-17,Assumptions and diagnostics,authored,Written to the LD 810 lecture slides,12,Multiple Regression and Diagnostics,12,,,exam2,lab4,,,,,,,4,4,Whether residual spread is similar across predicted values,107,58,54.0,4.0,0,Q: A reviewer asks whether the homoscedasticity assumption holds in a donor giving model. What is being asked?  ||  A) Whether every predictor relates linearly to the outcome  |  B) Whether the predictors are uncorrelated with each other  |  C) Whether the outcome variable is normally distributed  |  D) Whether residual spread is similar across predicted values [X],9
1057,S12-18,Assumptions and diagnostics,authored,Written to the LD 810 lecture slides,12,Multiple Regression and Diagnostics,12,,,exam2,lab4,,,,,,,4,1,Heteroscedasticity,155,18,19.3,-1.3,0,Q: A residual plot for predicted hospital charges fans out: residuals are tight at low predicted values and wide at high ones. What does that funnel indicate?  ||  A) Heteroscedasticity [X]  |  B) Correlated errors  |  C) Multicollinearity  |  D) A nonlinear relationship,8
1058,S12-19,Assumptions and diagnostics,authored,Written to the LD 810 lecture slides,12,Multiple Regression and Diagnostics,12,,,exam2,lab4,,,,,,,4,1,The relationship is not linear as modeled.,127,42,41.0,1.0,0,Q: Residuals plotted against predicted values form a clear U shape in a model of time to degree. What should the analyst conclude?  ||  A) The relationship is not linear as modeled. [X]  |  B) The sample is too small for this model.  |  C) One case is exerting excessive influence.  |  D) The errors are correlated across the cases.,9
1059,S12-20,Assumptions and diagnostics,authored,Written to the LD 810 lecture slides,12,Multiple Regression and Diagnostics,12,,,exam2,lab4,,,,,,,4,2,That the errors are approximately normally distributed,118,54,51.0,3.0,0,Q: Which assumption does a normal probability plot of residuals address in a regression predicting donor renewal amounts?  ||  A) That each predictor is itself normally distributed  |  B) That the errors are approximately normally distributed [X]  |  C) That residual variance is constant across the model  |  D) That the predictors are uncorrelated with each other,13
1060,S12-21,Assumptions and diagnostics,authored,Written to the LD 810 lecture slides,12,Multiple Regression and Diagnostics,12,,,exam2,lab4,,,,,,,4,1,High leverage on the predictor side,129,35,33.7,1.3,1,"Q: In a 60-site nursing home model, one site has a bed count five times larger than the next largest. What does that give this case?  ||  A) High leverage on the predictor side [X]  |  B) A large residual by definition  |  C) A low tolerance value by default  |  D) A violation of the normality assumption",12
1061,S12-22,Assumptions and diagnostics,authored,Written to the LD 810 lecture slides,12,Multiple Regression and Diagnostics,12,,,exam2,lab4,,,,,,,4,4,Dropping that case would noticeably change the coefficients.,134,60,55.7,4.3,0,Q: An analyst flags one case with a Cook's distance far larger than any other in a model of program completion. What does that flag mean?  ||  A) That case violates the homoscedasticity assumption badly.  |  B) That case is missing a value on one of the predictors.  |  C) That case sits three standard deviations above the mean.  |  D) Dropping that case would noticeably change the coefficients. [X],14
1062,S12-23,Assumptions and diagnostics,authored,Written to the LD 810 lecture slides,12,Multiple Regression and Diagnostics,12,,,exam2,lab4,,,,,,,4,3,Check it for data errors and report with and without it.,139,56,55.7,0.3,0,"Q: One clinic turns out to be highly influential in a regression of readmission rates on staffing variables. What is the defensible next step?  ||  A) Keep it and stop running further regression diagnostics.  |  B) Recode its values to the sample mean before rerunning.  |  C) Check it for data errors and report with and without it. [X]  |  D) Delete it, because influential cases always bias results.",19
1063,S12-24,Research methods,authored,Written to the LD 810 lecture slides,12,Multiple Regression and Diagnostics,12,,,exam2,lab4,,,,,,,4,4,The model was overfit to noise in the original sample.,137,54,53.0,1.0,1,"Q: A doctoral student fits 12 predictors to 45 cases and gets R-squared = .72, but the model predicts poorly in a new sample. What happened?  ||  A) The outcome variable had too little variance to model.  |  B) The residuals violated the homoscedasticity assumption.  |  C) The alpha level was far too strict for this model.  |  D) The model was overfit to noise in the original sample. [X]",18
1064,S12-25,Effect size,authored,Written to the LD 810 lecture slides,12,Multiple Regression and Diagnostics,12,,,exam2,lab4,,,,,,,4,4,Because adding any predictor can only hold or raise raw R-squared,137,65,59.7,5.3,0,"Q: An analyst notices that adding an obviously irrelevant predictor, staff birth month, still nudges R-squared upward. Why does that happen?  ||  A) Because R-squared is computed entirely from standardized scores  |  B) Because the overall F test rewards larger, fuller models  |  C) Because birth month is probably confounded with staff tenure  |  D) Because adding any predictor can only hold or raise raw R-squared [X]",9
1065,S12-26,Research methods,authored,Written to the LD 810 lecture slides,12,Multiple Regression and Diagnostics,12,,,exam2,lab4,,,,,,,4,3,"Selection chases sample quirks, and the p values mislead.",154,57,58.0,-1.0,1,"Q: A colleague runs stepwise selection on 30 candidate predictors of donor renewal and keeps whichever five the software retains. What is the main criticism?  ||  A) Stepwise selection always creates multicollinearity problems.  |  B) Stepwise procedures cannot handle dummy variables at all.  |  C) Selection chases sample quirks, and the p values mislead. [X]  |  D) Stepwise requires equal sample sizes for each predictor.",12
1066,S12-27,Research methods,authored,Written to the LD 810 lecture slides,12,Multiple Regression and Diagnostics,12,,,exam2,lab4,,,,,,,4,4,Enter a small set of predictors specified in advance,126,52,52.7,-0.7,0,"Q: Instead of stepwise selection, which approach is a dissertation committee most likely to accept for a model of time to degree?  ||  A) Enter every available variable, then trim by p value  |  B) Let the software choose, to avoid researcher bias  |  C) Enter predictors in order of their bivariate correlations  |  D) Enter a small set of predictors specified in advance [X]",22
1067,S12-28,Research methods,authored,Written to the LD 810 lecture slides,12,Multiple Regression and Diagnostics,12,,,exam2,lab4,,,,,,,4,1,About 60 to 120 cases,128,21,18.7,2.3,1,"Q: A common rule of thumb calls for roughly 10 to 20 cases per predictor. With six predictors, what minimum sample does that imply?  ||  A) About 60 to 120 cases [X]  |  B) About 20 to 30 cases  |  C) About 200 to 400 cases  |  D) About 12 cases",13
1068,S12-29,Research methods,authored,Written to the LD 810 lecture slides,12,Multiple Regression and Diagnostics,12,,,exam2,lab4,,,,,,,4,2,Coefficients will be unstable and unlikely to replicate.,105,56,55.0,1.0,1,Q: A nonprofit has records on 38 donors and wants to test nine predictors of renewal. What is the main risk?  ||  A) The overall F test cannot be computed with so few cases.  |  B) Coefficients will be unstable and unlikely to replicate. [X]  |  C) The linearity assumption is automatically violated here.  |  D) Adjusted R-squared cannot be reported for this model.,11
1069,S12-30,Multiple regression,authored,Written to the LD 810 lecture slides,12,Multiple Regression and Diagnostics,12,,,exam2,lab4,,,,,,,4,1,"Overall F, adjusted R-squared, and each predictor's b and p",101,59,54.0,5.0,0,"Q: Which set of results best belongs in a board memo reporting a multiple regression of staff retention?  ||  A) Overall F, adjusted R-squared, and each predictor's b and p [X]  |  B) The predicted retention score for one typical employee  |  C) The intercept plus a full table of the raw case data  |  D) The correlation matrix only, with no model results shown",44
1070,S12-31,What statistics cannot do,authored,Written to the LD 810 lecture slides,12,Multiple Regression and Diagnostics,12,,,exam2,lab4,,,,,,,4,1,Prediction from observational data cannot establish cause.,141,58,60.0,-2.0,0,"Q: A memo states that mentoring hours caused higher retention, based on a regression of routinely collected personnel data. What is the problem?  ||  A) Prediction from observational data cannot establish cause. [X]  |  B) The analyst should have reported a correlation coefficient.  |  C) Causal claims require a considerably larger R-squared value.  |  D) Regression coefficients require experimental data to compute.",13
1071,S12-32,Multiple regression,authored,Written to the LD 810 lecture slides,12,Multiple Regression and Diagnostics,12,,,exam2,lab4,,,,,,,4,2,It is the caseload effect with the experience overlap removed.,121,62,56.0,6.0,0,Q: A partial slope for caseload is described as holding staff experience constant. What does that phrase mean statistically?  ||  A) Experience was fixed at a value of zero for every case.  |  B) It is the caseload effect with the experience overlap removed. [X]  |  C) Experience was left out of the regression model entirely.  |  D) Experience and caseload were measured on the same scale.,16
1072,S12-33,Multiple regression,authored,Written to the LD 810 lecture slides,12,Multiple Regression and Diagnostics,12,,,exam2,lab4,,,,,,,4,3,The predicted gift when both predictors equal zero,128,50,46.0,4.0,1,"Q: In a model predicting donor gift amount from years of giving and events attended, the intercept is 45. What does that represent?  ||  A) The average gift amount across all of the donors  |  B) The smallest gift amount observed in the sample  |  C) The predicted gift when both predictors equal zero [X]  |  D) The share of gift variance left unexplained",15
1073,S12-34,Effect size,authored,Written to the LD 810 lecture slides,12,Multiple Regression and Diagnostics,12,,,exam2,lab4,,,,,,,4,2,It penalizes the model for predictors relative to sample size.,97,62,55.0,7.0,0,Q: How does adjusted R-squared differ from R-squared in a multiple regression of program completion?  ||  A) It is computed only when the predictors are standardized.  |  B) It penalizes the model for predictors relative to sample size. [X]  |  C) It is always the larger of the two values reported.  |  D) It reports statistical significance rather than variance.,11
1074,S12-35,Effect size,authored,Written to the LD 810 lecture slides,12,Multiple Regression and Diagnostics,12,,,exam2,lab4,,,,,,,4,2,About 34 percent of the variance in stay is explained.,96,54,54.0,0.0,1,Q: A model of length of stay reports adjusted R-squared = .34. Which statement belongs in the memo?  ||  A) Thirty-four percent of the patients were predicted correctly.  |  B) About 34 percent of the variance in stay is explained. [X]  |  C) The model is accurate about 34 percent of the time.  |  D) The predictors correlate .34 with stay on average.,15
1075,S12-36,Multiple regression,authored,Written to the LD 810 lecture slides,12,Multiple Regression and Diagnostics,12,,,exam2,lab4,,,,,,,4,3,Caseload adds unique prediction beyond the other predictors.,99,60,56.3,3.7,1,"Q: In a retention model, the coefficient for caseload has t = -2.41, p = .017. What does that support?  ||  A) Caseload accounts for 2.41 percent of the total variance.  |  B) Caseload causes lower retention among the staff studied.  |  C) Caseload adds unique prediction beyond the other predictors. [X]  |  D) Caseload is the strongest predictor in the entire model.",6
1076,S12-37,Multiple regression,authored,Written to the LD 810 lecture slides,12,Multiple Regression and Diagnostics,12,,,exam2,lab4,,,,,,,4,3,More advising predicts a shorter time to degree.,97,48,50.0,-2.0,1,Q: A model of time to degree yields b = -0.35 for hours of advising received. How is that sign read?  ||  A) Advising hours were reverse coded by the software.  |  B) The model fits the observed data rather poorly.  |  C) More advising predicts a shorter time to degree. [X]  |  D) Advising hours and time to degree are unrelated here.,15
1077,S12-38,Multiple regression,authored,Written to the LD 810 lecture slides,12,Multiple Regression and Diagnostics,12,,,exam2,lab4,,,,,,,4,3,43,209,2,2.0,0.0,1,"Q: A persistence model reads Y' = 20 + 0.4(orientation minutes) + 3(urban), where urban is coded 1 for urban campuses and 0 for rural. What is the predicted score for an urban student with 50 orientation minutes?  ||  A) 23  |  B) 40  |  C) 43 [X]  |  D) 46",13
1078,S12-39,Multiple regression,authored,Written to the LD 810 lecture slides,12,Multiple Regression and Diagnostics,12,,,exam2,lab4,,,,,,,4,3,A one SD rise in income predicts .42 SD higher persistence.,101,59,54.7,4.3,1,Q: A beta weight of .42 is reported for family income in a student persistence model. What does it mean?  ||  A) Family income explains 42 percent of student persistence.  |  B) Income and persistence correlate .42 in this sample.  |  C) A one SD rise in income predicts .42 SD higher persistence. [X]  |  D) Income raises the persistence score by 0.42 raw points.,10
1079,S12-40,Multiple regression,authored,Written to the LD 810 lecture slides,12,Multiple Regression and Diagnostics,12,,,exam2,lab4,,,,,,,4,1,b gives real-world units; beta allows comparison.,116,49,51.0,-2.0,0,"Q: A dissertation table reports b, SE, beta, t, and p for every predictor of donor renewal. Why report both b and beta?  ||  A) b gives real-world units; beta allows comparison. [X]  |  B) b suits small samples, while beta suits large ones.  |  C) b applies to dummies, while beta applies elsewhere.  |  D) b tests significance, while beta tests assumptions.",31
1080,S12-41,Assumptions and diagnostics,authored,Written to the LD 810 lecture slides,12,Multiple Regression and Diagnostics,12,,,exam2,lab4,,,,,,,4,3,That donor's actual amount minus the predicted amount,84,53,50.0,3.0,0,"Q: In a model predicting donor renewal amounts, what is the residual for a given donor?  ||  A) That donor's amount minus the overall sample mean  |  B) The share of outcome variance that donor contributes  |  C) That donor's actual amount minus the predicted amount [X]  |  D) That donor's standardized score on the predictors",22
1081,S12-42,Assumptions and diagnostics,authored,Written to the LD 810 lecture slides,12,Multiple Regression and Diagnostics,12,,,exam2,lab4,,,,,,,4,4,The accuracy of standard errors and significance tests,113,54,48.3,5.7,0,"Q: If residual spread grows steadily as predicted values grow in a model of hospital charges, what is most affected?  ||  A) The direction of the sign on every coefficient  |  B) The value of R-squared, though nothing else changes  |  C) The number of dummy variables the model requires  |  D) The accuracy of standard errors and significance tests [X]",27
1082,S12-43,Assumptions and diagnostics,authored,Written to the LD 810 lecture slides,12,Multiple Regression and Diagnostics,12,,,exam2,lab4,,,,,,,4,4,An outlier that is not influential,132,34,33.7,0.3,0,"Q: One case in a completion model has a very large residual, but dropping it barely changes the coefficients. How is it best described?  ||  A) A high leverage point in the model  |  B) Influential but not an outlier  |  C) Evidence of serious multicollinearity  |  D) An outlier that is not influential [X]",14
1083,S12-44,Multiple regression,authored,Written to the LD 810 lecture slides,12,Multiple Regression and Diagnostics,12,,,exam2,lab4,,,,,,,4,1,The variance participation explains beyond demographics,145,55,52.7,2.3,0,"Q: An analyst enters demographic predictors first, then adds program participation, and reports the change in R-squared. What does that change show?  ||  A) The variance participation explains beyond demographics [X]  |  B) The total variance participation explains on its own  |  C) Whether the demographic predictors violate assumptions  |  D) Whether the model residuals are normally distributed",8
1084,S12-45,Software and output,authored,Written to the LD 810 lecture slides,12,Multiple Regression and Diagnostics,12,,,exam2,lab4,,,,,,,4,3,The Unstandardized column,166,25,24.3,0.7,0,"Q: Regression output for a staffing model lists Unstandardized, Standard Error, Standardized, t, and p columns. Where is the predicted change expressed in outcome units?  ||  A) The Standardized column  |  B) The Standard Error column  |  C) The Unstandardized column [X]  |  D) The t column of the table",14
1085,S12-46,Software and output,authored,Written to the LD 810 lecture slides,12,Multiple Regression and Diagnostics,12,,,exam2,lab4,,,,,,,4,3,Variance explained by the model against variance unexplained,120,60,53.3,6.7,0,Q: Regression output includes an ANOVA table with a Regression row and a Residual row. What does the F ratio there compare?  ||  A) Each predictor measured against all the other predictors  |  B) Observed frequencies measured against expected ones  |  C) Variance explained by the model against variance unexplained [X]  |  D) Adjusted R-squared measured against the raw R-squared,13
1086,S12-47,What statistics cannot do,authored,Written to the LD 810 lecture slides,12,Multiple Regression and Diagnostics,12,,,exam2,lab4,,,,,,,4,2,The model may not hold in districts unlike the one sampled.,141,59,57.0,2.0,0,"Q: A retention model was built on data from one rural district, and a consultant wants to apply its coefficients statewide. What is the caution?  ||  A) Regression coefficients can never be applied to new cases.  |  B) The model may not hold in districts unlike the one sampled. [X]  |  C) R-squared would have to exceed .50 before any application.  |  D) Adjusted R-squared would have to be recomputed by hand.",17
1087,S12-48,What statistics cannot do,authored,Written to the LD 810 lecture slides,12,Multiple Regression and Diagnostics,12,,,exam2,lab4,,,,,,,4,2,A confounding variable that could explain the association,157,57,55.3,1.7,0,"Q: A model shows that program participation predicts graduation, but the most motivated students choose to enroll in the program. What does the model leave out?  ||  A) A required interaction term between the dummy variables  |  B) A confounding variable that could explain the association [X]  |  C) A needed correction for heteroscedastic residual spread  |  D) A standardized version of the graduation outcome measure",12
1088,S12-49,Research methods,authored,Written to the LD 810 lecture slides,12,Multiple Regression and Diagnostics,12,,,exam2,lab4,,,,,,,4,1,Select a handful of theoretically central predictors.,116,53,52.3,0.7,1,"Q: With 90 donor records, a researcher must choose among 15 candidate predictors of renewal. What is the soundest plan?  ||  A) Select a handful of theoretically central predictors. [X]  |  B) Run all 15 and report whichever come out significant.  |  C) Split the sample into 15 subgroups, one per predictor.  |  D) Use stepwise selection and let the data decide it.",13
1089,S12-50,Multiple regression,authored,Written to the LD 810 lecture slides,12,Multiple Regression and Diagnostics,12,,,exam2,lab4,,,,,,,4,2,Together these variables predict a fair share of variation.,121,59,59.0,0.0,0,Q: Which sentence appropriately summarizes a significant regression predicting length of stay from three clinical variables?  ||  A) Changing these three variables will shorten patient stays.  |  B) Together these variables predict a fair share of variation. [X]  |  C) These three variables determine how long the patients stay.  |  D) Patients scoring high on these variables always stay longer.,15
1090,S13-01,Factor analysis,authored,Written to the LD 810 lecture slides,13,Factor Analysis,13,,,none,none,,,,,,,4,2,To identify a smaller number of underlying constructs that explain the pattern of correlations among the items,199,110,62.3,47.7,1,Q: A university runs a 30-item campus climate survey. The provost asks whether all 30 items are really measuring 30 different things. What is the main purpose of running a factor analysis on these data?  ||  A) To test whether the mean climate score differs by college  |  B) To identify a smaller number of underlying constructs that explain the pattern of correlations among the items [X]  |  C) To determine whether the sample is representative of the student body  |  D) To rank the 30 items from most to least important to students,3
1091,S13-02,Factor analysis,authored,Written to the LD 810 lecture slides,13,Factor Analysis,13,,,none,none,,,,,,,4,1,Exploratory factor analysis,172,27,35.7,-8.7,1,Q: A hospital quality director has a new 22-item patient experience instrument and no theory about its structure. She wants to see what dimensions emerge. Which approach fits?  ||  A) Exploratory factor analysis [X]  |  B) Confirmatory factor analysis  |  C) Multiple regression with all 22 items as predictors  |  D) A one-way ANOVA across units,1
1092,S13-03,Factor analysis,authored,Written to the LD 810 lecture slides,13,Factor Analysis,13,,,none,none,,,,,,,4,3,Confirmatory factor analysis,258,28,29.3,-1.3,0,"Q: A nonprofit adopts a published donor-commitment scale whose authors report three dimensions: trust, satisfaction, and identification. The nonprofit wants to test whether that same three-factor structure holds in its own donor pool. This is best described as:  ||  A) Exploratory factor analysis  |  B) Item analysis  |  C) Confirmatory factor analysis [X]  |  D) Principal components extraction with no rotation",2
1093,S13-04,Factor analysis,authored,Written to the LD 810 lecture slides,13,Factor Analysis,13,,,none,none,,,,,,,4,4,"PCA summarizes all the variance in the items into composite components, while factor analysis models only the variance items share, treating the rest as unique or error",173,168,52.7,115.3,0,"Q: An HR analyst asks how principal components analysis differs conceptually from common factor analysis on an employee engagement inventory. The best plain-language answer is:  ||  A) PCA requires a larger sample than factor analysis  |  B) PCA can only be used with categorical items  |  C) PCA and factor analysis are different names for the same procedure  |  D) PCA summarizes all the variance in the items into composite components, while factor analysis models only the variance items share, treating the rest as unique or error [X]",1
1095,S13-06,Factor analysis,authored,Written to the LD 810 lecture slides,13,Factor Analysis,13,,,none,none,,,,,,,4,3,"Loadings of roughly .40 or higher are commonly treated as meaningful, with the cutoff partly a judgment call",170,108,50.7,57.3,1,"Q: A doctoral student reviewing a rotated factor matrix for a 15-item climate survey asks how big a loading needs to be to ""count."" Which statement reflects common practice?  ||  A) Any loading above zero should be retained  |  B) Only loadings above .90 are meaningful  |  C) Loadings of roughly .40 or higher are commonly treated as meaningful, with the cutoff partly a judgment call [X]  |  D) Loadings must reach statistical significance at p < .05 to be interpreted",3
1098,S13-09,Factor analysis,authored,Written to the LD 810 lecture slides,13,Factor Analysis,13,,,none,none,,,,,,,4,3,"The amount of variance in the item set accounted for by Factor 1, expressed in item units",108,89,40.0,49.0,1,"Q: In output from a 20-item employee survey, Factor 1 has an eigenvalue of 5.4. What does that value represent?  ||  A) The correlation between Factor 1 and the total score  |  B) The number of items that load on Factor 1  |  C) The amount of variance in the item set accounted for by Factor 1, expressed in item units [X]  |  D) The reliability of Factor 1",1
1099,S13-10,Factor analysis,authored,Written to the LD 810 lecture slides,13,Factor Analysis,13,,,none,none,,,,,,,4,1,Eigenvalues greater than 1,103,26,38.3,-12.3,0,"Q: Applying the Kaiser criterion to a patient experience instrument, an analyst would retain factors with:  ||  A) Eigenvalues greater than 1 [X]  |  B) Loadings greater than 1  |  C) At least one item loading above .70  |  D) Eigenvalues greater than the number of items divided by 2",4
1100,S13-11,Factor analysis,authored,Written to the LD 810 lecture slides,13,Factor Analysis,13,,,none,none,,,,,,,4,2,Roughly two factors are worth retaining; the rest add little,152,60,38.7,21.3,1,Q: A scree plot for a 25-item climate survey drops steeply through the second factor and then flattens into a gentle slope. What does that pattern suggest?  ||  A) The data are not factorable  |  B) Roughly two factors are worth retaining; the rest add little [X]  |  C) Every factor before the flat region should be discarded  |  D) The items should be reverse-scored,2
1101,S13-12,Factor analysis,authored,Written to the LD 810 lecture slides,13,Factor Analysis,13,,,none,none,,,,,,,4,3,Varimax,175,7,12.7,-5.7,0,Q: An analyst expects the dimensions of an engagement survey to be unrelated to one another and chooses a rotation consistent with that assumption. Which rotation did she choose?  ||  A) Promax  |  B) Direct oblimin  |  C) Varimax [X]  |  D) No rotation at all,2
1102,S13-13,Factor analysis,authored,Written to the LD 810 lecture slides,13,Factor Analysis,13,,,none,none,,,,,,,4,1,"Oblique rotation, such as promax",140,32,41.3,-9.3,0,"Q: A researcher believes the dimensions of a burnout instrument are genuinely correlated with each other. Which rotation family is appropriate?  ||  A) Oblique rotation, such as promax [X]  |  B) Orthogonal rotation, such as varimax  |  C) Quartimax rotation  |  D) Any rotation, since rotation does not affect correlation among factors",2
1103,S13-14,Factor analysis,authored,Written to the LD 810 lecture slides,13,Factor Analysis,13,,,none,none,,,,,,,4,2,A cross-loading; the item does not clearly belong to either factor,143,66,52.0,14.0,1,"Q: On a 15-item nurse satisfaction survey, one item loads .45 on Factor 1 and .43 on Factor 2. What is this called, and what is the usual concern?  ||  A) A communality problem; the item has too little shared variance  |  B) A cross-loading; the item does not clearly belong to either factor [X]  |  C) A Heywood case; the solution is inadmissible  |  D) A negative loading; the item needs reverse scoring",3
1104,S13-15,Factor analysis,authored,Written to the LD 810 lecture slides,13,Factor Analysis,13,,,none,none,,,,,,,4,3,The item shares little with the underlying constructs and is a candidate for removal,115,84,48.0,36.0,1,Q: An item on a donor survey has its highest loading at .18 on any factor. What is the most reasonable interpretation?  ||  A) The item is the purest measure of its factor  |  B) The item should be weighted more heavily in the total score  |  C) The item shares little with the underlying constructs and is a candidate for removal [X]  |  D) The item defines a third factor by itself,1
1106,S13-17,Factor analysis,authored,Written to the LD 810 lecture slides,13,Factor Analysis,13,,,none,none,,,,,,,4,4,"With only about 2.5 cases per item, the factor structure is likely unstable and may not replicate",104,97,47.7,49.3,1,"Q: A clinic pilots a 24-item instrument with 60 patients and runs a factor analysis. What is the main risk?  ||  A) The eigenvalues will all be negative  |  B) The rotation will not converge on any solution  |  C) Cronbach's alpha cannot be computed with fewer than 100 cases  |  D) With only about 2.5 cases per item, the factor structure is likely unstable and may not replicate [X]",2
1108,S13-19,Factor analysis,authored,Written to the LD 810 lecture slides,13,Factor Analysis,13,,,none,none,,,,,,,4,2,"The correlation matrix differs from an identity matrix, so there are relationships among items to factor",108,104,39.3,64.7,1,"Q: Bartlett's test of sphericity on a campus climate survey returns p < .001. How should the analyst read this?  ||  A) The factors are statistically significant  |  B) The correlation matrix differs from an identity matrix, so there are relationships among items to factor [X]  |  C) The sample is large enough for the analysis  |  D) The items are normally distributed",2
1110,S13-21,Factor analysis,authored,Written to the LD 810 lecture slides,13,Factor Analysis,13,,,none,none,,,,,,,4,4,Compute Cronbach's alpha separately for the items in each factor,144,64,47.7,16.3,1,"Q: After a factor analysis identifies two clean dimensions in a 15-item staff survey, what is the usual next step before reporting subscale scores?  ||  A) Run a t test comparing the two factors  |  B) Repeat the factor analysis with the items reverse-scored  |  C) Report the factor loadings as the subscale scores  |  D) Compute Cronbach's alpha separately for the items in each factor [X]",1
1111,S13-22,Reliability,authored,Written to the LD 810 lecture slides,13,Factor Analysis,13,,,none,none,,,,,,,4,1,"Alpha assumes the items form a single dimension, so one alpha across two dimensions can be misleading",154,101,51.3,49.7,1,"Q: A researcher computes one Cronbach's alpha across all 15 items of a survey that factor analysis showed to be two distinct dimensions. What is the problem?  ||  A) Alpha assumes the items form a single dimension, so one alpha across two dimensions can be misleading [X]  |  B) Alpha cannot be computed on more than 10 items  |  C) Alpha requires an oblique rotation to be interpreted  |  D) Alpha will always be negative when there are two factors",2
1112,S13-23,Factor analysis,authored,Written to the LD 810 lecture slides,13,Factor Analysis,13,,,none,none,,,,,,,4,3,It converts 15 separate item means into two interpretable scores leaders can monitor and act on,170,95,47.0,48.0,1,"Q: A dean reports that a 15-item climate survey reduces to two subscales, ""Belonging"" and ""Workload,"" that will be tracked each year. What practical benefit does this offer?  ||  A) It guarantees the survey is valid  |  B) It removes the need to collect data from all respondents  |  C) It converts 15 separate item means into two interpretable scores leaders can monitor and act on [X]  |  D) It proves that belonging causes workload perceptions",2
1114,S13-25,What statistics cannot do,authored,Written to the LD 810 lecture slides,13,Factor Analysis,13,,,none,none,,,,,,,4,4,Nothing; factor analysis can only work with the items that were administered,161,76,40.3,35.7,0,Q: A survey of patient experience omitted any items about cost. Factor analysis of the remaining items produces two tidy factors. What does this tell us about cost?  ||  A) Cost is not part of patient experience  |  B) Cost loads on both factors equally  |  C) Cost forms a third factor with a small eigenvalue  |  D) Nothing; factor analysis can only work with the items that were administered [X],1
1115,S13-26,Factor analysis,authored,Written to the LD 810 lecture slides,13,Factor Analysis,13,,,none,none,,,,,,,4,2,Rotation makes the loading pattern simpler and easier to interpret without changing how much variance is explained overall,178,122,44.3,77.7,1,Q: An analyst extracts factors from a 40-item inventory and finds the first unrotated factor has a very large loading from nearly every item. Why is rotation typically applied next?  ||  A) Rotation increases the total variance explained  |  B) Rotation makes the loading pattern simpler and easier to interpret without changing how much variance is explained overall [X]  |  C) Rotation removes items with low communalities  |  D) Rotation converts components into factors,2
1116,S13-27,Factor analysis,authored,Written to the LD 810 lecture slides,13,Factor Analysis,13,,,none,none,,,,,,,4,1,"Varimax constrains the factors to be uncorrelated, so that correlation is fixed at zero by design",146,97,58.7,38.3,1,"Q: After a varimax rotation of an engagement survey, a colleague asks for the correlation between Factor 1 and Factor 2. What should the analyst say?  ||  A) Varimax constrains the factors to be uncorrelated, so that correlation is fixed at zero by design [X]  |  B) The correlation equals the average cross-loading  |  C) The correlation is reported in the eigenvalue table  |  D) Varimax reports factor correlations only for factors with eigenvalues above 1",4
1118,S13-29,Factor analysis,authored,Written to the LD 810 lecture slides,13,Factor Analysis,13,,,none,none,,,,,,,4,4,Only about 12 percent of the item's variance is shared with the extracted factors,128,81,40.0,41.0,1,"Q: In output for a patient survey, the item ""Staff explained my medications clearly"" has a communality of .12. What does this mean?  ||  A) The item correlates .12 with the total score  |  B) 12 percent of respondents skipped the item  |  C) The item loads .12 on every factor  |  D) Only about 12 percent of the item's variance is shared with the extracted factors [X]",2
1119,S13-30,Software and output,authored,Written to the LD 810 lecture slides,13,Factor Analysis,13,,,none,none,,,,,,,4,1,"The software suppressed loadings below a chosen cutoff, such as .30 or .40, to make the pattern readable",108,104,40.0,64.0,0,"Q: A student reads a rotated component matrix where most cells are blank. What most likely produced the blanks?  ||  A) The software suppressed loadings below a chosen cutoff, such as .30 or .40, to make the pattern readable [X]  |  B) Those items had missing data  |  C) Those items were excluded from the analysis  |  D) Those loadings were negative and therefore hidden",1
1120,S13-31,Factor analysis,authored,Written to the LD 810 lecture slides,13,Factor Analysis,13,,,none,none,,,,,,,4,2,"Retain two factors, weighing the scree plot and interpretability alongside the eigenvalue rule",226,94,56.7,37.3,1,"Q: A nonprofit's 18-item volunteer survey yields four factors under the Kaiser criterion, but the scree plot clearly elbows after two, and the third and fourth factors have only two weak items each. What is a defensible decision?  ||  A) Always take the Kaiser count, so retain four factors  |  B) Retain two factors, weighing the scree plot and interpretability alongside the eigenvalue rule [X]  |  C) Retain all factors with any eigenvalue above zero  |  D) Rerun the analysis with only the items that loaded on factors 3 and 4",1
1121,S13-32,Factor analysis,authored,Written to the LD 810 lecture slides,13,Factor Analysis,13,,,none,none,,,,,,,4,3,The share of variation in the 12 items accounted for by the retained factors,130,76,44.7,31.3,1,"Q: A researcher says a factor analysis on 12 engagement items ""explained 58 percent of the variance."" What does that figure describe?  ||  A) The proportion of respondents correctly classified  |  B) The reliability of the combined scale  |  C) The share of variation in the 12 items accounted for by the retained factors [X]  |  D) The percentage of items with loadings above .40",1
1122,S13-33,Factor analysis,authored,Written to the LD 810 lecture slides,13,Factor Analysis,13,,,none,none,,,,,,,4,1,"It identifies which items load strongly on each dimension, so a shorter set can represent the same constructs",95,109,56.7,52.3,1,"Q: A hospital wants to shorten a 30-item instrument for routine use. How can factor analysis help?  ||  A) It identifies which items load strongly on each dimension, so a shorter set can represent the same constructs [X]  |  B) It tests whether the shortened form differs significantly from the long form  |  C) It ranks items by how often patients agree with them  |  D) It converts the items to an interval scale",1
1123,S13-34,Validity,authored,Written to the LD 810 lecture slides,13,Factor Analysis,13,,,none,none,,,,,,,4,4,"The internal structure of the instrument, which is evidence relevant to construct validity",140,90,31.7,58.3,0,"Q: A campus survey intended to measure one construct, ""sense of belonging,"" instead splits into three distinct factors. What does this bear on?  ||  A) The survey's test-retest reliability  |  B) The statistical power of later comparisons  |  C) The response rate  |  D) The internal structure of the instrument, which is evidence relevant to construct validity [X]",1
1124,S13-35,Factor analysis,authored,Written to the LD 810 lecture slides,13,Factor Analysis,13,,,none,none,,,,,,,4,3,"Re-examine the new loadings, eigenvalues, and alphas, because dropping an item can change the structure",111,103,52.7,50.3,1,"Q: An analyst removes a cross-loading item from a 15-item survey and reruns the analysis. What should she do next?  ||  A) Report the original solution, since removal does not change results  |  B) Report both solutions and let readers pick  |  C) Re-examine the new loadings, eigenvalues, and alphas, because dropping an item can change the structure [X]  |  D) Assume the remaining items are now unidimensional",1
1126,S13-37,Factor analysis,authored,Written to the LD 810 lecture slides,13,Factor Analysis,13,,,none,none,,,,,,,4,1,The negatively loading items are worded in the opposite direction and need reverse scoring,163,90,43.0,47.0,1,Q: A donor survey produces a factor on which three items load negatively at about -.70 while four others load positively at about .70. What is the likely explanation?  ||  A) The negatively loading items are worded in the opposite direction and need reverse scoring [X]  |  B) The factor is invalid and must be discarded  |  C) Those three items belong to a separate factor  |  D) The rotation converged on a local minimum,1
1127,S13-38,Factor analysis,authored,Written to the LD 810 lecture slides,13,Factor Analysis,13,,,none,none,,,,,,,4,2,About 90 cases per item,148,23,23.0,0.0,1,Q: An employee survey has 10 items and 900 respondents. A reviewer says the sample is adequate. What is the cases-per-item ratio supporting that claim?  ||  A) About 9 cases per item  |  B) About 90 cases per item [X]  |  C) About 10 cases per item  |  D) About 900 cases per item,1
1128,S13-39,Reliability,authored,Written to the LD 810 lecture slides,13,Factor Analysis,13,,,none,none,,,,,,,4,2,That the four items hang together statistically and are consistent enough to report as one subscale score,151,105,50.0,55.0,1,"Q: Factor analysis of a climate survey yields a four-item ""Trust in Leadership"" subscale with alpha = .88. What does the pair of results together support?  ||  A) That trust causes higher engagement  |  B) That the four items hang together statistically and are consistent enough to report as one subscale score [X]  |  C) That the subscale is valid for all populations  |  D) That the subscale has more explanatory power than the other subscales",1
1130,S13-41,Factor analysis,authored,Written to the LD 810 lecture slides,13,Factor Analysis,13,,,none,none,,,,,,,4,1,"Common factor analysis, because it separates shared variance from unique and error variance",208,91,40.3,50.7,1,"Q: A researcher must decide between PCA and common factor analysis for a 16-item instrument. Her goal is to model the latent constructs presumed to cause the item responses. Which is the better conceptual match?  ||  A) Common factor analysis, because it separates shared variance from unique and error variance [X]  |  B) PCA, because it retains all variance  |  C) Either one; the outputs are identical  |  D) PCA, because components are always interpretable",2
1131,S13-42,Factor analysis,authored,Written to the LD 810 lecture slides,13,Factor Analysis,13,,,none,none,,,,,,,4,1,A factor defined by one item is not a construct summary; it usually signals the item is unrelated to the rest,128,109,65.0,44.0,0,Q: An exploratory factor analysis of a patient instrument produces a factor defined by exactly one item. What is the usual concern?  ||  A) A factor defined by one item is not a construct summary; it usually signals the item is unrelated to the rest [X]  |  B) Single-item factors inflate the eigenvalues of the other factors  |  C) Single-item factors should be retained because they are the purest  |  D) The analysis should be rerun with orthogonal rotation to merge it,2
1132,S13-43,Factor analysis,authored,Written to the LD 810 lecture slides,13,Factor Analysis,13,,,none,none,,,,,,,4,4,"Most items load strongly on one factor and weakly on the others, making interpretation clean",106,92,30.7,61.3,0,"Q: An analyst reports that after varimax rotation the solution shows ""simple structure."" What does that mean?  ||  A) Every item has a loading above .90  |  B) Only two factors were retained  |  C) The factors are uncorrelated  |  D) Most items load strongly on one factor and weakly on the others, making interpretation clean [X]",1
1135,S13-46,Factor analysis,authored,Written to the LD 810 lecture slides,13,Factor Analysis,13,,,none,none,,,,,,,4,1,The software found a pattern of shared variance; whether that pattern represents meaningful constructs is a judgment the researcher must defend,152,143,56.7,86.3,0,"Q: A colleague says the software ""found"" two constructs in the volunteer survey and therefore the constructs are settled. What is the strongest correction?  ||  A) The software found a pattern of shared variance; whether that pattern represents meaningful constructs is a judgment the researcher must defend [X]  |  B) The software is correct because the eigenvalues exceeded 1  |  C) The constructs are settled only if the rotation was oblique  |  D) Only confirmatory factor analysis can find constructs",1
1136,S13-47,Software and output,authored,Written to the LD 810 lecture slides,13,Factor Analysis,13,,,none,none,,,,,,,4,4,"The variance is redistributed more evenly across the retained factors, while the total they explain stays the same",177,114,53.7,60.3,1,"Q: Output for a 15-item survey lists the ""total variance explained"" table with initial eigenvalues and then rotated sums of squared loadings. What typically changes after rotation?  ||  A) The total variance explained by the retained factors increases substantially  |  B) The number of items with communalities above .50 drops  |  C) The eigenvalues become negative  |  D) The variance is redistributed more evenly across the retained factors, while the total they explain stays the same [X]",2
1137,S13-48,Factor analysis,authored,Written to the LD 810 lecture slides,13,Factor Analysis,13,,,none,none,,,,,,,4,3,"By weighing the item content, the factor correlation, and theory, then defending a naming decision",173,98,49.3,48.7,0,"Q: A district's climate survey yields factors an analyst labels ""Support"" and ""Voice."" A principal argues ""Voice"" is really just part of ""Support."" How should this be resolved?  ||  A) By re-running the analysis until the two merge  |  B) By accepting the software's labels as authoritative  |  C) By weighing the item content, the factor correlation, and theory, then defending a naming decision [X]  |  D) By choosing whichever label yields the higher alpha",1
1138,S13-49,Factor analysis,authored,Written to the LD 810 lecture slides,13,Factor Analysis,13,,,none,none,,,,,,,4,2,The KMO measure and Bartlett's test of sphericity,149,49,41.3,7.7,1,Q: An analyst has 14 items and wants to know whether reducing them is even worth attempting. Which pair of checks speaks most directly to that question?  ||  A) Cronbach's alpha and the item means  |  B) The KMO measure and Bartlett's test of sphericity [X]  |  C) The scree plot and the response rate  |  D) The standard deviations and the skewness of each item,1
1139,S13-50,Factor analysis,authored,Written to the LD 810 lecture slides,13,Factor Analysis,13,,,none,none,,,,,,,4,3,The two subscales capture everything that matters about the climate being studied,165,81,51.0,30.0,1,Q: A leadership team receives a report saying a 15-item survey became two reportable subscales with good reliability. Which claim is NOT supported by that report alone?  ||  A) The items within each subscale are intercorrelated  |  B) Each subscale can be summarized as a single score  |  C) The two subscales capture everything that matters about the climate being studied [X]  |  D) The 15 items reflect fewer than 15 distinct dimensions,1
1140,AI-37,Normal curve,theme,Themed sets,6,The Normal Curve and z-Scores,6,ai,All things AI,exam1,lab2,,,,,,,4,1,2.5,213,3,3.3,-0.3,1,Q: A firm logs how many minutes each employee spends per day with an AI writing assistant. Usage is roughly normal with a mean of 40 minutes and a standard deviation of 10. Priya logs 65 minutes. What is her z-score?  ||  A) 2.5 [X]  |  B) 0.4  |  C) -2.5  |  D) 6.5,19
1141,AI-38,Normal curve,theme,Themed sets,6,The Normal Curve and z-Scores,6,ai,All things AI,exam1,lab2,,,,,,,4,2,About 2 percent,211,15,16.0,-1.0,1,Q: An internal AI-readiness score is scaled to a mean of 100 and a standard deviation of 15 in a normal distribution. A manager says any unit scoring above 130 is elite. Roughly what share of units clears that bar?  ||  A) About 16 percent  |  B) About 2 percent [X]  |  C) About 30 percent  |  D) About 50 percent,14
1142,AI-39,Factor analysis,theme,Themed sets,13,Factor Analysis,13,ai,All things AI,none,none,,,,,,,4,4,Three,207,5,3.3,1.7,1,"Q: A 24-item AI-attitudes survey is factor analyzed. The first four components have eigenvalues of 6.2, 2.4, 1.3, and 0.6. Using the conventional eigenvalue-greater-than-one rule, how many factors are retained?  ||  A) One  |  B) Four  |  C) Two  |  D) Three [X]",6
1143,AI-40,Confidence intervals,theme,Themed sets,7,Confidence Intervals,7,ai,All things AI,exam1,lab2,,,,,,,4,4,The method used produces intervals that capture the true rate in 95 percent of such samples,186,91,62.7,28.3,1,"Q: A survey of 400 staff estimates that 60 percent have used an AI tool at work, with a 95 percent confidence interval of 55 to 65 percent. Which statement is the defensible interpretation?  ||  A) There is a 60 percent chance the true rate lies in this interval  |  B) Exactly 95 percent of staff fall between 55 and 65 percent  |  C) Ninety-five percent of individual staff answers fall in this range  |  D) The method used produces intervals that capture the true rate in 95 percent of such samples [X]",13
1144,AI-41,Sampling and standard error,theme,Themed sets,7,Confidence Intervals,7,ai,All things AI,exam1,lab2,,,,,,,4,3,About 100 developers,246,20,19.3,0.7,1,"Q: A pilot of an AI coding assistant with 25 developers yields a wide confidence interval around mean hours saved. Leadership wants the margin of error cut roughly in half, holding variability constant. What sample size should the next pilot target?  ||  A) About 50 developers  |  B) About 35 developers  |  C) About 100 developers [X]  |  D) About 625 developers",19
1145,AI-42,Confidence intervals,theme,Themed sets,7,Confidence Intervals,7,ai,All things AI,exam1,lab2,,,,,,,4,4,"The interval includes zero, so no savings has been established",166,62,52.7,9.3,1,"Q: A vendor-run study reports that its AI summarizer saves a mean of 3.0 hours per week, 95 percent CI from -0.2 to 6.2 hours. A skeptical director should conclude that:  ||  A) The savings is confirmed because the point estimate is 3.0 hours  |  B) The interval proves the tool costs users time  |  C) The study is invalid because the interval is wide  |  D) The interval includes zero, so no savings has been established [X]",20
1146,AI-43,Hypothesis testing,theme,Themed sets,8,Hypothesis Testing and Sampling Error,8,ai,All things AI,exam2,lab3,,,,,,,4,3,H0: the population means are equal; H1: the population means differ,171,67,49.7,17.3,0,Q: A hospital tests whether an AI triage prompt changes mean documentation time versus the current workflow. Which pair correctly states the hypotheses for a two-tailed test?  ||  A) H0: the sample means are equal; H1: the sample means differ  |  B) H0: the AI is better; H1: the AI is worse  |  C) H0: the population means are equal; H1: the population means differ [X]  |  D) H0: p is less than .05; H1: p is greater than .05,13
1147,AI-44,Hypothesis testing,theme,Themed sets,8,Hypothesis Testing and Sampling Error,8,ai,All things AI,exam2,lab3,,,,,,,4,1,The difference is statistically significant but likely trivial in practice,185,74,49.7,24.3,1,"Q: With 200,000 logged chat sessions, an analyst finds the new model's mean satisfaction rating is .02 points higher on a 5-point scale, p less than .001. What is the most defensible read?  ||  A) The difference is statistically significant but likely trivial in practice [X]  |  B) The large sample makes the p-value unreliable  |  C) The effect is large because p is very small  |  D) Statistical significance guarantees practical importance here",9
1148,AI-45,Hypothesis testing,theme,Themed sets,8,Hypothesis Testing and Sampling Error,8,ai,All things AI,exam2,lab3,,,,,,,4,2,A Type I error,183,14,21.0,-7.0,1,"Q: An AI-detection tool flags a student essay as machine-written when it is in fact human-written. In hypothesis-testing terms, with H0 stating the essay is human-written, this error is:  ||  A) A Type II error  |  B) A Type I error [X]  |  C) A sampling error  |  D) A reduction in statistical power",11
1149,AI-46,Test selection,theme,Themed sets,9,Which Test · t-Tests,9,ai,All things AI,exam2,lab3,,,,,,,4,3,Paired-samples t-test,175,21,32.0,-11.0,0,"Q: Fifty analysts each complete a standard task once without an AI copilot and once with it, in counterbalanced order. Completion time is the outcome. Which test fits the design?  ||  A) Independent-samples t-test  |  B) One-way ANOVA across the two conditions  |  C) Paired-samples t-test [X]  |  D) Chi-square test of independence",12
1150,AI-47,t-tests,theme,Themed sets,9,Which Test · t-Tests,9,ai,All things AI,exam2,lab3,,,,,,,4,4,Observations in one group are unrelated to those in the other,183,61,46.0,15.0,0,"Q: Two separate departments, one given an AI meeting-notes tool and one not, are compared on mean weekly admin hours. Which assumption is specific to the independent-samples t-test here?  ||  A) Scores in the two groups are matched case by case  |  B) The outcome variable is measured on a nominal scale  |  C) The two groups have equal sample sizes  |  D) Observations in one group are unrelated to those in the other [X]",17
1151,AI-48,Effect size,theme,Themed sets,9,Which Test · t-Tests,9,ai,All things AI,exam2,lab3,,,,,,,4,1,"d = 0.50, a medium effect",184,25,27.3,-2.3,1,"Q: A pilot finds that copilot users complete a task 6 minutes faster on average, with a pooled standard deviation of 12 minutes. What is Cohen's d, and how is it conventionally described?  ||  A) d = 0.50, a medium effect [X]  |  B) d = 2.00, a very large effect  |  C) d = 0.06, a negligible effect  |  D) d = 6.00, a large effect",9
1152,AI-49,ANOVA,theme,Themed sets,10,ANOVA and Post-Hoc Comparisons,10,ai,All things AI,exam2,lab3,,,,,,,4,2,One-way ANOVA,215,13,24.7,-11.7,0,"Q: A fictional evaluation compares mean helpfulness ratings across three AI assistant configurations: no prompt template, a short template, and a long template. Which analysis is appropriate for the overall comparison?  ||  A) Three separate independent t-tests  |  B) One-way ANOVA [X]  |  C) Pearson correlation  |  D) Paired-samples t-test",18
1153,AI-50,ANOVA,theme,Themed sets,10,ANOVA and Post-Hoc Comparisons,10,ai,All things AI,exam2,lab3,,,,,,,4,4,"At least one mean differs from another, but not which",144,53,36.0,17.0,0,"Q: The ANOVA above returns a significant F ratio. A director asks which configuration beat which. What does the significant F alone justify saying?  ||  A) The long template is best  |  B) Every pair of configurations differs from every other  |  C) No follow-up testing is needed  |  D) At least one mean differs from another, but not which [X]",10
1154,AI-51,ANOVA,theme,Themed sets,10,ANOVA and Post-Hoc Comparisons,10,ai,All things AI,exam2,lab3,,,,,,,4,1,It controls the inflated family-wise Type I error rate,187,54,50.0,4.0,0,"Q: After a significant F across four AI training formats, an analyst runs Tukey HSD on all six pairwise comparisons. What is the main reason for using Tukey rather than six ordinary t-tests?  ||  A) It controls the inflated family-wise Type I error rate [X]  |  B) It increases statistical power for every comparison  |  C) It removes the need to check homogeneity of variance  |  D) It converts group differences into effect sizes",13
1155,AI-52,Correlation,theme,Themed sets,11,Correlation and Regression,11,ai,All things AI,exam2,lab4,,,,,,,4,2,Correlation does not establish direction or rule out a third variable such as workload,205,86,48.3,37.7,1,"Q: Across 60 departments, weekly AI-tool logins correlate with self-reported productivity at r = .45. A vice president says the data show that using AI makes teams more productive. The best objection is that:  ||  A) An r of .45 is too small to interpret  |  B) Correlation does not establish direction or rule out a third variable such as workload [X]  |  C) Correlation requires a normal distribution to be valid  |  D) The correlation should have been reported as r-squared",16
1156,AI-53,Regression,theme,Themed sets,11,Correlation and Regression,11,ai,All things AI,exam2,lab4,,,,,,,4,3,Each additional prompt is associated with 0.02 more hours saved on average,136,74,51.3,22.7,1,Q: Regressing hours saved per week on number of AI prompts sent yields the equation: hours = 0.5 + 0.02(prompts). What does the slope mean?  ||  A) Half an hour is saved regardless of prompts sent  |  B) Two percent of the variance in hours saved is explained  |  C) Each additional prompt is associated with 0.02 more hours saved on average [X]  |  D) Sending 0.02 more prompts saves one additional hour,23
1157,AI-54,Multiple regression,theme,Themed sets,12,Multiple Regression and Diagnostics,12,ai,All things AI,exam2,lab4,,,,,,,4,1,"Severe multicollinearity, making those partial slopes unstable",186,62,46.7,15.3,1,"Q: A model predicts AI adoption from tenure, training hours, and manager support. Two predictors, training hours and training sessions attended, show a VIF near 12. What does this indicate?  ||  A) Severe multicollinearity, making those partial slopes unstable [X]  |  B) The model violates the normality of residuals  |  C) The predictors have no relationship with the outcome  |  D) The sample size is too small for regression",17
1158,AI-55,Multiple regression,theme,Themed sets,12,Multiple Regression and Diagnostics,12,ai,All things AI,exam2,lab4,,,,,,,4,2,"The added predictors mostly capture noise, signaling overfitting",178,64,44.0,20.0,1,"Q: An analyst adds 15 more predictors to an AI-adoption model. R-squared rises from .40 to .47, but adjusted R-squared falls from .38 to .31. What is the most defensible conclusion?  ||  A) The added predictors improved model fit meaningfully  |  B) The added predictors mostly capture noise, signaling overfitting [X]  |  C) Adjusted R-squared was computed incorrectly  |  D) Multicollinearity has been eliminated",14
1159,AI-56,Factor analysis,theme,Themed sets,13,Factor Analysis,13,ai,All things AI,none,none,,,,,,,4,3,"Name that factor from the shared content, such as AI threat concern",203,67,42.3,24.7,1,"Q: A 20-item AI-attitudes survey is factor analyzed. Items about job loss, surveillance, and loss of control all load above .70 on the same factor and near zero elsewhere. What is the appropriate next step?  ||  A) Delete those items because they overlap  |  B) Conclude the survey is unidimensional  |  C) Name that factor from the shared content, such as AI threat concern [X]  |  D) Report the factor as a causal predictor of behavior",1
1160,BRO-35,Normal curve,theme,Themed sets,6,The Normal Curve and z-Scores,6,broncos,Denver Broncos,exam1,lab2,,,,,,,4,2,About 68 percent,205,16,16.0,0.0,1,"Q: An analyst models kickoff attendance at Mile High as roughly normal with a mean of 74,000 and a standard deviation of 2,000. Roughly what percentage of home games would draw between 72,000 and 76,000 fans?  ||  A) About 50 percent  |  B) About 68 percent [X]  |  C) About 95 percent  |  D) About 99 percent",25
1161,BRO-36,Normal curve,theme,Themed sets,6,The Normal Curve and z-Scores,6,broncos,Denver Broncos,exam1,lab2,,,,,,,4,1,He is faster than most linebackers in the group,180,47,45.7,1.3,1,Q: A Broncos linebacker's 40-yard dash time sits 1.5 standard deviations BELOW the mean for his position group. Faster times are lower numbers. What does his z-score of -1.5 tell you?  ||  A) He is faster than most linebackers in the group [X]  |  B) He is slower than most linebackers in the group  |  C) He is exactly average because the sign is negative  |  D) His time cannot be compared to the group,46
1162,BRO-37,Normal curve,theme,Themed sets,6,The Normal Curve and z-Scores,6,broncos,Denver Broncos,exam1,lab2,,,,,,,4,3,+1.0,157,4,3.7,0.3,1,"Q: In a hypothetical dataset, Broncos rushing yards per game are normally distributed. A game at the 84th percentile corresponds to approximately which z-score?  ||  A) -1.0  |  B) 0.0  |  C) +1.0 [X]  |  D) +2.0",18
1163,BRO-38,Confidence intervals,theme,Themed sets,7,Confidence Intervals,7,broncos,Denver Broncos,exam1,lab2,,,,,,,4,4,We are 95 percent confident the population mean falls between 7.0 and 7.8,170,73,61.7,11.3,1,"Q: A survey of Broncos season-ticket holders estimates mean satisfaction at 7.4 on a 10-point scale, 95 percent CI [7.0, 7.8]. Which statement is the correct interpretation?  ||  A) 95 percent of fans rated satisfaction between 7.0 and 7.8  |  B) There is a 95 percent chance the next fan surveyed rates between 7.0 and 7.8  |  C) The sample mean has a 95 percent chance of being 7.4  |  D) We are 95 percent confident the population mean falls between 7.0 and 7.8 [X]",14
1164,BRO-39,Sampling and standard error,theme,Themed sets,7,Confidence Intervals,7,broncos,Denver Broncos,exam1,lab2,,,,,,,4,3,400,186,3,3.7,-0.7,1,"Q: An analyst surveys 100 tailgaters and gets a margin of error of about 4 points. She wants to cut the margin of error roughly in half. Approximately how many tailgaters should she survey?  ||  A) 200  |  B) 300  |  C) 400 [X]  |  D) 1,000",16
1165,BRO-40,Confidence intervals,theme,Themed sets,7,Confidence Intervals,7,broncos,Denver Broncos,exam1,lab2,,,,,,,4,4,"The interval includes zero, so a true difference of zero is plausible",189,69,60.3,8.7,1,"Q: A consultant reports that the mean difference in third-down conversion rate between home and road games is 3 percentage points, 95 percent CI [-2, 8]. What should the front office conclude?  ||  A) The home-field difference is statistically significant at the .05 level  |  B) Home games are proven to have no effect on conversion rate  |  C) The sample was too large, which widened the interval  |  D) The interval includes zero, so a true difference of zero is plausible [X]",22
1166,BRO-41,Factor analysis,theme,Themed sets,13,Factor Analysis,13,broncos,Denver Broncos,none,none,,,,,,,4,3,Three,199,5,3.3,1.7,1,"Q: A factor analysis of a 25-item Broncos fan survey produces components with eigenvalues of 6.2, 3.1, 1.4, 0.8, and 0.5. Using the eigenvalue-greater-than-one rule, how many factors should be retained?  ||  A) One  |  B) Two  |  C) Three [X]  |  D) Five",9
1167,BRO-42,Hypothesis testing,theme,Themed sets,8,Hypothesis Testing and Sampling Error,8,broncos,Denver Broncos,exam2,lab3,,,,,,,4,3,"If the null were true, data this extreme or more would occur about 3 percent of the time",98,88,58.7,29.3,1,"Q: An analysis of a hypothetical practice-routine change yields p = .03. What does this p-value mean?  ||  A) There is a 3 percent chance the null hypothesis is true given the observed data  |  B) There is a 97 percent chance the routine works  |  C) If the null were true, data this extreme or more would occur about 3 percent of the time [X]  |  D) The effect of the routine is small, about 3 percent",19
1168,BRO-43,Hypothesis testing,theme,Themed sets,8,Hypothesis Testing and Sampling Error,8,broncos,Denver Broncos,exam2,lab3,,,,,,,4,1,The result is statistically significant but likely too small to matter practically,174,82,74.0,8.0,1,"Q: With 40,000 simulated plays, an analyst finds that a new formation improves expected yards per play by 0.02 yards, p < .001. What is the best takeaway for the coaching staff?  ||  A) The result is statistically significant but likely too small to matter practically [X]  |  B) The result is practically important for play calling because the p-value is extremely small  |  C) The result proves the formation is superior in all situations  |  D) The large sample makes the p-value unreliable and it should be ignored",16
1169,BRO-44,Hypothesis testing,theme,Themed sets,8,Hypothesis Testing and Sampling Error,8,broncos,Denver Broncos,exam2,lab3,,,,,,,4,2,Type II error,161,13,14.0,-1.0,0,"Q: A scouting department concludes a rookie kicker is no more accurate than the veteran, when in truth the rookie really is more accurate. Which error has occurred?  ||  A) Type I error  |  B) Type II error [X]  |  C) Sampling bias  |  D) Measurement error",11
1170,BRO-45,Test selection,theme,Themed sets,9,Which Test · t-Tests,9,broncos,Denver Broncos,exam2,lab3,,,,,,,4,4,Paired-samples t-test,165,21,23.3,-2.3,1,Q: An analyst records each of 16 Broncos linemen's bench-press reps in March and again in July after one training program. Which test best compares the two time points?  ||  A) Independent-samples t-test  |  B) One-way ANOVA  |  C) Chi-square test of independence  |  D) Paired-samples t-test [X],16
1171,BRO-46,t-tests,theme,Themed sets,9,Which Test · t-Tests,9,broncos,Denver Broncos,exam2,lab3,,,,,,,4,4,Independent-samples t-test,147,26,20.3,5.7,0,"Q: A researcher compares mean yards per catch for Broncos wide receivers versus tight ends, two separate groups of players. Which test is appropriate?  ||  A) Paired-samples t-test  |  B) One-sample t-test  |  C) Repeated-measures ANOVA  |  D) Independent-samples t-test [X]",21
1172,BRO-47,Effect size,theme,Themed sets,9,Which Test · t-Tests,9,broncos,Denver Broncos,exam2,lab3,,,,,,,4,3,A large effect,132,14,20.0,-6.0,1,"Q: A study of a hypothetical hydration protocol reports Cohen's d = 0.80 for fourth-quarter sprint speed. How should this be described?  ||  A) A small effect  |  B) A medium effect  |  C) A large effect [X]  |  D) No effect, since d is below 1.0",17
1173,BRO-48,ANOVA,theme,Themed sets,10,ANOVA and Post-Hoc Comparisons,10,broncos,Denver Broncos,exam2,lab3,,,,,,,4,4,Multiple t-tests inflate the overall Type I error rate,154,54,48.7,5.3,0,Q: An analyst compares mean points scored across three hypothetical Broncos offensive coordinators. Why use one-way ANOVA rather than three separate t-tests?  ||  A) ANOVA gives a larger effect size than t-tests  |  B) ANOVA does not require an assumption of normality  |  C) t-tests cannot handle more than five cases per group  |  D) Multiple t-tests inflate the overall Type I error rate [X],13
1174,BRO-49,ANOVA,theme,Themed sets,10,ANOVA and Post-Hoc Comparisons,10,broncos,Denver Broncos,exam2,lab3,,,,,,,4,2,"Conclude at least one team mean differs, then run Tukey post-hoc tests",148,70,60.0,10.0,1,"Q: A one-way ANOVA comparing turnover margin across four AFC West teams yields F(3, 60) = 4.75, p = .005. What is the correct next step and conclusion?  ||  A) Conclude that all four AFC West team means differ from one another and report the result  |  B) Conclude at least one team mean differs, then run Tukey post-hoc tests [X]  |  C) Rerun the analysis as a paired t-test  |  D) Conclude nothing, because F does not indicate direction",28
1175,BRO-50,Correlation,theme,Themed sets,11,Correlation and Regression,11,broncos,Denver Broncos,exam2,lab4,,,,,,,4,2,"Correlation does not establish causation, and winning likely drives sales",171,73,59.7,13.3,1,"Q: Across a set of hypothetical seasons, orange jersey sales and Broncos wins correlate at r = .62. A marketer claims selling more jerseys causes more wins. What is the flaw?  ||  A) r = .62 is too small to interpret at all  |  B) Correlation does not establish causation, and winning likely drives sales [X]  |  C) Correlation coefficients cannot legitimately be computed on merchandise sales figures  |  D) The relationship must be negative to support the claim",36
1176,BRO-51,Regression,theme,Themed sets,11,Correlation and Regression,11,broncos,Denver Broncos,exam2,lab4,,,,,,,4,1,Each additional minute of possession is associated with 0.7 more points on average,169,82,62.3,19.7,1,Q: Regressing points scored on time of possession in a fictional analyst's dataset gives the equation Points = 6 + 0.7(minutes of possession). How is the slope interpreted?  ||  A) Each additional minute of possession is associated with 0.7 more points on average [X]  |  B) Teams score 0.7 points when possession is zero  |  C) Seventy percent of the variance in points scored is explained by time of possession  |  D) Possession increases 0.7 minutes for each additional point,19
1177,BRO-52,Multiple regression,theme,Themed sets,12,Multiple Regression and Diagnostics,12,broncos,Denver Broncos,exam2,lab4,,,,,,,4,2,"Multicollinearity, shown by high VIF values",142,43,28.0,15.0,0,"Q: A model predicting Broncos win totals includes both total yards and yards per play, which are highly correlated. Which problem is most likely?  ||  A) Heteroscedasticity  |  B) Multicollinearity, shown by high VIF values [X]  |  C) Restriction of range in the outcome  |  D) Nonindependence of observations",34
1178,BRO-53,Multiple regression,theme,Themed sets,12,Multiple Regression and Diagnostics,12,broncos,Denver Broncos,exam2,lab4,,,,,,,4,3,"Each degree is associated with 300 more fans, holding price and opponent record constant",164,88,65.3,22.7,1,"Q: In a model predicting attendance from ticket price, opponent record, and temperature, the partial slope for temperature is 300 fans per degree. What does this mean?  ||  A) Temperature explains 300 fans worth of variance overall  |  B) Each additional degree of temperature adds exactly 300 fans, ignoring all other predictors  |  C) Each degree is associated with 300 more fans, holding price and opponent record constant [X]  |  D) Temperature is the strongest predictor in the model",16
1179,BRO-54,Factor analysis,theme,Themed sets,13,Factor Analysis,13,broncos,Denver Broncos,none,none,,,,,,,4,1,Two dimensions emerged: gameday experience and on-field product,217,63,64.0,-1.0,1,"Q: A fan survey is factor analyzed. Items about parking, concession lines, and seat comfort load above .70 on one factor, while items about play calling and roster moves load on a second. What is the best interpretation?  ||  A) Two dimensions emerged: gameday experience and on-field product [X]  |  B) The survey is unreliable because items split across factors  |  C) The second factor should be dropped since it has fewer items  |  D) Loadings above .70 indicate the items are redundant and should be deleted",6
1180,HE-39,Normal curve,theme,Themed sets,6,The Normal Curve and z-Scores,6,highered,Higher Ed (humor included),exam1,lab2,,,,,,,4,2,2.00,194,4,4.3,-0.3,1,Q: A campus parking survey reports minutes spent circling the lot are normally distributed with a mean of 12 and a standard deviation of 3. The provost circled for 18 minutes. What is that z-score?  ||  A) 6.00  |  B) 2.00 [X]  |  C) 0.50  |  D) -2.00,18
1181,HE-40,Normal curve,theme,Themed sets,6,The Normal Curve and z-Scores,6,highered,Higher Ed (humor included),exam1,lab2,,,,,,,4,3,About 95%,208,9,9.7,-0.7,1,"Q: Hours spent per year in strategic planning meetings are approximately normal, mean 40, SD 8. A dean wants to know roughly what percentage of colleagues log between 24 and 56 hours. Which is the best estimate?  ||  A) About 68%  |  B) About 50%  |  C) About 95% [X]  |  D) About 99.7%",20
1182,HE-41,Correlation,theme,Themed sets,11,Correlation and Regression,11,highered,Higher Ed (humor included),exam2,lab4,,,,,,,4,4,16%,189,3,3.0,0.0,1,"Q: Across 50 units, hours spent on the accreditation self-study correlate r = .40 with pages produced. A dean asks what share of the variance in pages is shared with hours. What is the answer?  ||  A) 40%  |  B) 63%  |  C) 20%  |  D) 16% [X]",28
1183,HE-42,Confidence intervals,theme,Themed sets,7,Confidence Intervals,7,highered,Higher Ed (humor included),exam1,lab2,,,,,,,4,3,This method captures the true population mean in 95% of such samples,167,68,49.0,19.0,1,"Q: A survey of 400 staff estimates mean weekly dashboard logins at 1.2, with a 95% CI of [0.9, 1.5]. The provost asks what the interval means. Which statement is correct?  ||  A) 95% of staff log in between 0.9 and 1.5 times  |  B) There is a 95% probability the sample mean is 1.2  |  C) This method captures the true population mean in 95% of such samples [X]  |  D) 95% of future samples will have a mean of exactly 1.2",20
1184,HE-43,Confidence intervals,theme,Themed sets,7,Confidence Intervals,7,highered,Higher Ed (humor included),exam1,lab2,,,,,,,4,4,Survey about 400 faculty,197,24,32.3,-8.3,1,Q: The committee that met for a year surveyed 100 faculty and got a margin of error it dislikes. It wants to cut the margin of error roughly in half without changing confidence level. What must it do?  ||  A) Survey about 200 faculty  |  B) Survey about 150 faculty  |  C) Reduce the sample to 50 and report more precisely  |  D) Survey about 400 faculty [X],18
1185,HE-44,Sampling and standard error,theme,Themed sets,7,Confidence Intervals,7,highered,Higher Ed (humor included),exam1,lab2,,,,,,,4,3,0.125,150,5,5.0,0.0,1,"Q: An assessment office reports mean satisfaction with the seven-pillar strategic plan as 3.4 (SD = 1.0, n = 64). What is the standard error of the mean?  ||  A) 1.00  |  B) 0.016  |  C) 0.125 [X]  |  D) 0.0156",16
1186,HE-45,Hypothesis testing,theme,Themed sets,8,Hypothesis Testing and Sampling Error,8,highered,Higher Ed (humor included),exam2,lab3,,,,,,,4,1,The population mean equals 70,143,29,31.7,-2.7,1,Q: A dean claims the new advising model raised mean persistence scores above the historical value of 70. Which is the appropriate null hypothesis?  ||  A) The population mean equals 70 [X]  |  B) The population mean is greater than 70  |  C) The sample mean equals 70  |  D) The advising model has an effect,8
1187,HE-46,Hypothesis testing,theme,Themed sets,8,Hypothesis Testing and Sampling Error,8,highered,Higher Ed (humor included),exam2,lab3,,,,,,,4,1,Statistically significant but likely trivial in practice,182,56,44.0,12.0,1,"Q: A pilot of a new onboarding workshop yields p = .03 at alpha = .05, but the mean gain is 0.4 points on a 100-point readiness scale. How should the assessment committee describe this?  ||  A) Statistically significant but likely trivial in practice [X]  |  B) Not statistically significant, so no effect exists  |  C) Practically important because p is small  |  D) Proof that the workshop caused large gains",11
1188,HE-47,Hypothesis testing,theme,Themed sets,8,Hypothesis Testing and Sampling Error,8,highered,Higher Ed (humor included),exam2,lab3,,,,,,,4,1,Type I error,144,12,16.7,-4.7,0,"Q: An enrollment task force concludes the retention initiative worked when in truth it did nothing. In hypothesis-testing terms, what has occurred?  ||  A) Type I error [X]  |  B) Type II error  |  C) A power failure  |  D) A sampling frame error",15
1189,HE-48,Test selection,theme,Themed sets,9,Which Test · t-Tests,9,highered,Higher Ed (humor included),exam2,lab3,,,,,,,4,3,Paired-samples t-test,147,21,23.3,-2.3,1,Q: Each of 30 department chairs rates dashboard usefulness before and after a training session. The same chairs are rated twice. Which test fits best?  ||  A) Independent-samples t-test  |  B) One-way ANOVA  |  C) Paired-samples t-test [X]  |  D) Chi-square test of independence,11
1190,HE-49,t-tests,theme,Themed sets,9,Which Test · t-Tests,9,highered,Higher Ed (humor included),exam2,lab3,,,,,,,4,1,Independent-samples t-test,156,26,20.3,5.7,0,"Q: Two colleges are compared on mean hours spent on the self-study. Separate, unrelated faculty samples are drawn from each college. Which test is appropriate?  ||  A) Independent-samples t-test [X]  |  B) Paired-samples t-test  |  C) One-sample t-test  |  D) Repeated-measures ANOVA",16
1191,HE-50,Effect size,theme,Themed sets,9,Which Test · t-Tests,9,highered,Higher Ed (humor included),exam2,lab3,,,,,,,4,2,A small effect,148,14,25.7,-11.7,1,Q: A committee reports Cohen's d = 0.22 for the difference in meeting-satisfaction scores between two agenda formats. How should this be characterized?  ||  A) A large effect  |  B) A small effect [X]  |  C) An effect that is statistically significant  |  D) A correlation of .22,15
1192,HE-51,ANOVA,theme,Themed sets,10,ANOVA and Post-Hoc Comparisons,10,highered,Higher Ed (humor included),exam2,lab3,,,,,,,4,4,One-way ANOVA,158,13,21.0,-8.0,0,Q: Four colleges are compared on mean advising-load scores. The provost wants one test of whether the college means differ at all. Which analysis is appropriate?  ||  A) Six independent t-tests  |  B) Paired-samples t-test  |  C) Pearson correlation  |  D) One-way ANOVA [X],11
1193,HE-52,ANOVA,theme,Themed sets,10,ANOVA and Post-Hoc Comparisons,10,highered,Higher Ed (humor included),exam2,lab3,,,,,,,4,2,Run a post-hoc test such as Tukey HSD,180,37,40.0,-3.0,1,"Q: The ANOVA on three campus committees' mean report lengths returns F(2, 57) = 5.81, p = .005. Three deans each demand to know which committees differ. What is the correct next step?  ||  A) Report that all three differ from each other  |  B) Run a post-hoc test such as Tukey HSD [X]  |  C) Re-run the ANOVA with a lower alpha  |  D) Conclude no further testing is defensible",13
1194,HE-53,Factor analysis,theme,Themed sets,13,Factor Analysis,13,highered,Higher Ed (humor included),none,none,,,,,,,4,4,Three,181,5,3.3,1.7,1,"Q: A climate survey's initial extraction produces components with eigenvalues of 6.2, 2.8, 1.4, 0.7, and 0.4. Using the eigenvalue-greater-than-one rule, how many factors are retained?  ||  A) Five  |  B) Two  |  C) One  |  D) Three [X]",3
1195,HE-54,Correlation,theme,Themed sets,11,Correlation and Regression,11,highered,Higher Ed (humor included),exam2,lab4,,,,,,,4,2,Correlation does not establish causal direction or rule out other causes,202,72,36.3,35.7,1,"Q: Across 40 departments, number of strategic-plan pillars referenced correlates r = .61 with number of committee meetings held. A dean announces that pillars cause meetings. What is the correct objection?  ||  A) r = .61 is too small to interpret  |  B) Correlation does not establish causal direction or rule out other causes [X]  |  C) Correlation cannot be computed on counts  |  D) The relationship must be curvilinear",16
1196,HE-55,Regression,theme,Themed sets,11,Correlation and Regression,11,highered,Higher Ed (humor included),exam2,lab4,,,,,,,4,4,Each additional email predicts 0.35 more logins on average,122,58,33.7,24.3,1,Q: Regressing annual dashboard logins on number of training emails sent gives a slope of 0.35. How is this slope interpreted?  ||  A) 35% of logins are explained by emails  |  B) Logins are 0.35 times emails  |  C) Each login predicts 0.35 more emails  |  D) Each additional email predicts 0.35 more logins on average [X],21
1197,HE-56,Multiple regression,theme,Themed sets,12,Multiple Regression and Diagnostics,12,highered,Higher Ed (humor included),exam2,lab4,,,,,,,4,3,Multicollinearity,173,17,15.0,2.0,1,"Q: Predicting committee report length from number of members, meeting count, and pillar count, two predictors correlate .93 and their VIFs exceed 10. What problem is indicated?  ||  A) Heteroscedasticity  |  B) Nonlinearity  |  C) Multicollinearity [X]  |  D) Autocorrelation",16
1198,HE-57,Multiple regression,theme,Themed sets,12,Multiple Regression and Diagnostics,12,highered,Higher Ed (humor included),exam2,lab4,,,,,,,4,1,The new predictor adds little beyond what is already in the model,162,65,37.7,27.3,1,Q: A model of unit budget requests adds a fourth predictor. R-squared rises from .41 to .42 while adjusted R-squared falls from .39 to .37. What is the best reading?  ||  A) The new predictor adds little beyond what is already in the model [X]  |  B) The new predictor is the strongest in the model  |  C) The model now violates normality  |  D) R-squared was computed incorrectly,16
1199,HE-58,Factor analysis,theme,Themed sets,13,Factor Analysis,13,highered,Higher Ed (humor included),none,none,,,,,,,4,2,Name the factor from the content of its high-loading items,186,58,44.0,14.0,1,"Q: A campus climate survey yields a factor on which items about workload, email volume, and meeting count load above .70, while other items load near zero. What is the defensible next step?  ||  A) Treat each item as its own factor  |  B) Name the factor from the content of its high-loading items [X]  |  C) Discard items loading below .70 from the survey permanently  |  D) Conclude the factor causes high workload",6
1200,AK-37,Normal curve,theme,Themed sets,6,The Normal Curve and z-Scores,6,kay,Ironic Healthcare (in the style of Adam Kay),exam1,lab2,,,,,,,4,2,18 minutes,237,10,10.0,0.0,1,"Q: A hospital's handover times are approximately normal, mean 22 minutes, SD 4. The quality-improvement committee wants to praise any ward whose mean handover is faster than one SD below the mean. What handover time is the praise threshold?  ||  A) 26 minutes  |  B) 18 minutes [X]  |  C) 14 minutes  |  D) 20 minutes",8
1201,AK-38,Normal curve,theme,Themed sets,6,The Normal Curve and z-Scores,6,kay,Ironic Healthcare (in the style of Adam Kay),exam1,lab2,,,,,,,4,1,1.5,136,3,3.3,-0.3,1,"Q: A registrar's audit scores are normal, mean 70, SD 10. She scored 85 and has been asked to explain herself in a meeting. Her z-score is:  ||  A) 1.5 [X]  |  B) 0.85  |  C) 15  |  D) -1.5",8
1202,AK-39,Normal curve,theme,Themed sets,6,The Normal Curve and z-Scores,6,kay,Ironic Healthcare (in the style of Adam Kay),exam1,lab2,,,,,,,4,3,About 95 percent,207,16,16.7,-0.7,0,"Q: Bed occupancy is approximately normal. Management asks what proportion of days fall within two SDs of the mean, so they can call the rest 'exceptional' and stop counting them. The best approximate answer is:  ||  A) About 68 percent  |  B) About 99.7 percent  |  C) About 95 percent [X]  |  D) About 50 percent",15
1203,AK-40,Confidence intervals,theme,Themed sets,7,Confidence Intervals,7,kay,Ironic Healthcare (in the style of Adam Kay),exam1,lab2,,,,,,,4,4,"Probability attaches to the procedure, not to this fixed interval",195,65,52.7,12.3,1,"Q: An audit nobody read reports mean clinic wait of 41 minutes, 95 percent CI [37, 45]. A manager writes: 'There is a 95 percent chance the true mean is between 37 and 45.' The correct objection is:  ||  A) The interval should have been reported at the 90 percent level  |  B) The sample mean is not 41  |  C) The confidence interval is far too narrow to support any interpretation  |  D) Probability attaches to the procedure, not to this fixed interval [X]",10
1204,AK-41,Sampling and standard error,theme,Themed sets,7,Confidence Intervals,7,kay,Ironic Healthcare (in the style of Adam Kay),exam1,lab2,,,,,,,4,1,2 hours,105,7,8.3,-1.3,1,Q: A trust samples 100 discharge summaries; SD of turnaround is 20 hours. The standard error of the mean is:  ||  A) 2 hours [X]  |  B) 20 hours  |  C) 0.2 hours  |  D) 10 hours,16
1205,AK-42,Confidence intervals,theme,Themed sets,7,Confidence Intervals,7,kay,Ironic Healthcare (in the style of Adam Kay),exam1,lab2,,,,,,,4,3,Increasing the sample size,195,26,24.0,2.0,0,"Q: Asked for a narrower margin of error on wait times without changing confidence, and with no extra staff to collect data, the committee should understand that the only reliable lever available is:  ||  A) Rounding the mean  |  B) Reporting the median instead  |  C) Increasing the sample size [X]  |  D) Removing inconvenient wards",14
1206,AK-43,Hypothesis testing,theme,Themed sets,8,Hypothesis Testing and Sampling Error,8,kay,Ironic Healthcare (in the style of Adam Kay),exam2,lab3,,,,,,,4,3,Mean discharge time is equal under both checklists,98,50,47.7,2.3,0,Q: A new discharge checklist is tested against the old one. Which is the appropriate null hypothesis?  ||  A) The new checklist improves mean discharge time relative to the old one  |  B) The checklist was expensive  |  C) Mean discharge time is equal under both checklists [X]  |  D) Mean discharge time differs between checklists,7
1207,AK-44,Hypothesis testing,theme,Themed sets,8,Hypothesis Testing and Sampling Error,8,kay,Ironic Healthcare (in the style of Adam Kay),exam2,lab3,,,,,,,4,4,"If the null were true, data this extreme or more would occur 3 percent of the time",156,82,48.7,33.3,1,"Q: The ward reports p = 0.03 for a new triage form and declares victory. A colleague, unimpressed, asks what p = 0.03 actually means. The correct statement is:  ||  A) There is only a 3 percent chance that the null hypothesis is true, given the observed data  |  B) The effect is large  |  C) The form works 97 percent of the time  |  D) If the null were true, data this extreme or more would occur 3 percent of the time [X]",10
1208,AK-45,Hypothesis testing,theme,Themed sets,8,Hypothesis Testing and Sampling Error,8,kay,Ironic Healthcare (in the style of Adam Kay),exam2,lab3,,,,,,,4,1,The result is statistically significant but may not be practically significant,159,78,64.3,13.7,1,"Q: With n = 40,000 records, a new form shortens mean documentation time by 4 seconds, p < 0.001. Management orders a rollout. The soundest statistical comment is:  ||  A) The result is statistically significant but may not be practically significant [X]  |  B) A p-value below 0.001 demonstrates that the effect is large enough to justify rollout  |  C) A significant result cannot occur with large samples  |  D) The null hypothesis has been proven false with certainty",10
1209,AK-46,Test selection,theme,Themed sets,9,Which Test · t-Tests,9,kay,Ironic Healthcare (in the style of Adam Kay),exam2,lab3,,,,,,,4,2,Paired-samples t-test,134,21,23.3,-2.3,1,Q: The same 30 registrars are timed on handover before and after a training day nobody wanted. Which test compares the two sets of times?  ||  A) Independent-samples t-test  |  B) Paired-samples t-test [X]  |  C) One-way ANOVA  |  D) Chi-square test of independence,8
1210,AK-47,t-tests,theme,Themed sets,9,Which Test · t-Tests,9,kay,Ironic Healthcare (in the style of Adam Kay),exam2,lab3,,,,,,,4,3,Independent-samples t-test,110,26,31.7,-5.7,0,"Q: Two separate wards, staffed by different people, are compared on mean length of stay. The appropriate test is:  ||  A) Paired t-test on the same registrars  |  B) Repeated-measures ANOVA across the wards  |  C) Independent-samples t-test [X]  |  D) Pearson correlation",12
1211,AK-48,Effect size,theme,Themed sets,9,Which Test · t-Tests,9,kay,Ironic Healthcare (in the style of Adam Kay),exam2,lab3,,,,,,,4,1,A small standardised difference between group means,121,51,43.3,7.7,1,Q: A pilot reports Cohen's d = 0.22 for a new rota. The committee wants one number by Friday and asks what d = 0.22 conveys.  ||  A) A small standardised difference between group means [X]  |  B) A 22 percent improvement in the rota  |  C) A statistically significant result  |  D) The proportion of outcome variance explained by the new rota,5
1212,AK-49,ANOVA,theme,Themed sets,10,ANOVA and Post-Hoc Comparisons,10,kay,Ironic Healthcare (in the style of Adam Kay),exam2,lab3,,,,,,,4,3,Multiple tests inflate the familywise Type I error rate,110,55,49.7,5.3,0,Q: Mean discharge times are compared across three wards in a single analysis. Why not run three separate t-tests?  ||  A) t-tests require exactly equal sample sizes in every group  |  B) t-tests cannot handle continuous outcome variables such as minutes  |  C) Multiple tests inflate the familywise Type I error rate [X]  |  D) ANOVA is faster to compute,19
1213,AK-50,ANOVA,theme,Themed sets,10,ANOVA and Post-Hoc Comparisons,10,kay,Ironic Healthcare (in the style of Adam Kay),exam2,lab3,,,,,,,4,4,Run post-hoc comparisons such as Tukey HSD,135,42,46.3,-4.3,1,"Q: A one-way ANOVA across four clinics gives F = 5.9, p = 0.001. The committee asks which clinic is the problem. The correct next step is:  ||  A) Report the F ratio as the answer  |  B) Rerun the ANOVA after excluding the worst-performing clinic  |  C) Convert the F ratio to a correlation coefficient  |  D) Run post-hoc comparisons such as Tukey HSD [X]",9
1214,AK-51,Assumptions and diagnostics,theme,Themed sets,12,Multiple Regression and Diagnostics,12,kay,Ironic Healthcare (in the style of Adam Kay),exam2,lab4,,,,,,,4,4,"Non-constant error variance, which undermines the standard errors",174,65,45.0,20.0,0,"Q: A model predicting wait time produces a residual plot that fans outward as predicted wait rises. The registrar who drew it is told it is 'just noise'. The correct reading is:  ||  A) The residuals are normally distributed and independent of the fitted values  |  B) The model has no intercept  |  C) The relationship is exactly linear  |  D) Non-constant error variance, which undermines the standard errors [X]",12
1215,AK-52,Correlation,theme,Themed sets,11,Correlation and Regression,11,kay,Ironic Healthcare (in the style of Adam Kay),exam2,lab4,,,,,,,4,2,Correlation does not establish causation; a confounder may drive both,149,69,61.3,7.7,1,"Q: Across 60 wards, the number of laminated posters correlates with faster discharge, r = 0.44. The QI lead orders more posters. The correct caution is:  ||  A) An r of 0.44 indicates a negative relationship  |  B) Correlation does not establish causation; a confounder may drive both [X]  |  C) Correlation requires a minimum of 100 wards to be interpreted  |  D) An r above 0.40 is conventionally treated as sufficient evidence of causation",12
1216,AK-53,Regression,theme,Themed sets,11,Correlation and Regression,11,kay,Ironic Healthcare (in the style of Adam Kay),exam2,lab4,,,,,,,4,4,Each additional staff member is associated with 3.2 fewer predicted minutes of wait,117,83,72.0,11.0,1,Q: Regressing wait time on staffing gives slope -3.2 minutes per additional staff member. The correct interpretation is:  ||  A) Wait time falls by 3.2 percent for each additional staff member  |  B) Staffing explains 3.2 percent of the variance in ward-level wait times  |  C) Three point two additional staff are required to reduce the mean wait by one minute  |  D) Each additional staff member is associated with 3.2 fewer predicted minutes of wait [X],31
1217,AK-54,Factor analysis,theme,Themed sets,13,Factor Analysis,13,kay,Ironic Healthcare (in the style of Adam Kay),none,none,,,,,,,4,1,"Scree plot and variance explained favour a smaller, interpretable set",269,69,50.0,19.0,1,"Q: A 24-item staff-morale survey returns six components with eigenvalues above 1, but the first three account for most of the explained variance. An administrator wants all six retained because six sounds thorough. The standard statistical grounds for retaining fewer are:  ||  A) Scree plot and variance explained favour a smaller, interpretable set [X]  |  B) Six factors always overfit any survey  |  C) Eigenvalues above 1 are never meaningful in survey data of this length  |  D) Rotation removes the need to retain factors",4
1218,AK-55,Multiple regression,theme,Themed sets,12,Multiple Regression and Diagnostics,12,kay,Ironic Healthcare (in the style of Adam Kay),exam2,lab4,,,,,,,4,2,"Multicollinearity, indicated by high VIF",169,40,46.0,-6.0,0,"Q: A model predicting length of stay includes both 'nurses per bed' and 'beds per nurse'. Standard errors balloon and signs flip between runs. The most likely diagnosis is:  ||  A) Heteroscedasticity in the residual variance  |  B) Multicollinearity, indicated by high VIF [X]  |  C) Type II error from an underpowered sample  |  D) A non-normal outcome variable requiring transformation",11
1219,AK-56,Factor analysis,theme,Themed sets,13,Factor Analysis,13,kay,Ironic Healthcare (in the style of Adam Kay),none,none,,,,,,,4,4,The shared content of its high-loading items,198,44,49.7,-5.7,1,"Q: A staff-morale survey yields a factor on which 'I am told about changes late', 'Decisions are unexplained', and 'Feedback disappears' load above 0.70. The defensible basis for naming this factor is:  ||  A) Its eigenvalue relative to the other retained factors  |  B) The number of items included in the survey  |  C) The percentage of respondents who completed the survey  |  D) The shared content of its high-loading items [X]",1
1220,SKC-31,Normal curve,theme,Themed sets,6,The Normal Curve and z-Scores,6,skc,Sporting KC,exam1,lab2,,,,,,,4,1,1.50,209,4,4.0,0.0,1,"Q: A club analyst treats match attendance at Children's Mercy Park as roughly normal with a mean of 18,000 and a standard deviation of 1,500 in her working dataset. What is the z-score for a match drawing 20,250?  ||  A) 1.50 [X]  |  B) 0.67  |  C) 2.25  |  D) 1.15",12
1221,SKC-32,Normal curve,theme,Themed sets,6,The Normal Curve and z-Scores,6,skc,Sporting KC,exam1,lab2,,,,,,,4,2,The time is two standard deviations faster than average,182,55,46.7,8.3,1,Q: An academy fitness coach reports that a trialist's sprint time has a z-score of -2.0 on a normally distributed scouting measure where lower times are faster. What does this indicate?  ||  A) The time is two standard deviations slower than average  |  B) The time is two standard deviations faster than average [X]  |  C) The time sits near the 50th percentile  |  D) The z-score cannot be read without the raw mean,33
1222,SKC-33,Confidence intervals,theme,Themed sets,7,Confidence Intervals,7,skc,Sporting KC,exam1,lab2,,,,,,,4,3,The procedure captures the true population mean in 95 percent of such samples,186,77,69.0,8.0,1,Q: A survey of Cauldron season-ticket holders yields a 95 percent confidence interval of 7.2 to 8.0 for mean satisfaction on a 10-point scale. Which statement is the correct interpretation?  ||  A) Ninety-five percent of supporters rated satisfaction between 7.2 and 8.0  |  B) There is a 95 percent chance the sample mean falls in this range  |  C) The procedure captures the true population mean in 95 percent of such samples [X]  |  D) Ninety-five percent of future surveys would produce this exact interval,13
1223,SKC-34,Sampling and standard error,theme,Themed sets,7,Confidence Intervals,7,skc,Sporting KC,exam1,lab2,,,,,,,4,1,Increase the sample size,162,24,46.0,-22.0,0,Q: The front office wants a narrower confidence interval for mean concessions spending per fan without lowering the confidence level. Which change accomplishes this?  ||  A) Increase the sample size [X]  |  B) Report the standard deviation instead of the standard error  |  C) Raise the confidence level to 99 percent  |  D) Survey only fans seated in the Cauldron,19
1224,SKC-35,Confidence intervals,theme,Themed sets,7,Confidence Intervals,7,skc,Sporting KC,exam1,lab2,,,,,,,4,2,The half-width added to and subtracted from the point estimate,169,62,43.0,19.0,1,Q: A ticketing analyst estimates the mean number of matches attended per season-ticket holder with a margin of error of 1.4 matches. What does the margin of error describe?  ||  A) The largest error any single respondent made  |  B) The half-width added to and subtracted from the point estimate [X]  |  C) The standard deviation of the raw responses  |  D) The probability that the estimate is wrong,11
1225,SKC-36,Hypothesis testing,theme,Themed sets,8,Hypothesis Testing and Sampling Error,8,skc,Sporting KC,exam2,lab3,,,,,,,4,3,Mean possession equals 50 percent,161,33,40.3,-7.3,1,Q: An analyst asks whether SKC's mean possession share differs from 50 percent across a hypothetical set of league matches. What is the appropriate null hypothesis?  ||  A) Mean possession is greater than 50 percent  |  B) Mean possession differs from 50 percent  |  C) Mean possession equals 50 percent [X]  |  D) The sample mean equals the sample median,9
1226,SKC-37,Hypothesis testing,theme,Themed sets,8,Hypothesis Testing and Sampling Error,8,skc,Sporting KC,exam2,lab3,,,,,,,4,2,The probability of data this extreme or more extreme if the null were true,119,74,47.7,26.3,1,Q: A test comparing home and away expected goals returns p = 0.03 with alpha set at 0.05. What does the p-value represent?  ||  A) The probability that the null hypothesis is true  |  B) The probability of data this extreme or more extreme if the null were true [X]  |  C) The probability that the finding will replicate next season  |  D) The size of the home-field advantage,8
1227,SKC-38,Hypothesis testing,theme,Themed sets,8,Hypothesis Testing and Sampling Error,8,skc,Sporting KC,exam2,lab3,,,,,,,4,3,Type I error,151,12,16.0,-4.0,0,Q: The front office concludes that a new warmup protocol reduces soft-tissue injuries when in truth the protocol has no effect. Which error has been made?  ||  A) Type II error  |  B) Sampling bias  |  C) Type I error [X]  |  D) Regression to the mean,12
1228,SKC-39,Test selection,theme,Themed sets,9,Which Test · t-Tests,9,skc,Sporting KC,exam2,lab3,,,,,,,4,4,Paired-samples t-test,157,21,23.3,-2.3,1,Q: An analyst records each academy player's vertical jump before and after a 12-week strength block and wants to test whether the mean changed. Which test fits?  ||  A) Independent-samples t-test  |  B) One-way ANOVA  |  C) Chi-square test of independence  |  D) Paired-samples t-test [X],28
1229,SKC-40,t-tests,theme,Themed sets,9,Which Test · t-Tests,9,skc,Sporting KC,exam2,lab3,,,,,,,4,1,Independent-samples t-test,159,26,24.0,2.0,0,"Q: To compare mean expected goals in home matches versus away matches, using two separate sets of matches with no pairing between them, which test is appropriate?  ||  A) Independent-samples t-test [X]  |  B) Paired-samples t-test  |  C) One-sample test for a proportion  |  D) Pearson correlation",11
1230,SKC-41,Effect size,theme,Themed sets,9,Which Test · t-Tests,9,skc,Sporting KC,exam2,lab3,,,,,,,4,4,Large,166,5,6.0,-1.0,1,"Q: A comparison of two preseason training regimens on a composite fitness score yields Cohen's d = 0.82. By conventional benchmarks, how should this effect be described?  ||  A) Small  |  B) Trivial  |  C) Medium  |  D) Large [X]",9
1231,SKC-42,ANOVA,theme,Themed sets,10,ANOVA and Post-Hoc Comparisons,10,skc,Sporting KC,exam2,lab3,,,,,,,4,2,One-way ANOVA,152,13,28.7,-15.7,0,"Q: A researcher compares mean matchday spending across three seating zones: the Cauldron, the sidelines, and the club level. Which analysis is appropriate?  ||  A) Three separate t-tests with no adjustment  |  B) One-way ANOVA [X]  |  C) Paired-samples t-test  |  D) Simple linear regression",5
1232,SKC-43,ANOVA,theme,Themed sets,10,ANOVA and Post-Hoc Comparisons,10,skc,Sporting KC,exam2,lab3,,,,,,,4,4,It controls the familywise Type I error rate,179,44,40.3,3.7,0,"Q: The seating-zone ANOVA returns a significant F ratio, and the analyst follows it with Tukey's HSD across all pairs. What is the main reason for Tukey rather than repeated t-tests?  ||  A) It raises statistical power at no cost  |  B) It removes the need to check assumptions  |  C) It converts the F ratio into an effect size  |  D) It controls the familywise Type I error rate [X]",10
1233,SKC-44,Correlation,theme,Themed sets,11,Correlation and Regression,11,skc,Sporting KC,exam2,lab4,,,,,,,4,1,36 percent,176,10,10.0,0.0,1,"Q: Across a fictional set of match records, possession share and expected goals correlate at r = 0.60. What proportion of the variance in expected goals is shared with possession?  ||  A) 36 percent [X]  |  B) 60 percent  |  C) 77 percent  |  D) 30 percent",14
1234,SKC-45,Regression,theme,Themed sets,11,Correlation and Regression,11,skc,Sporting KC,exam2,lab4,,,,,,,4,3,Each additional promotion day predicts about 120 more attendees,126,63,45.0,18.0,1,Q: A regression predicting attendance from days of advance promotion yields a slope of 120. How should this slope be interpreted?  ||  A) Average attendance is 120  |  B) Promotion explains 120 percent of attendance variance  |  C) Each additional promotion day predicts about 120 more attendees [X]  |  D) Each additional attendee predicts 120 more promotion days,18
1235,SKC-46,Multiple regression,theme,Themed sets,12,Multiple Regression and Diagnostics,12,skc,Sporting KC,exam2,lab4,,,,,,,4,2,Multicollinearity,190,17,17.0,0.0,1,"Q: A model predicts attendance from ticket price, opponent ranking, and forecast temperature. Two predictors correlate at 0.95 and their VIF values are very high. What problem does this signal?  ||  A) Heteroscedasticity  |  B) Multicollinearity [X]  |  C) Nonlinearity  |  D) Autocorrelated errors",16
1236,SKC-47,Multiple regression,theme,Themed sets,12,Multiple Regression and Diagnostics,12,skc,Sporting KC,exam2,lab4,,,,,,,4,3,The new predictor does not earn its place in the model,138,54,47.3,6.7,0,Q: Adding a fourth predictor to the attendance model raises R-squared slightly but lowers adjusted R-squared. What does this pattern suggest?  ||  A) The new predictor violates the normality assumption  |  B) The model now explains less variance than before  |  C) The new predictor does not earn its place in the model [X]  |  D) Adjusted R-squared was computed incorrectly,11
1237,SKC-48,Assumptions and diagnostics,theme,Themed sets,12,Multiple Regression and Diagnostics,12,skc,Sporting KC,exam2,lab4,,,,,,,4,4,Constant variance of the residuals,151,34,28.3,5.7,0,Q: A plot of residuals against predicted attendance shows a funnel that widens as predicted values increase. Which assumption is most clearly in question?  ||  A) Linearity of the relationship  |  B) Independence of observations  |  C) Absence of multicollinearity  |  D) Constant variance of the residuals [X],15
1238,SKC-49,Factor analysis,theme,Themed sets,13,Factor Analysis,13,skc,Sporting KC,none,none,,,,,,,4,4,The item is strongly associated with that underlying factor,189,59,39.0,20.0,0,"Q: In a supporter survey, items on tifo displays, chanting, and away travel load strongly on one factor, while ticket price and parking cost load on another. What does a high loading indicate?  ||  A) The item caused the factor to emerge  |  B) The item is uncorrelated with the factor  |  C) The item should be dropped from the scale  |  D) The item is strongly associated with that underlying factor [X]",5
1239,SKC-50,Factor analysis,theme,Themed sets,13,Factor Analysis,13,skc,Sporting KC,none,none,,,,,,,4,1,To make the loading pattern simpler and easier to interpret,154,59,50.7,8.3,1,"Q: The same supporter survey produces two factors with eigenvalues above 1.0, and the analyst applies varimax rotation. What is the purpose of rotation here?  ||  A) To make the loading pattern simpler and easier to interpret [X]  |  B) To increase the total variance the factors explain  |  C) To guarantee the factors are correlated with each other  |  D) To replace missing responses in the survey data",6
1240,TV-36,Normal curve,theme,Themed sets,6,The Normal Curve and z-Scores,6,taylor,Taylor's Version,exam1,lab2,,,,,,,4,2,About 68 percent,236,16,16.7,-0.7,1,Q: A fan-run analyst logs the length of 500 hypothetical tour setlists. The distribution is roughly normal with a mean of 44 songs and a standard deviation of 3 songs. Approximately what percentage of setlists fall between 41 and 47 songs?  ||  A) About 50 percent  |  B) About 68 percent [X]  |  C) About 95 percent  |  D) About 99.7 percent,12
1241,TV-37,Normal curve,theme,Themed sets,6,The Normal Curve and z-Scores,6,taylor,Taylor's Version,exam1,lab2,,,,,,,4,1,2.00,202,4,4.3,-0.3,1,"Q: In a hypothetical dataset, minutes spent making friendship bracelets before a show are normally distributed with mean 90 and standard deviation 20. A fan reports 130 minutes. What is this fan's z-score?  ||  A) 2.00 [X]  |  B) 1.50  |  C) 0.50  |  D) 40.00",30
1242,TV-38,Multiple regression,theme,Themed sets,12,Multiple Regression and Diagnostics,12,taylor,Taylor's Version,exam2,lab4,,,,,,,4,3,"Shows attended is highly collinear with the other predictors, inflating its standard error",165,90,49.3,40.7,1,"Q: An analyst regresses fan spending on shows attended, miles traveled to shows, and nights of lodging booked. Shows attended has a VIF of 9.5. What does this indicate?  ||  A) The predictor explains 9.5 percent of the variance in spending  |  B) The residuals are strongly non-normal  |  C) Shows attended is highly collinear with the other predictors, inflating its standard error [X]  |  D) The model needs 9.5 times more cases to be stable",13
1243,TV-39,Confidence intervals,theme,Themed sets,7,Confidence Intervals,7,taylor,Taylor's Version,exam1,lab2,,,,,,,4,3,We are 95 percent confident the population mean lies between $79 and $91,191,72,63.3,8.7,1,"Q: An analyst surveys 400 concert attendees and estimates mean spending on merchandise as $85, with a 95 percent confidence interval of [$79, $91]. Which statement is the correct interpretation?  ||  A) Ninety-five percent of attendees spent between $79 and $91  |  B) There is a 95 percent probability the sample mean lies in this interval  |  C) We are 95 percent confident the population mean lies between $79 and $91 [X]  |  D) The interval contains 95 percent of all possible sample means",34
1244,TV-40,Sampling and standard error,theme,Themed sets,7,Confidence Intervals,7,taylor,Taylor's Version,exam1,lab2,,,,,,,4,1,The sample size must be about four times larger,164,47,39.0,8.0,0,"Q: An analyst wants to halve the margin of error in an estimate of mean vinyl-variant purchases per fan, keeping confidence and variability the same. What must change?  ||  A) The sample size must be about four times larger [X]  |  B) The sample size must be about twice as large  |  C) The standard deviation must be halved  |  D) The confidence level must be doubled",11
1245,TV-41,Confidence intervals,theme,Themed sets,7,Confidence Intervals,7,taylor,Taylor's Version,exam1,lab2,,,,,,,4,4,The 99 percent interval is wider because greater confidence requires more coverage,164,82,60.0,22.0,1,"Q: Using the same hypothetical sample of streaming hours, an analyst computes both a 90 percent and a 99 percent confidence interval for the mean. How do they compare?  ||  A) The 99 percent interval is narrower because it is more precise  |  B) The two intervals have the same width but different centers  |  C) The 90 percent interval is wider because it is less certain  |  D) The 99 percent interval is wider because greater confidence requires more coverage [X]",15
1246,TV-42,Hypothesis testing,theme,Themed sets,8,Hypothesis Testing and Sampling Error,8,taylor,Taylor's Version,exam2,lab3,,,,,,,4,2,H0: the population means are equal; H1: the population means differ,175,67,65.3,1.7,0,Q: A researcher asks whether mean listener ratings differ between an original album and its re-recorded version. Which pair states the hypotheses correctly for a two-tailed test?  ||  A) H0: the sample means are equal; H1: the sample means differ  |  B) H0: the population means are equal; H1: the population means differ [X]  |  C) H0: the population means differ; H1: the population means are equal  |  D) H0: the re-recording is rated higher; H1: the original is rated higher,11
1247,TV-43,Hypothesis testing,theme,Themed sets,8,Hypothesis Testing and Sampling Error,8,taylor,Taylor's Version,exam2,lab3,,,,,,,4,1,The result is statistically significant but likely trivial in practical terms,197,77,53.7,23.3,1,"Q: In a hypothetical study of 50,000 streaming accounts, an analyst finds that mean daily listening differs between two playlist designs by 4 seconds, p = .001. What is the most defensible conclusion?  ||  A) The result is statistically significant but likely trivial in practical terms [X]  |  B) The large p-value shows the difference is unimportant  |  C) The effect is large because the sample size is large  |  D) Statistical significance guarantees practical importance",11
1248,TV-44,Hypothesis testing,theme,Themed sets,8,Hypothesis Testing and Sampling Error,8,taylor,Taylor's Version,exam2,lab3,,,,,,,4,3,"Type I error, rejecting a true null hypothesis",149,46,37.7,8.3,0,"Q: An analyst concludes that fans who own vinyl variants attend more shows, but in the population there is truly no difference. What error has occurred?  ||  A) Type II error, failing to detect a real effect  |  B) Sampling bias rather than an inferential error  |  C) Type I error, rejecting a true null hypothesis [X]  |  D) Low statistical power",12
1249,TV-45,Test selection,theme,Themed sets,9,Which Test · t-Tests,9,taylor,Taylor's Version,exam2,lab3,,,,,,,4,4,Paired-samples t-test,155,21,23.3,-2.3,1,Q: Each of 60 fans rates the same song twice: once from the original release and once from the re-recorded version. Which test best compares the mean ratings?  ||  A) Independent-samples t-test  |  B) One-way ANOVA  |  C) Chi-square test of independence  |  D) Paired-samples t-test [X],12
1250,TV-46,t-tests,theme,Themed sets,9,Which Test · t-Tests,9,taylor,Taylor's Version,exam2,lab3,,,,,,,4,4,"Two independent groups, independent-samples t-test",171,50,35.7,14.3,0,"Q: An analyst compares mean bracelets traded by fans attending one show versus fans attending two or more shows. Groups contain different people. Which design and test apply?  ||  A) Two related groups, paired t-test  |  B) One group measured twice, paired t-test  |  C) Three or more groups, one-way ANOVA  |  D) Two independent groups, independent-samples t-test [X]",14
1251,TV-47,Effect size,theme,Themed sets,9,Which Test · t-Tests,9,taylor,Taylor's Version,exam2,lab3,,,,,,,4,1,A small effect,122,14,20.7,-6.7,1,"Q: A hypothetical comparison of singalong loudness between two tour legs yields Cohen's d = 0.22. How is this best described?  ||  A) A small effect [X]  |  B) A moderate effect  |  C) A large effect  |  D) No effect, since d is below 1.0",10
1252,TV-48,ANOVA,theme,Themed sets,10,ANOVA and Post-Hoc Comparisons,10,taylor,Taylor's Version,exam2,lab3,,,,,,,4,3,At least one era mean differs from at least one other,147,53,49.0,4.0,0,Q: An analyst compares mean fan-rated energy scores across four eras using one-way ANOVA and obtains a significant F. What does this result establish?  ||  A) Every era mean differs from every other era mean  |  B) The two most extreme era means differ significantly  |  C) At least one era mean differs from at least one other [X]  |  D) The eras differ in variance rather than in means,8
1253,TV-49,ANOVA,theme,Themed sets,10,ANOVA and Post-Hoc Comparisons,10,taylor,Taylor's Version,exam2,lab3,,,,,,,4,2,It controls the inflated familywise Type I error rate,128,53,50.3,2.7,0,"Q: Following a significant ANOVA across five eras, why would a researcher use Tukey's HSD rather than running all pairwise t-tests?  ||  A) It increases statistical power by ignoring group variances  |  B) It controls the inflated familywise Type I error rate [X]  |  C) It converts the F ratio into an effect size  |  D) It corrects violations of the normality assumption",15
1254,TV-50,Factor analysis,theme,Themed sets,13,Factor Analysis,13,taylor,Taylor's Version,none,none,,,,,,,4,3,"Dropped, since it accounts for less variance than a single item",175,63,41.3,21.7,1,"Q: In a factor analysis of a 30-item fan survey, the first extracted component has an eigenvalue of 0.65. Under the common Kaiser criterion, how should this component be treated?  ||  A) Retained only after oblique rotation  |  B) Retained because the eigenvalue is positive  |  C) Dropped, since it accounts for less variance than a single item [X]  |  D) Dropped, because eigenvalues must exceed 0.30",7
1255,TV-51,Correlation,theme,Themed sets,11,Correlation and Regression,11,taylor,Taylor's Version,exam2,lab4,,,,,,,4,3,36 percent,182,10,9.7,0.3,1,"Q: In a hypothetical fan dataset, hours of playlist listening and number of bracelets made correlate at r = .60. What proportion of variance in bracelets is shared with listening hours?  ||  A) 6 percent  |  B) 60 percent  |  C) 36 percent [X]  |  D) 77 percent",12
1256,TV-52,Regression,theme,Themed sets,11,Correlation and Regression,11,taylor,Taylor's Version,exam2,lab4,,,,,,,4,2,Each additional show is associated with $22 more predicted spending,163,67,51.3,15.7,1,"Q: A regression predicting merchandise spending from concert attendance yields the equation Y-hat = 30 + 22X, where X is shows attended. How is the slope interpreted?  ||  A) Fans attending zero shows spend $22 on average  |  B) Each additional show is associated with $22 more predicted spending [X]  |  C) Attendance explains 22 percent of variance in spending  |  D) Attending more shows causes a $22 increase in spending",13
1257,TV-53,What statistics cannot do,theme,Themed sets,11,Correlation and Regression,11,taylor,Taylor's Version,exam2,lab4,,,,,,,4,4,A correlation from observational data does not establish causation,206,66,49.7,16.3,0,"Q: A blogger notes that in an observational fan survey, cities with more bracelet-trading posts also had higher local merchandise sales, and concludes that bracelet trading drives sales. What is the main flaw?  ||  A) The correlation coefficient cannot be computed from survey data  |  B) The sample was too large to detect an effect  |  C) Correlation requires categorical variables  |  D) A correlation from observational data does not establish causation [X]",10
1258,TV-54,Multiple regression,theme,Themed sets,12,Multiple Regression and Diagnostics,12,taylor,Taylor's Version,exam2,lab4,,,,,,,4,1,"The change in engagement per listening hour, holding shows attended constant",168,76,59.0,17.0,1,"Q: In a model predicting fan engagement scores from listening hours and shows attended, the partial slope for listening hours is 1.4. What does this coefficient represent?  ||  A) The change in engagement per listening hour, holding shows attended constant [X]  |  B) The total variance in engagement explained by listening hours  |  C) The correlation between listening hours and engagement  |  D) The predicted engagement score when both predictors equal zero",21
1259,TV-55,Factor analysis,theme,Themed sets,13,Factor Analysis,13,taylor,Taylor's Version,none,none,,,,,,,4,2,Live-event engagement,218,21,22.0,-1.0,1,"Q: A fan survey yields a factor on which items about attending shows, buying tour merchandise, and traveling to venues all load above .70, while lyric-analysis items load near zero. What is the best label for this factor?  ||  A) Overall fandom intensity  |  B) Live-event engagement [X]  |  C) Lyrical interpretation  |  D) Survey response bias",5
1260,DITW-01,The three questions,authored,Written to the LD 810 lecture slides,1,Why Statistics for Leaders,1,,,exam1,lab1,,,,,,,4,1,"Who counts as a health worker, and where the number came from",117,61,57.3,3.7,1,"Q: A global report states that 7 in 10 health workers are women. Which question does this course teach you to ask FIRST?  ||  A) Who counts as a health worker, and where the number came from [X]  |  B) Whether the finding is convenient for the report's sponsor  |  C) How widely the report was shared after it was published  |  D) Whether the percentage sits above or below the halfway mark",9
1261,DITW-02,Descriptive vs inferential,authored,Written to the LD 810 lecture slides,1,Why Statistics for Leaders,1,,,exam1,lab1,,,,,,,4,1,"Inferential, because the claim reaches beyond those measured",159,60,56.3,3.7,1,"Q: A firm surveys 400 chief executives and reports that 71 percent feel like impostors, then writes about what 'CEOs' believe. Moving from the 400 to all CEOs is:  ||  A) Inferential, because the claim reaches beyond those measured [X]  |  B) Descriptive, because 71 percent describes the respondents  |  C) Invalid by definition, since samples cannot support claims  |  D) A census, because every executive surveyed was counted",6
1262,DITW-03,What statistics cannot do,authored,Written to the LD 810 lecture slides,1,Why Statistics for Leaders,1,,,exam1,lab1,,,,,,,4,3,That a pre-existing trend is a rival explanation,158,48,45.3,2.7,0,Q: An official credits a new policy for a drop in crime. Analysts note the decline began before the policy took effect. What does the timing objection establish?  ||  A) That the crime data must have been fabricated  |  B) That the policy definitely made the problem worse  |  C) That a pre-existing trend is a rival explanation [X]  |  D) That the sample of years was far too small,3
1263,DITW-04,Claims and evidence,authored,Written to the LD 810 lecture slides,1,Why Statistics for Leaders,1,,,exam1,lab1,,,,,,,4,3,"The first names a measured quantity and a source, so it is checkable",176,68,62.3,5.7,1,"Q: Two statements reach a leadership meeting: 'Scam losses hit $16 billion last year, per federal complaint data' and 'Fraud feels worse than ever this year.' What separates them?  ||  A) Nothing; both are claims about the scale of fraud losses today  |  B) The second is more reliable because it reflects lived experience  |  C) The first names a measured quantity and a source, so it is checkable [X]  |  D) The first is the opinion here and the second is the statistic",7
1264,DITW-05,The three questions,authored,Written to the LD 810 lecture slides,1,Why Statistics for Leaders,1,,,exam1,lab1,,,,,,,4,3,"The second, because it asks how the number was produced",199,55,58.7,-3.7,0,"Q: A classmate responds to a statistic about youth health outcomes by asking why the problem exists. A second asks how the rate was measured and against what baseline. Which is the statistical question?  ||  A) Both, because any question about data is a statistical one  |  B) Neither, because both are commentary rather than analysis  |  C) The second, because it asks how the number was produced [X]  |  D) The first, because it addresses the causes behind the outcome",8
1265,DITW-06,Levels of measurement,authored,Written to the LD 810 lecture slides,2,Variables and the Shape of Data,2,,,exam1,lab1,,,,,,,4,2,Interval or ratio to nominal,167,28,24.0,4.0,1,"Q: To support a claim about a hot summer, an analyst converts each day's high temperature into a yes/no indicator for 'reached 80 degrees.' The variable has changed from:  ||  A) Nominal to ratio  |  B) Interval or ratio to nominal [X]  |  C) Ordinal to interval  |  D) Ratio to ordinal with five categories",26
1266,DITW-07,Levels of measurement,authored,Written to the LD 810 lecture slides,2,Variables and the Shape of Data,2,,,exam1,lab1,,,,,,,4,2,"Nominal, because it names a category that cannot be ranked",127,58,56.3,1.7,1,"Q: A workforce report records each health worker's country of employment across 204 countries. Country is measured at which level?  ||  A) Ratio, because a value of zero would mean no country  |  B) Nominal, because it names a category that cannot be ranked [X]  |  C) Interval, because the gaps between countries are equal  |  D) Ordinal, because some countries employ more workers than others",9
1267,DITW-08,Chart choice,authored,Written to the LD 810 lecture slides,2,Variables and the Shape of Data,2,,,exam1,lab1,,,,,,,4,4,The truncated axis makes a four percent change look dramatic,136,60,59.0,1.0,1,"Q: A chart shows a crime rate moving from 480 to 500 per 100,000, with the vertical axis running only from 470 to 510. What is the problem?  ||  A) There is no problem, since the plotted values are accurate  |  B) The axis should always begin just below the smallest value  |  C) Crime rates should always be displayed as a pie chart instead  |  D) The truncated axis makes a four percent change look dramatic [X]",8
1268,DITW-09,Variables and design,authored,Written to the LD 810 lecture slides,2,Variables and the Shape of Data,2,,,exam1,lab1,,,,,,,4,1,Independent variable,159,20,18.0,2.0,0,"Q: A researcher asks whether switching to a new crime-reporting system changed the number of offenses recorded. In that study, the reporting system in use is the:  ||  A) Independent variable [X]  |  B) Outcome variable  |  C) Confounding variable  |  D) Dependent variable",7
1269,DITW-10,Shape of data,authored,Written to the LD 810 lecture slides,2,Variables and the Shape of Data,2,,,exam1,lab1,,,,,,,4,1,Positively skewed,162,17,11.0,6.0,0,Q: A consumer agency plots dollar losses for every reported scam. Most victims lose a few hundred dollars; a handful lose hundreds of thousands. The distribution is:  ||  A) Positively skewed [X]  |  B) Uniform  |  C) Negatively skewed  |  D) Symmetric,7
1270,DITW-11,Chart choice,authored,Written to the LD 810 lecture slides,2,Variables and the Shape of Data,2,,,exam1,lab1,,,,,,,4,4,A bar chart comparing the two quantities,130,40,36.7,3.3,1,"Q: To show a documented scam-loss total of $16 billion beside an estimated true total of up to $200 billion, the clearest display is:  ||  A) A scatterplot of losses against estimates  |  B) A histogram of the documented total  |  C) A line graph across the two values  |  D) A bar chart comparing the two quantities [X]",6
1271,DITW-12,Center and spread,authored,Written to the LD 810 lecture slides,3,"Center, Spread and a First Analysis",3,,,exam1,lab1,,,,,,,4,2,It uses every day rather than only days past a cutoff,193,53,48.0,5.0,1,"Q: To support 'warmer than normal,' one analyst counts days at or above 80 degrees; another averages each day's departure from its historical norm. What is the statistical advantage of the second?  ||  A) It converts a ratio variable into a simple count  |  B) It uses every day rather than only days past a cutoff [X]  |  C) It removes any need for historical comparison data  |  D) It is far easier to compute without a computer",8
1272,DITW-13,Center and spread,authored,Written to the LD 810 lecture slides,3,"Center, Spread and a First Analysis",3,,,exam1,lab1,,,,,,,4,2,The variability of monthly changes in prior years,143,49,47.0,2.0,0,"Q: Reading a monthly jobs report, a student asks whether the month's change is 'a normal amount of fluctuation.' Statistically, she is asking for:  ||  A) The mode of monthly changes across the same period  |  B) The variability of monthly changes in prior years [X]  |  C) The mean of the current month taken on its own  |  D) The level of measurement of the jobs variable",23
1273,DITW-14,Center and spread,authored,Written to the LD 810 lecture slides,3,"Center, Spread and a First Analysis",3,,,exam1,lab1,,,,,,,4,1,"The median, because large losses pull the mean off typical",174,58,53.7,4.3,0,"Q: An agency reports both the mean and the median dollar loss per scam report. The mean is far larger. Which should the agency lead with when describing a typical victim's loss?  ||  A) The median, because large losses pull the mean off typical [X]  |  B) The mean, because it uses every observation in the data  |  C) The mean, because medians cannot be computed for money  |  D) Neither; only the mode describes a typical case here",3
1274,DITW-15,Center and spread,authored,Written to the LD 810 lecture slides,3,"Center, Spread and a First Analysis",3,,,exam1,lab1,,,,,,,4,1,The second summer swung much more from day to day,146,49,41.7,7.3,0,"Q: Two summers have the same mean daily temperature anomaly, but one has a standard deviation three times larger. What does that tell a city planner?  ||  A) The second summer swung much more from day to day [X]  |  B) The two summers are statistically identical  |  C) The second summer's data must contain an error  |  D) The second summer was warmer overall",9
1275,DITW-16,Center and spread,authored,Written to the LD 810 lecture slides,3,"Center, Spread and a First Analysis",3,,,exam1,lab1,,,,,,,4,3,0.5 percent,91,11,10.3,0.7,1,"Q: A crime rate of 500 per 100,000 residents, expressed as a percentage of the population, is:  ||  A) 0.05 percent  |  B) 5 percent  |  C) 0.5 percent [X]  |  D) 50 percent",11
1276,DITW-17,Validity,authored,Written to the LD 810 lecture slides,4,Reliability and Validity,4,,,exam1,lab1,,,,,,,4,4,"Construct validity, since one label may cover different constructs",192,66,62.3,3.7,1,"Q: A global report aggregates health-worker counts across 204 countries, where 'nurse' and 'community health worker' are licensed and defined differently. The most serious measurement concern is:  ||  A) Inter-rater reliability, because many analysts coded the records  |  B) Test-retest reliability, because the counts were taken at one time  |  C) Sampling error, because 204 countries is a limited sample  |  D) Construct validity, since one label may cover different constructs [X]",8
1277,DITW-18,Reliability,authored,Written to the LD 810 lecture slides,4,Reliability and Validity,4,,,exam1,lab1,,,,,,,4,2,Consistency of measurement across time as the instrument changes,186,64,57.0,7.0,1,Q: A weather station has moved twice and changed sensor type three times in 130 years. A claim compares this year's hot-day count to the 130-year average. Which reliability concern applies?  ||  A) Inter-rater reliability between the forecasters on duty  |  B) Consistency of measurement across time as the instrument changes [X]  |  C) Parallel-forms reliability across the two sensor models  |  D) Internal consistency among the items on the temperature scale,11
1278,DITW-19,Reliability,authored,Written to the LD 810 lecture slides,4,Reliability and Validity,4,,,exam1,lab1,,,,,,,4,3,"The instrument changed, so that year is not comparable to others",195,64,62.3,1.7,0,"Q: A national crime dataset switched reporting systems in one year, so that year's figures come from different inputs than those around it. A trend line includes it unflagged. The best criticism is:  ||  A) A different chart type would resolve the comparability problem  |  B) The newer year should be weighted more heavily than older years  |  C) The instrument changed, so that year is not comparable to others [X]  |  D) There is no issue, since one agency published every year shown",6
1279,DITW-20,Reliability and validity,authored,Written to the LD 810 lecture slides,4,Reliability and Validity,4,,,exam1,lab1,,,,,,,4,2,That the count is accurate; whether it is the right measure remains open,135,72,65.7,6.3,1,"Q: An analyst verifies that the station really did record 34 days at or above 80 degrees. What has she established, and what remains open?  ||  A) That both reliability and validity are established for this claim  |  B) That the count is accurate; whether it is the right measure remains open [X]  |  C) That validity is established but reliability is still an open question  |  D) That neither can be judged, because a count cannot be verified",6
1280,DITW-21,Validity,authored,Written to the LD 810 lecture slides,4,Reliability and Validity,4,,,exam1,lab1,,,,,,,4,2,The items tap different constructs and can both be accurate,142,59,58.0,1.0,1,"Q: In one survey, 71 percent of executives report feeling like impostors and 85 percent report being fully competent. The best interpretation is:  ||  A) The sample was too small for either percentage to mean much  |  B) The items tap different constructs and can both be accurate [X]  |  C) The survey is unreliable, since the two results contradict  |  D) At least one of the two figures must be a reporting error",3
1281,DITW-22,Validity,authored,Written to the LD 810 lecture slides,4,Reliability and Validity,4,,,exam1,lab1,,,,,,,4,3,Poor content validity; one item cannot represent the construct,134,62,61.7,0.3,0,"Q: A workforce study measures 'burnout' using a single question asking staff whether they feel tired at work. The strongest objection is:  ||  A) The sample is too large, making small differences significant  |  B) Poor test-retest reliability, because moods change from day to day  |  C) Poor content validity; one item cannot represent the construct [X]  |  D) Tiredness is nominal, so it cannot support a burnout score",9
1282,DITW-23,Normal curve,authored,Written to the LD 810 lecture slides,6,The Normal Curve and z-Scores,6,,,exam1,lab2,,,,,,,4,4,+2.0,181,4,4.0,0.0,1,Q: Daily temperature anomalies for a city are roughly normal with a mean of 0 and a standard deviation of 3 degrees. A day running 6 degrees above its historical norm has a z-score of:  ||  A) +1.0  |  B) +3.0  |  C) +6.0  |  D) +2.0 [X],10
1283,DITW-24,Normal curve,authored,Written to the LD 810 lecture slides,6,The Normal Curve and z-Scores,6,,,exam1,lab2,,,,,,,4,4,About 68 percent,173,16,16.7,-0.7,1,"Q: Monthly job changes over many years are roughly normal with a mean of 150,000 and a standard deviation of 60,000. About what share of months fall between 90,000 and 210,000?  ||  A) About 34 percent  |  B) About 99.7 percent  |  C) About 95 percent  |  D) About 68 percent [X]",9
1284,DITW-25,Normal curve,authored,Written to the LD 810 lecture slides,6,The Normal Curve and z-Scores,6,,,exam1,lab2,,,,,,,4,2,This summer's count exceeded about 90 percent of past summers,127,61,57.0,4.0,1,Q: A city's count of days above 80 degrees this summer lands at the 90th percentile of its historical record. What does that mean?  ||  A) Ninety percent of this summer's days went above 80 degrees  |  B) This summer's count exceeded about 90 percent of past summers [X]  |  C) The count came in 90 percent above the historical average  |  D) The result is statistically significant at the .90 level,9
1285,DITW-26,Sampling and standard error,authored,Written to the LD 810 lecture slides,7,Confidence Intervals,7,,,exam1,lab2,,,,,,,4,1,Incorrect; it depends on how the 400 were actually selected,160,59,59.0,0.0,1,"Q: A student proposes judging whether a 400-executive survey is representative by comparing 400 to the total number of executives nationally. The best response is:  ||  A) Incorrect; it depends on how the 400 were actually selected [X]  |  B) Correct; if 400 is at least a tenth of the population it holds  |  C) Correct, because a representative sample must exceed 1,000  |  D) Incorrect; it can only be judged from the margin of error",15
1286,DITW-27,Sampling and standard error,authored,Written to the LD 810 lecture slides,7,Confidence Intervals,7,,,exam1,lab2,,,,,,,4,4,"The margin of error narrows, but recruitment bias remains",80,57,55.3,1.7,1,"Q: A self-selected online survey grows from 400 respondents to 4,000. What changes?  ||  A) Selection bias is removed once the sample passes 1,000  |  B) Both bias and margin of error are eliminated by the increase  |  C) Nothing changes, because the population is unchanged  |  D) The margin of error narrows, but recruitment bias remains [X]",13
1287,DITW-28,Confidence intervals,authored,Written to the LD 810 lecture slides,7,Confidence Intervals,7,,,exam1,lab2,,,,,,,4,1,Roughly 67 to 75 percent,118,24,33.3,-9.3,1,"Q: A survey reports 71 percent with a margin of error of plus or minus 4 points. What range should a reader hold in mind?  ||  A) Roughly 67 to 75 percent [X]  |  B) Roughly 69 to 73 percent  |  C) Roughly 63 to 79 percent  |  D) Exactly 71 percent, since that is the measured value",26
1288,DITW-29,Confidence intervals,authored,Written to the LD 810 lecture slides,7,Confidence Intervals,7,,,exam1,lab2,,,,,,,4,3,A model-based estimate using an assumed reporting rate,151,54,49.0,5.0,1,Q: A report gives $16 billion in documented scam losses and up to $200 billion as the estimated true figure. The $200 billion number is best described as:  ||  A) A more precise measurement than the documented figure  |  B) A typographical error in the published report  |  C) A model-based estimate using an assumed reporting rate [X]  |  D) A confidence interval around the documented total,13
1289,DITW-30,Confidence intervals,authored,Written to the LD 810 lecture slides,7,Confidence Intervals,7,,,exam1,lab2,,,,,,,4,4,The estimate is too imprecise to rule out a much smaller change,143,63,57.7,5.3,1,"Q: A monthly jobs estimate of +162,000 is published with a 90 percent confidence interval of plus or minus 122,000. What should a leader conclude?  ||  A) Ninety percent of industries added jobs during the month  |  B) The survey behind the estimate was conducted incorrectly  |  C) The true change is certainly 162,000, as the estimate reports  |  D) The estimate is too imprecise to rule out a much smaller change [X]",15
